region,arm,cap,matcher,S_A,S_B,recall,scale_kept,scale_lost,scale_B_lost,amp_final,psnr_nucleus,psnr_background,psnr_global,val_psnr,experiment,git_commit,git_dirty,metrics_fingerprint,timestamp,python,cfg_arm,cfg_max_scale,cfg_seed,cfg_region,cfg_k,cfg_iters,cfg_init,cfg_parameterization,cfg_init_scale,cfg_lr_position
z0y528x144,control,,old_buggy,0.7619047619047619,0.4444444444444444,0.6666666666666666,8.031954765319824,10.743520736694336,11.485033988952637,0.2486414909362793,24.119183636375546,24.51013483392485,24.489991705178582,24.463393160637228,rescore_scale_cap,06cbf45,True,3f429367bbdd,2026-09-14T05:04:39,3.11.9,control,,0,z0y528x144,250,3000,coverage,full,2.0,0.0016
z0y528x144,control,,new_fixed,0.7619047619047619,0.4444444444444444,0.6666666666666666,8.031954765319824,10.743520736694336,11.485033988952637,0.2486414909362793,24.119183636375546,24.51013483392485,24.489991705178582,24.463393160637228,rescore_scale_cap,06cbf45,True,3f429367bbdd,2026-09-14T05:04:39,3.11.9,control,,0,z0y528x144,250,3000,coverage,full,2.0,0.0016
z0y528x144,medium,10.0,old_buggy,0.8095238095238095,0.5555555555555556,0.7333333333333333,7.454524993896484,7.982812881469727,8.038351058959961,0.20281997323036194,24.147893009330403,24.4888815360429,24.471409566460235,24.44802181881891,rescore_scale_cap,06cbf45,True,3f429367bbdd,2026-09-14T05:15:14,3.11.9,medium,10.0,0,z0y528x144,250,3000,coverage,full,2.0,0.0016
z0y528x144,medium,10.0,new_fixed,0.8095238095238095,0.5555555555555556,0.7333333333333333,7.454524993896484,7.982812881469727,8.038351058959961,0.20281997323036194,24.147893009330403,24.4888815360429,24.471409566460235,24.44802181881891,rescore_scale_cap,06cbf45,True,3f429367bbdd,2026-09-14T05:15:14,3.11.9,medium,10.0,0,z0y528x144,250,3000,coverage,full,2.0,0.0016
z0y624x144,control,,old_buggy,0.75,0.38461538461538464,0.6060606060606061,8.46971321105957,12.111983299255371,12.656938552856445,0.21453885734081268,24.26305390019692,24.641667220742978,24.62167808887585,24.62305081864332,rescore_scale_cap,06cbf45,True,3f429367bbdd,2026-09-14T05:22:33,3.11.9,control,,0,z0y624x144,250,3000,coverage,full,2.0,0.0016
z0y624x144,control,,new_fixed,0.75,0.38461538461538464,0.6060606060606061,8.46971321105957,12.111983299255371,12.656938552856445,0.21453885734081268,24.26305390019692,24.641667220742978,24.62167808887585,24.62305081864332,rescore_scale_cap,06cbf45,True,3f429367bbdd,2026-09-14T05:22:33,3.11.9,control,,0,z0y624x144,250,3000,coverage,full,2.0,0.0016
z0y624x144,medium,10.0,old_buggy,0.75,0.6923076923076923,0.7272727272727273,7.515803813934326,6.9494452476501465,7.9458208084106445,0.17656797170639038,24.243278172263622,24.60631164993757,24.58717763732933,24.58844933909615,rescore_scale_cap,06cbf45,True,3f429367bbdd,2026-09-14T05:30:19,3.11.9,medium,10.0,0,z0y624x144,250,3000,coverage,full,2.0,0.0016
z0y624x144,medium,10.0,new_fixed,0.75,0.6923076923076923,0.7272727272727273,7.515803813934326,6.9494452476501465,7.9458208084106445,0.17656797170639038,24.243278172263622,24.60631164993757,24.58717763732933,24.58844933909615,rescore_scale_cap,06cbf45,True,3f429367bbdd,2026-09-14T05:30:19,3.11.9,medium,10.0,0,z0y624x144,250,3000,coverage,full,2.0,0.0016
z0y240x336,control,,old_buggy,0.9523809523809523,0.5,0.88,5.5531792640686035,20.75149154663086,14.080622673034668,0.6379053592681885,22.999850658628958,25.555407158715326,25.413277892735398,25.414372118560806,rescore_scale_cap,06cbf45,True,3f429367bbdd,2026-09-14T05:37:09,3.11.9,control,,0,z0y240x336,250,3000,coverage,full,2.0,0.0016
z0y240x336,control,,new_fixed,0.9523809523809523,0.75,0.92,5.571714878082275,20.945329666137695,20.75149154663086,0.6379053592681885,22.999850658628958,25.555407158715326,25.413277892735398,25.414372118560806,rescore_scale_cap,06cbf45,True,3f429367bbdd,2026-09-14T05:37:09,3.11.9,control,,0,z0y240x336,250,3000,coverage,full,2.0,0.0016
z0y240x336,medium,10.0,old_buggy,1.0,0.5,0.92,5.548974990844727,7.043057441711426,7.043057441711426,0.6464396715164185,23.019265847303853,25.551945857329066,25.411468505389596,25.410133572255805,rescore_scale_cap,06cbf45,True,3f429367bbdd,2026-09-14T05:43:59,3.11.9,medium,10.0,0,z0y240x336,250,3000,coverage,full,2.0,0.0016
z0y240x336,medium,10.0,new_fixed,1.0,0.5,0.92,5.548974990844727,7.043057441711426,7.043057441711426,0.6464396715164185,23.019265847303853,25.551945857329066,25.411468505389596,25.410133572255805,rescore_scale_cap,06cbf45,True,3f429367bbdd,2026-09-14T05:43:59,3.11.9,medium,10.0,0,z0y240x336,250,3000,coverage,full,2.0,0.0016
z0y528x240,control,,old_buggy,0.8823529411764706,0.2,0.7272727272727273,6.202978134155273,8.131404876708984,8.684654235839844,0.2536984384059906,23.677349364088457,24.54008512197952,24.50524150891863,24.49679765487996,rescore_scale_cap,06cbf45,True,3f429367bbdd,2026-09-14T05:50:49,3.11.9,control,,0,z0y528x240,250,3000,coverage,full,2.0,0.0016
z0y528x240,control,,new_fixed,0.8823529411764706,0.2,0.7272727272727273,6.202978134155273,8.131404876708984,8.684654235839844,0.2536984384059906,23.677349364088457,24.54008512197952,24.50524150891863,24.49679765487996,rescore_scale_cap,06cbf45,True,3f429367bbdd,2026-09-14T05:50:49,3.11.9,control,,0,z0y528x240,250,3000,coverage,full,2.0,0.0016
z0y528x240,medium,10.0,old_buggy,0.8235294117647058,0.6,0.7727272727272727,6.310405254364014,7.52480936050415,6.732697486877441,0.26338258385658264,23.682322581251448,24.548787715464865,24.513778430501056,24.504862320885977,rescore_scale_cap,06cbf45,True,3f429367bbdd,2026-09-14T05:59:35,3.11.9,medium,10.0,0,z0y528x240,250,3000,coverage,full,2.0,0.0016
z0y528x240,medium,10.0,new_fixed,0.8823529411764706,0.6,0.8181818181818182,6.261418342590332,7.780572891235352,6.732697486877441,0.26338258385658264,23.682322581251448,24.548787715464865,24.513778430501056,24.504862320885977,rescore_scale_cap,06cbf45,True,3f429367bbdd,2026-09-14T05:59:35,3.11.9,medium,10.0,0,z0y528x240,250,3000,coverage,full,2.0,0.0016
