coverage,n_covered,n_nuclei,duplicates,dup_max,efficiency,unassigned,n_seeds,strategy,region
0.7,21,30,1.0476190476190477,2,0.084,0.912,250,local_maxima,z0y528x144
1.0,30,30,1.0,1,0.12,0.88,250,suppressed_topk,z0y528x144
1.0,30,30,1.0,1,0.12,0.88,250,coverage,z0y528x144
1.0,30,30,1.0,1,0.12,0.88,250,oracle_coverage,z0y528x144
0.6060606060606061,20,33,1.0,1,0.08,0.92,250,local_maxima,z0y624x144
1.0,33,33,1.0,1,0.132,0.868,250,suppressed_topk,z0y624x144
1.0,33,33,1.0,1,0.132,0.868,250,coverage,z0y624x144
1.0,33,33,1.0,1,0.132,0.868,250,oracle_coverage,z0y624x144
0.84,21,25,1.0,1,0.084,0.916,250,local_maxima,z0y240x336
1.0,25,25,1.04,2,0.1,0.896,250,suppressed_topk,z0y240x336
1.0,25,25,1.04,2,0.1,0.896,250,coverage,z0y240x336
1.0,25,25,1.04,2,0.1,0.896,250,oracle_coverage,z0y240x336
0.7727272727272727,17,22,1.0,1,0.068,0.9319999999999999,250,local_maxima,z0y528x240
1.0,22,22,1.1363636363636365,3,0.088,0.9,250,suppressed_topk,z0y528x240
1.0,22,22,1.1363636363636365,3,0.088,0.9,250,coverage,z0y528x240
1.0,22,22,1.1363636363636365,3,0.088,0.9,250,oracle_coverage,z0y528x240
