region,arm,nucleus,group,recovered,scale,amp
z0y528x144,control,0,A,True,6.055629730224609,0.42908596992492676
z0y528x144,control,1,A,True,7.741767883300781,0.5241119861602783
z0y528x144,control,2,A,True,7.851124286651611,0.5172122716903687
z0y528x144,control,3,A,True,8.07546329498291,0.32579079270362854
z0y528x144,control,4,A,True,13.937896728515625,0.3247745633125305
z0y528x144,control,5,A,True,10.350885391235352,0.2707442343235016
z0y528x144,control,6,A,True,7.848178386688232,0.2995411455631256
z0y528x144,control,7,A,True,8.943878173828125,0.23778031766414642
z0y528x144,control,8,A,True,7.9884467124938965,0.1900930553674698
z0y528x144,control,9,A,True,14.434032440185547,0.30234000086784363
z0y528x144,control,10,A,True,9.151223182678223,0.3345091640949249
z0y528x144,control,11,A,True,7.737667560577393,0.19451062381267548
z0y528x144,control,12,A,False,10.002006530761719,0.2620803415775299
z0y528x144,control,13,A,True,9.643675804138184,0.23608504235744476
z0y528x144,control,14,A,False,27.87542152404785,0.5419410467147827
z0y528x144,control,15,A,False,9.954513549804688,0.06480222195386887
z0y528x144,control,16,A,False,12.845860481262207,0.10756409168243408
z0y528x144,control,17,A,True,2.3076603412628174,0.05737031251192093
z0y528x144,control,18,A,False,3.3633506298065186,0.045998066663742065
z0y528x144,control,19,A,True,7.666571140289307,0.11723151803016663
z0y528x144,control,20,B,True,13.557848930358887,0.268756628036499
z0y528x144,control,21,B,True,14.06729507446289,0.43805253505706787
z0y528x144,control,22,B,False,11.485033988952637,0.21243202686309814
z0y528x144,control,23,B,False,8.937604904174805,0.17830118536949158
z0y528x144,control,24,B,True,13.50293254852295,0.18804442882537842
z0y528x144,control,25,A,True,7.569791316986084,0.05732645094394684
z0y528x144,control,26,B,True,6.491279125213623,0.25950267910957336
z0y528x144,control,27,B,False,17.96855926513672,0.22006143629550934
z0y528x144,control,28,B,False,12.574297904968262,0.2000533640384674
z0y528x144,control,29,B,False,9.135306358337402,0.31445741653442383
z0y528x144,mild,0,A,True,6.181755065917969,0.42515796422958374
z0y528x144,mild,1,A,True,7.717600345611572,0.5386084318161011
z0y528x144,mild,2,A,True,7.717772006988525,0.507232129573822
z0y528x144,mild,3,A,True,8.550774574279785,0.38538503646850586
z0y528x144,mild,4,A,True,8.68720531463623,0.42037954926490784
z0y528x144,mild,5,A,True,8.674349784851074,0.3413120210170746
z0y528x144,mild,6,A,True,8.394951820373535,0.3269317150115967
z0y528x144,mild,7,A,True,8.35789680480957,0.24214549362659454
z0y528x144,mild,8,A,True,8.217872619628906,0.18300414085388184
z0y528x144,mild,9,A,True,8.732958793640137,0.2187032401561737
z0y528x144,mild,10,A,True,7.4394073486328125,0.3407003581523895
z0y528x144,mild,11,A,True,7.716787815093994,0.21777702867984772
z0y528x144,mild,12,A,False,8.936200141906738,0.25129997730255127
z0y528x144,mild,13,A,True,7.821263790130615,0.18205119669437408
z0y528x144,mild,14,A,True,10.398125648498535,0.3483582139015198
z0y528x144,mild,15,A,False,8.240479469299316,0.05343308299779892
z0y528x144,mild,16,A,False,11.108738899230957,0.1127144992351532
z0y528x144,mild,17,A,True,2.288645029067993,0.0570579394698143
z0y528x144,mild,18,A,False,3.3647677898406982,0.045496441423892975
z0y528x144,mild,19,A,False,7.747806072235107,0.1546267420053482
z0y528x144,mild,20,B,True,10.532361030578613,0.23553566634655
z0y528x144,mild,21,B,True,10.705512046813965,0.4265231192111969
z0y528x144,mild,22,B,True,10.733075141906738,0.2059488296508789
z0y528x144,mild,23,B,False,8.089897155761719,0.16399210691452026
z0y528x144,mild,24,B,True,11.596695899963379,0.2572280168533325
z0y528x144,mild,25,A,True,7.52894926071167,0.05879632756114006
z0y528x144,mild,26,B,False,6.426741123199463,0.24861326813697815
z0y528x144,mild,27,B,False,10.923148155212402,0.2620146870613098
z0y528x144,mild,28,B,False,9.941454887390137,0.17791028320789337
z0y528x144,mild,29,B,False,9.717437744140625,0.4041658639907837
z0y528x144,medium,0,A,True,6.319700717926025,0.4405975043773651
z0y528x144,medium,1,A,True,7.523532867431641,0.5377302169799805
z0y528x144,medium,2,A,True,7.434886932373047,0.48901206254959106
z0y528x144,medium,3,A,True,7.254356861114502,0.3985908031463623
z0y528x144,medium,4,A,True,7.278547763824463,0.4774404466152191
z0y528x144,medium,5,A,True,7.286965847015381,0.35442954301834106
z0y528x144,medium,6,A,True,7.209888458251953,0.32296234369277954
z0y528x144,medium,7,A,True,7.474163055419922,0.20975618064403534
z0y528x144,medium,8,A,True,6.875419616699219,0.11435547471046448
z0y528x144,medium,9,A,True,7.483116149902344,0.17171071469783783
z0y528x144,medium,10,A,True,6.599867343902588,0.33008161187171936
z0y528x144,medium,11,A,True,7.00527811050415,0.19961877167224884
z0y528x144,medium,12,A,False,8.398604393005371,0.21706123650074005
z0y528x144,medium,13,A,True,6.877990245819092,0.1426263451576233
z0y528x144,medium,14,A,True,8.978678703308105,0.20602118968963623
z0y528x144,medium,15,A,False,7.567020893096924,0.05703750252723694
z0y528x144,medium,16,A,False,9.1817045211792,0.049560703337192535
z0y528x144,medium,17,A,True,2.256556272506714,0.05150853469967842
z0y528x144,medium,18,A,False,3.3519980907440186,0.042789120227098465
z0y528x144,medium,19,A,True,7.530269145965576,0.1441548764705658
z0y528x144,medium,20,B,True,8.914103507995605,0.15344393253326416
z0y528x144,medium,21,B,True,9.226568222045898,0.34908875823020935
z0y528x144,medium,22,B,True,9.433399200439453,0.167899489402771
z0y528x144,medium,23,B,False,7.1315436363220215,0.15453994274139404
z0y528x144,medium,24,B,True,9.971964836120605,0.22053353488445282
z0y528x144,medium,25,A,True,7.558004856109619,0.052311696112155914
z0y528x144,medium,26,B,False,6.348280429840088,0.23676958680152893
z0y528x144,medium,27,B,False,9.600727081298828,0.17366869747638702
z0y528x144,medium,28,B,False,8.945158958435059,0.15051613748073578
z0y528x144,medium,29,B,True,8.340044975280762,0.4224418103694916
z0y528x144,strict,0,A,True,5.847212314605713,0.41359975934028625
z0y528x144,strict,1,A,True,6.4909491539001465,0.5160151720046997
z0y528x144,strict,2,A,True,6.459192276000977,0.4817114472389221
z0y528x144,strict,3,A,True,5.9127326011657715,0.34443655610084534
z0y528x144,strict,4,A,True,5.891250133514404,0.4763321876525879
z0y528x144,strict,5,A,True,5.8986496925354,0.359695166349411
z0y528x144,strict,6,A,True,5.839376449584961,0.20262500643730164
z0y528x144,strict,7,A,True,6.038048267364502,0.1589074432849884
z0y528x144,strict,8,A,True,5.618109226226807,0.06557904928922653
z0y528x144,strict,9,A,True,6.171701431274414,0.10185156017541885
z0y528x144,strict,10,A,True,5.487538814544678,0.2831173241138458
z0y528x144,strict,11,A,True,6.6145339012146,0.17064186930656433
z0y528x144,strict,12,A,False,6.980009078979492,0.18766365945339203
z0y528x144,strict,13,A,True,5.767881870269775,0.10258010774850845
z0y528x144,strict,14,A,True,7.288717746734619,0.11904671788215637
z0y528x144,strict,15,A,False,6.782748699188232,0.051233869045972824
z0y528x144,strict,16,A,False,7.2797722816467285,0.0425366535782814
z0y528x144,strict,17,A,True,2.229196548461914,0.045431703329086304
z0y528x144,strict,18,A,False,3.3580381870269775,0.04039291664958
z0y528x144,strict,19,A,True,6.688934326171875,0.11886560916900635
z0y528x144,strict,20,B,False,7.015617370605469,0.0706295520067215
z0y528x144,strict,21,B,True,7.807375431060791,0.2818588316440582
z0y528x144,strict,22,B,False,7.710218906402588,0.09171692281961441
z0y528x144,strict,23,B,True,6.194509029388428,0.12353283911943436
z0y528x144,strict,24,B,True,7.997725009918213,0.1491674929857254
z0y528x144,strict,25,A,True,6.940677165985107,0.04437926411628723
z0y528x144,strict,26,B,True,6.292483806610107,0.25084441900253296
z0y528x144,strict,27,B,False,7.4602227210998535,0.0891757681965828
z0y528x144,strict,28,B,False,7.52498197555542,0.09766747057437897
z0y528x144,strict,29,B,True,6.803761959075928,0.3850776255130768
z0y624x144,control,0,A,True,10.446712493896484,0.3649424910545349
z0y624x144,control,1,A,True,8.526856422424316,0.22452108561992645
z0y624x144,control,2,A,True,11.675823211669922,0.2696147859096527
z0y624x144,control,3,A,True,9.171182632446289,0.31019121408462524
z0y624x144,control,4,A,True,7.649795055389404,0.33609890937805176
z0y624x144,control,5,A,False,12.111983299255371,0.3508203625679016
z0y624x144,control,6,A,True,8.60140609741211,0.3252151608467102
z0y624x144,control,7,A,True,6.129669189453125,0.14080321788787842
z0y624x144,control,8,A,True,4.907464981079102,0.06408337503671646
z0y624x144,control,9,A,False,10.112421989440918,0.21453885734081268
z0y624x144,control,10,A,False,14.401877403259277,0.2632768750190735
z0y624x144,control,11,A,True,4.644455432891846,0.07625525444746017
z0y624x144,control,12,A,True,4.935492038726807,0.0731184259057045
z0y624x144,control,13,A,True,12.918391227722168,0.35660800337791443
z0y624x144,control,14,A,True,10.532554626464844,0.2180146723985672
z0y624x144,control,15,A,True,12.356834411621094,0.32242706418037415
z0y624x144,control,16,A,True,8.412569999694824,0.15695683658123016
z0y624x144,control,17,A,False,3.5737791061401367,0.07312683016061783
z0y624x144,control,18,A,False,7.1924872398376465,0.050379540771245956
z0y624x144,control,19,B,False,9.69276237487793,0.11884476989507675
z0y624x144,control,20,A,True,4.973962783813477,0.07927592843770981
z0y624x144,control,21,B,False,18.272361755371094,0.3147928714752197
z0y624x144,control,22,B,False,12.347790718078613,0.1619897484779358
z0y624x144,control,23,B,True,9.15501880645752,0.23535960912704468
z0y624x144,control,24,B,True,7.194639682769775,0.11229632794857025
z0y624x144,control,25,B,False,25.152420043945312,0.23558521270751953
z0y624x144,control,26,B,False,12.966087341308594,0.15073652565479279
z0y624x144,control,27,B,False,9.391647338867188,0.10178469121456146
z0y624x144,control,28,B,True,3.7936325073242188,0.06485959142446518
z0y624x144,control,29,B,True,13.11700439453125,0.29199132323265076
z0y624x144,control,30,B,True,5.840663909912109,0.14067032933235168
z0y624x144,control,31,B,False,13.407485961914062,0.3579476475715637
z0y624x144,control,32,B,False,7.354908466339111,0.19441673159599304
z0y624x144,mild,0,A,True,9.495250701904297,0.4659276604652405
z0y624x144,mild,1,A,True,8.535497665405273,0.25810933113098145
z0y624x144,mild,2,A,True,8.769380569458008,0.2832365334033966
z0y624x144,mild,3,A,True,7.080169677734375,0.33999887108802795
z0y624x144,mild,4,A,True,7.373710632324219,0.30185213685035706
z0y624x144,mild,5,A,False,9.981467247009277,0.3521282374858856
z0y624x144,mild,6,A,True,8.224433898925781,0.3517288267612457
z0y624x144,mild,7,A,True,6.008456707000732,0.1375923901796341
z0y624x144,mild,8,A,True,4.879396438598633,0.049710385501384735
z0y624x144,mild,9,A,False,9.846349716186523,0.23891010880470276
z0y624x144,mild,10,A,True,9.161348342895508,0.29832926392555237
z0y624x144,mild,11,A,True,4.67133092880249,0.07441097497940063
z0y624x144,mild,12,A,True,4.759087562561035,0.061255522072315216
z0y624x144,mild,13,A,True,9.477065086364746,0.3418988883495331
z0y624x144,mild,14,A,False,10.715079307556152,0.20356661081314087
z0y624x144,mild,15,A,True,11.064799308776855,0.27391621470451355
z0y624x144,mild,16,A,True,7.6705169677734375,0.14326226711273193
z0y624x144,mild,17,A,False,3.588446855545044,0.06852908432483673
z0y624x144,mild,18,A,False,6.6935133934021,0.04676041007041931
z0y624x144,mild,19,B,False,7.273612976074219,0.08134324848651886
z0y624x144,mild,20,A,False,4.962207794189453,0.08162295073270798
z0y624x144,mild,21,B,True,10.540085792541504,0.3373567759990692
z0y624x144,mild,22,B,False,11.337580680847168,0.16150712966918945
z0y624x144,mild,23,B,True,8.77877426147461,0.21467325091362
z0y624x144,mild,24,B,True,8.357268333435059,0.13581176102161407
z0y624x144,mild,25,B,True,9.88410758972168,0.2517854869365692
z0y624x144,mild,26,B,False,10.219200134277344,0.11921977251768112
z0y624x144,mild,27,B,False,9.464272499084473,0.09424266964197159
z0y624x144,mild,28,B,True,3.8532049655914307,0.076214998960495
z0y624x144,mild,29,B,True,10.164019584655762,0.2564357817173004
z0y624x144,mild,30,B,True,5.256605625152588,0.1068328469991684
z0y624x144,mild,31,B,True,11.77130126953125,0.3381708860397339
z0y624x144,mild,32,B,False,7.196506500244141,0.1974189579486847
z0y624x144,medium,0,A,True,8.782757759094238,0.45721200108528137
z0y624x144,medium,1,A,True,7.451015472412109,0.27574044466018677
z0y624x144,medium,2,A,True,7.46400785446167,0.2831870913505554
z0y624x144,medium,3,A,True,6.456422805786133,0.3536280691623688
z0y624x144,medium,4,A,True,7.345157146453857,0.29107776284217834
z0y624x144,medium,5,A,False,8.56357479095459,0.33342355489730835
z0y624x144,medium,6,A,True,7.567599773406982,0.35783588886260986
z0y624x144,medium,7,A,True,5.886440277099609,0.1307792067527771
z0y624x144,medium,8,A,True,4.8412017822265625,0.04795263335108757
z0y624x144,medium,9,A,True,8.982354164123535,0.22790680825710297
z0y624x144,medium,10,A,True,8.101641654968262,0.2955189645290375
z0y624x144,medium,11,A,True,4.664234161376953,0.07292581349611282
z0y624x144,medium,12,A,True,4.68165922164917,0.055106163024902344
z0y624x144,medium,13,A,True,8.04893684387207,0.3021779954433441
z0y624x144,medium,14,A,False,9.671425819396973,0.17656797170639038
z0y624x144,medium,15,A,True,9.980411529541016,0.20556996762752533
z0y624x144,medium,16,A,True,7.299081802368164,0.14771786332130432
z0y624x144,medium,17,A,False,3.5102813243865967,0.06322773545980453
z0y624x144,medium,18,A,False,6.1251983642578125,0.05173550546169281
z0y624x144,medium,19,B,False,6.9494452476501465,0.09328746795654297
z0y624x144,medium,20,A,False,5.028298854827881,0.08508378267288208
z0y624x144,medium,21,B,True,9.079280853271484,0.31145602464675903
z0y624x144,medium,22,B,False,9.838738441467285,0.11815238744020462
z0y624x144,medium,23,B,True,8.001984596252441,0.1801014393568039
z0y624x144,medium,24,B,True,7.356632232666016,0.15109144151210785
z0y624x144,medium,25,B,True,8.305699348449707,0.17208218574523926
z0y624x144,medium,26,B,True,8.832168579101562,0.09712336957454681
z0y624x144,medium,27,B,False,8.942195892333984,0.08535328507423401
z0y624x144,medium,28,B,True,3.856308937072754,0.07716642320156097
z0y624x144,medium,29,B,True,8.829510688781738,0.1913001388311386
z0y624x144,medium,30,B,True,4.988095760345459,0.10465037077665329
z0y624x144,medium,31,B,True,9.982523918151855,0.18420886993408203
z0y624x144,medium,32,B,False,6.688722133636475,0.19395460188388824
z0y624x144,strict,0,A,True,6.778173923492432,0.21292588114738464
z0y624x144,strict,1,A,True,6.1708502769470215,0.2317153662443161
z0y624x144,strict,2,A,True,6.123574733734131,0.24770613014698029
z0y624x144,strict,3,A,True,5.442891597747803,0.2810666263103485
z0y624x144,strict,4,A,True,6.341455936431885,0.19580750167369843
z0y624x144,strict,5,A,True,6.9698638916015625,0.24205541610717773
z0y624x144,strict,6,A,True,7.199703693389893,0.34747275710105896
z0y624x144,strict,7,A,True,5.189458847045898,0.12414852529764175
z0y624x144,strict,8,A,True,4.715952396392822,0.04602569714188576
z0y624x144,strict,9,A,True,6.738709926605225,0.13059738278388977
z0y624x144,strict,10,A,True,6.6984405517578125,0.2561681866645813
z0y624x144,strict,11,A,True,4.793375492095947,0.08490456640720367
z0y624x144,strict,12,A,True,4.775869846343994,0.07109140604734421
z0y624x144,strict,13,A,True,6.48380708694458,0.28986141085624695
z0y624x144,strict,14,A,True,7.895871639251709,0.10053016245365143
z0y624x144,strict,15,A,True,7.995951175689697,0.11377768218517303
z0y624x144,strict,16,A,True,6.675165176391602,0.13482145965099335
z0y624x144,strict,17,A,False,3.4320785999298096,0.060237858444452286
z0y624x144,strict,18,A,True,5.514400005340576,0.06943995505571365
z0y624x144,strict,19,B,True,6.146789073944092,0.12961722910404205
z0y624x144,strict,20,A,False,5.110628604888916,0.08101151883602142
z0y624x144,strict,21,B,True,7.766434192657471,0.29891437292099
z0y624x144,strict,22,B,False,7.97833776473999,0.06778061389923096
z0y624x144,strict,23,B,True,6.8175883293151855,0.12183044105768204
z0y624x144,strict,24,B,True,5.9255242347717285,0.129080131649971
z0y624x144,strict,25,B,True,6.895641326904297,0.1321977823972702
z0y624x144,strict,26,B,False,7.433601379394531,0.06754976511001587
z0y624x144,strict,27,B,False,7.656469345092773,0.05027272552251816
z0y624x144,strict,28,B,True,3.854846715927124,0.07241781800985336
z0y624x144,strict,29,B,True,7.1531901359558105,0.08364839851856232
z0y624x144,strict,30,B,True,4.873929500579834,0.10848332196474075
z0y624x144,strict,31,B,False,7.697065353393555,0.0683337152004242
z0y624x144,strict,32,B,True,5.766990661621094,0.1837482899427414
z0y240x336,control,0,A,True,7.222761631011963,0.8132364153862
z0y240x336,control,1,A,True,6.149637699127197,0.7112423777580261
z0y240x336,control,2,A,True,5.009522914886475,0.7027736902236938
z0y240x336,control,3,A,True,5.534643650054932,0.6534571051597595
z0y240x336,control,4,A,True,5.688098907470703,0.6984575986862183
z0y240x336,control,5,A,True,5.403539657592773,0.648656964302063
z0y240x336,control,6,A,True,6.8724365234375,0.6560098528862
z0y240x336,control,7,A,True,5.610803127288818,0.5386488437652588
z0y240x336,control,8,A,True,5.229874134063721,0.6983962059020996
z0y240x336,control,9,A,True,5.719387054443359,0.7178104519844055
z0y240x336,control,10,A,True,5.688758373260498,0.5944209098815918
z0y240x336,control,11,A,True,5.383487701416016,0.6379053592681885
z0y240x336,control,12,A,True,4.587262153625488,0.6237977743148804
z0y240x336,control,13,A,True,5.571714878082275,0.6649332642555237
z0y240x336,control,14,A,True,5.450855255126953,0.6260929107666016
z0y240x336,control,15,A,True,5.215899467468262,0.6547231078147888
z0y240x336,control,16,A,True,5.243419170379639,0.6944332718849182
z0y240x336,control,17,A,True,4.40216588973999,0.5693565011024475
z0y240x336,control,18,A,True,5.734010219573975,0.5139579176902771
z0y240x336,control,19,A,False,21.13916778564453,0.5432397723197937
z0y240x336,control,20,A,True,4.60077428817749,0.0801084116101265
z0y240x336,control,21,B,True,10.426661491394043,0.12896816432476044
z0y240x336,control,22,B,True,7.545271396636963,0.11389806866645813
z0y240x336,control,23,B,False,7.409754276275635,0.0799105241894722
z0y240x336,control,24,B,False,20.75149154663086,0.3432886004447937
z0y240x336,mild,0,A,True,7.207967758178711,0.8181430101394653
z0y240x336,mild,1,A,True,6.195188045501709,0.7085434198379517
z0y240x336,mild,2,A,True,5.000121116638184,0.6861708164215088
z0y240x336,mild,3,A,True,5.540786266326904,0.6482796669006348
z0y240x336,mild,4,A,True,5.704229831695557,0.6972847580909729
z0y240x336,mild,5,A,True,5.4206624031066895,0.6469266414642334
z0y240x336,mild,6,A,True,6.813037395477295,0.6564087271690369
z0y240x336,mild,7,A,True,5.618373394012451,0.5353018641471863
z0y240x336,mild,8,A,True,5.228138446807861,0.6869421601295471
z0y240x336,mild,9,A,True,5.736299514770508,0.7193673849105835
z0y240x336,mild,10,A,True,5.464643478393555,0.5691975951194763
z0y240x336,mild,11,A,True,5.373901844024658,0.6366189122200012
z0y240x336,mild,12,A,True,4.501242637634277,0.6356127262115479
z0y240x336,mild,13,A,True,5.6078267097473145,0.6671398282051086
z0y240x336,mild,14,A,True,5.4285502433776855,0.6258177757263184
z0y240x336,mild,15,A,True,5.220942974090576,0.6570358276367188
z0y240x336,mild,16,A,True,5.2633490562438965,0.6864124536514282
z0y240x336,mild,17,A,True,4.587276458740234,0.5978149175643921
z0y240x336,mild,18,A,True,5.614053249359131,0.5121023654937744
z0y240x336,mild,19,A,True,10.785903930664062,0.47843095660209656
z0y240x336,mild,20,A,True,4.587441921234131,0.07658722996711731
z0y240x336,mild,21,B,True,10.64484691619873,0.22443842887878418
z0y240x336,mild,22,B,False,6.820305347442627,0.08135437220335007
z0y240x336,mild,23,B,True,7.834523677825928,0.11740389466285706
z0y240x336,mild,24,B,False,9.597724914550781,0.16321870684623718
z0y240x336,medium,0,A,True,7.195210933685303,0.8182675838470459
z0y240x336,medium,1,A,True,6.219208240509033,0.7089212536811829
z0y240x336,medium,2,A,True,5.004995822906494,0.6876427531242371
z0y240x336,medium,3,A,True,5.548974990844727,0.6464396715164185
z0y240x336,medium,4,A,True,5.710021495819092,0.6971673965454102
z0y240x336,medium,5,A,True,5.42344856262207,0.6498633027076721
z0y240x336,medium,6,A,True,6.154089450836182,0.6582762002944946
z0y240x336,medium,7,A,True,5.616124629974365,0.5356578230857849
z0y240x336,medium,8,A,True,5.26086950302124,0.6937595009803772
z0y240x336,medium,9,A,True,5.71507453918457,0.7218859195709229
z0y240x336,medium,10,A,True,5.401102066040039,0.5522839426994324
z0y240x336,medium,11,A,True,5.274176120758057,0.6263450384140015
z0y240x336,medium,12,A,True,4.422165393829346,0.6497886180877686
z0y240x336,medium,13,A,True,5.632709503173828,0.6658417582511902
z0y240x336,medium,14,A,True,5.462719440460205,0.6265038847923279
z0y240x336,medium,15,A,True,5.216579437255859,0.6575153470039368
z0y240x336,medium,16,A,True,5.243393421173096,0.6846290826797485
z0y240x336,medium,17,A,True,4.620025157928467,0.5985870361328125
z0y240x336,medium,18,A,True,5.567163467407227,0.5097029209136963
z0y240x336,medium,19,A,True,9.204928398132324,0.426048219203949
z0y240x336,medium,20,A,True,4.608686923980713,0.07553418725728989
z0y240x336,medium,21,B,True,9.043229103088379,0.16423527896404266
z0y240x336,medium,22,B,False,7.128201961517334,0.07729968428611755
z0y240x336,medium,23,B,False,6.957912445068359,0.1025971919298172
z0y240x336,medium,24,B,True,8.40272045135498,0.10601062327623367
z0y240x336,strict,0,A,True,6.595273971557617,0.7771532535552979
z0y240x336,strict,1,A,True,6.165757656097412,0.7025029063224792
z0y240x336,strict,2,A,True,5.027021884918213,0.6980540752410889
z0y240x336,strict,3,A,True,5.618826389312744,0.6622512340545654
z0y240x336,strict,4,A,True,5.650581359863281,0.7060444951057434
z0y240x336,strict,5,A,True,5.417842864990234,0.65102219581604
z0y240x336,strict,6,A,False,5.409056186676025,0.6528244018554688
z0y240x336,strict,7,A,True,5.589514255523682,0.5339338183403015
z0y240x336,strict,8,A,True,5.250658988952637,0.6970564723014832
z0y240x336,strict,9,A,True,5.526767730712891,0.738936722278595
z0y240x336,strict,10,A,True,5.747481822967529,0.6167150735855103
z0y240x336,strict,11,A,True,5.05574369430542,0.6339045166969299
z0y240x336,strict,12,A,True,4.4119110107421875,0.6467835307121277
z0y240x336,strict,13,A,True,5.6275506019592285,0.6667268872261047
z0y240x336,strict,14,A,True,5.367356777191162,0.6105610132217407
z0y240x336,strict,15,A,True,5.154557704925537,0.6523538827896118
z0y240x336,strict,16,A,True,5.2388482093811035,0.6857641339302063
z0y240x336,strict,17,A,True,4.63023567199707,0.5978325009346008
z0y240x336,strict,18,A,True,5.561752796173096,0.5070326924324036
z0y240x336,strict,19,A,True,7.4287896156311035,0.35158440470695496
z0y240x336,strict,20,A,True,4.607397556304932,0.07399076223373413
z0y240x336,strict,21,B,True,7.46409797668457,0.08783607929944992
z0y240x336,strict,22,B,True,6.238412380218506,0.05878477171063423
z0y240x336,strict,23,B,False,6.095512390136719,0.07670442014932632
z0y240x336,strict,24,B,True,6.869913101196289,0.06345906853675842
z0y528x240,control,0,A,True,7.426840305328369,0.5508318543434143
z0y528x240,control,1,A,True,8.17420768737793,0.5204179286956787
z0y528x240,control,2,A,True,6.288759708404541,0.5286392569541931
z0y528x240,control,3,A,True,6.67139196395874,0.5940691828727722
z0y528x240,control,4,A,True,6.117196559906006,0.3497633635997772
z0y528x240,control,5,A,True,6.618484973907471,0.4542350172996521
z0y528x240,control,6,A,True,5.320694446563721,0.2648502588272095
z0y528x240,control,7,A,True,14.004325866699219,0.6868864297866821
z0y528x240,control,8,A,True,5.9906086921691895,0.3393697440624237
z0y528x240,control,9,A,True,5.870626926422119,0.22576308250427246
z0y528x240,control,10,A,False,8.422151565551758,0.14805683493614197
z0y528x240,control,11,A,True,5.995126724243164,0.2166549116373062
z0y528x240,control,12,A,True,17.610937118530273,0.5369940996170044
z0y528x240,control,13,A,False,7.635280609130859,0.059271883219480515
z0y528x240,control,14,A,True,4.125472545623779,0.04919344559311867
z0y528x240,control,15,A,True,2.9429681301116943,0.05937337875366211
z0y528x240,control,16,B,False,6.02691125869751,0.09407283365726471
z0y528x240,control,17,A,True,9.750207901000977,0.1659635454416275
z0y528x240,control,18,B,False,9.52864933013916,0.24254663288593292
z0y528x240,control,19,B,False,9.77191162109375,0.3203922510147095
z0y528x240,control,20,B,True,3.8769619464874268,0.016337789595127106
z0y528x240,control,21,B,False,7.840658187866211,0.04646989330649376
z0y528x240,mild,0,A,True,7.4248366355896,0.5489271283149719
z0y528x240,mild,1,A,True,7.988616943359375,0.5210044384002686
z0y528x240,mild,2,A,True,6.304235935211182,0.531214714050293
z0y528x240,mild,3,A,True,6.657803058624268,0.5949172377586365
z0y528x240,mild,4,A,True,6.067441463470459,0.3455513119697571
z0y528x240,mild,5,A,True,6.3896918296813965,0.41984039545059204
z0y528x240,mild,6,A,True,5.356975078582764,0.2691548466682434
z0y528x240,mild,7,A,True,10.463448524475098,0.6270010471343994
z0y528x240,mild,8,A,True,5.9850754737854,0.3422669768333435
z0y528x240,mild,9,A,True,5.889503479003906,0.22683297097682953
z0y528x240,mild,10,A,True,8.2686128616333,0.13344086706638336
z0y528x240,mild,11,A,True,5.6765875816345215,0.18012824654579163
z0y528x240,mild,12,A,True,11.956245422363281,0.38530808687210083
z0y528x240,mild,13,A,False,8.47219181060791,0.09201275557279587
z0y528x240,mild,14,A,True,4.124366760253906,0.04780217260122299
z0y528x240,mild,15,A,True,2.8234360218048096,0.05056257173418999
z0y528x240,mild,16,B,True,5.941147327423096,0.09024763852357864
z0y528x240,mild,17,A,True,8.991055488586426,0.150399848818779
z0y528x240,mild,18,B,False,9.598457336425781,0.26352277398109436
z0y528x240,mild,19,B,True,9.789090156555176,0.3096468448638916
z0y528x240,mild,20,B,True,3.889601945877075,0.016612187027931213
z0y528x240,mild,21,B,False,7.887819766998291,0.05321884527802467
z0y528x240,medium,0,A,True,7.0407490730285645,0.5589796304702759
z0y528x240,medium,1,A,True,7.2331624031066895,0.5155476927757263
z0y528x240,medium,2,A,True,6.310405254364014,0.5275837779045105
z0y528x240,medium,3,A,True,6.682163238525391,0.5949179530143738
z0y528x240,medium,4,A,True,5.956497669219971,0.32905691862106323
z0y528x240,medium,5,A,True,6.21243143081665,0.37502092123031616
z0y528x240,medium,6,A,True,5.68829870223999,0.27858275175094604
z0y528x240,medium,7,A,True,8.975324630737305,0.5132879614830017
z0y528x240,medium,8,A,True,5.967371463775635,0.35012274980545044
z0y528x240,medium,9,A,True,5.890163421630859,0.2260858118534088
z0y528x240,medium,10,A,True,7.78805685043335,0.12520121037960052
z0y528x240,medium,11,A,True,5.712038516998291,0.18076187372207642
z0y528x240,medium,12,A,True,9.991877555847168,0.28917357325553894
z0y528x240,medium,13,A,False,9.132085800170898,0.09921619296073914
z0y528x240,medium,14,A,False,4.130545139312744,0.047755543142557144
z0y528x240,medium,15,A,True,2.8718955516815186,0.05346688628196716
z0y528x240,medium,16,B,False,5.940586090087891,0.08611878752708435
z0y528x240,medium,17,A,False,8.036336898803711,0.13365525007247925
z0y528x240,medium,18,B,True,8.478385925292969,0.24818243086338043
z0y528x240,medium,19,B,True,9.064154624938965,0.2790592610836029
z0y528x240,medium,20,B,True,3.8803558349609375,0.016087057068943977
z0y528x240,medium,21,B,False,7.52480936050415,0.0483456589281559
z0y528x240,strict,0,A,True,6.265445709228516,0.5195497274398804
z0y528x240,strict,1,A,True,6.431850910186768,0.4725366234779358
z0y528x240,strict,2,A,True,6.219417095184326,0.5184438228607178
z0y528x240,strict,3,A,True,6.222890853881836,0.6213306188583374
z0y528x240,strict,4,A,True,5.758172512054443,0.32005247473716736
z0y528x240,strict,5,A,True,5.239323616027832,0.3650248348712921
z0y528x240,strict,6,A,True,5.3477935791015625,0.2860567569732666
z0y528x240,strict,7,A,True,7.3664164543151855,0.41238993406295776
z0y528x240,strict,8,A,True,5.597373962402344,0.3686220049858093
z0y528x240,strict,9,A,True,5.855469226837158,0.22515732049942017
z0y528x240,strict,10,A,True,7.058881759643555,0.11760017275810242
z0y528x240,strict,11,A,True,5.410583019256592,0.16966575384140015
z0y528x240,strict,12,A,True,7.9967265129089355,0.2085476815700531
z0y528x240,strict,13,A,True,7.777161121368408,0.07183987647294998
z0y528x240,strict,14,A,True,4.141237258911133,0.04670779034495354
z0y528x240,strict,15,A,True,3.0327301025390625,0.06406934559345245
z0y528x240,strict,16,B,False,6.05592155456543,0.0751655176281929
z0y528x240,strict,17,A,False,6.764734745025635,0.0861540362238884
z0y528x240,strict,18,B,True,7.0536112785339355,0.1707502156496048
z0y528x240,strict,19,B,True,7.779153347015381,0.217485249042511
z0y528x240,strict,20,B,True,3.874964952468872,0.01628236472606659
z0y528x240,strict,21,B,False,6.622823238372803,0.0382651761174202
