region,arm,cap,S_A,S_B,recall,scale_kept,scale_lost,scale_B_lost,amp_final,psnr_nucleus,psnr_background,psnr_global,val_psnr,experiment,git_commit,git_dirty,metrics_fingerprint,timestamp,python,cfg_arm,cfg_max_scale,cfg_seed,cfg_region,cfg_k,cfg_iters,cfg_init,cfg_parameterization,cfg_init_scale,cfg_lr_position
z0y528x144,control,,0.7619047619047619,0.4444444444444444,0.6666666666666666,8.031954765319824,10.743520736694336,11.485033988952637,0.2486414909362793,24.119183636375546,24.51013483392485,24.489991705178582,24.463393160637228,scale_cap,e0f6063,True,0e1028ce85fc,2026-08-27T15:35:51,3.11.9,control,,0,z0y528x144,250,3000,coverage,full,2.0,0.0016
z0y528x144,mild,12.0,0.7619047619047619,0.4444444444444444,0.6666666666666666,8.376424789428711,8.588339805603027,9.717437744140625,0.24537938833236694,24.149066801364878,24.492793265136683,24.47517580110106,24.4508203775389,scale_cap,e0f6063,True,0e1028ce85fc,2026-08-27T15:52:51,3.11.9,mild,12.0,0,z0y528x144,250,3000,coverage,full,2.0,0.0016
z0y528x144,medium,10.0,0.8095238095238095,0.5555555555555556,0.7333333333333333,7.454524993896484,7.982812881469727,8.038351058959961,0.20281997323036194,24.147893009330403,24.4888815360429,24.471409566460235,24.44802181881891,scale_cap,e0f6063,True,0e1028ce85fc,2026-08-27T16:13:49,3.11.9,medium,10.0,0,z0y528x144,250,3000,coverage,full,2.0,0.0016
z0y528x144,strict,8.0,0.8095238095238095,0.5555555555555556,0.7333333333333333,6.18310546875,7.1476945877075195,7.492602348327637,0.13635016977787018,24.018618738705243,24.472610996560928,24.449056526131155,24.423273992363328,scale_cap,e0f6063,True,0e1028ce85fc,2026-08-27T16:24:12,3.11.9,strict,8.0,0,z0y528x144,250,3000,coverage,full,2.0,0.0016
z0y624x144,control,,0.75,0.38461538461538464,0.6060606060606061,8.46971321105957,12.111983299255371,12.656938552856445,0.21453885734081268,24.26305390019692,24.641667220742978,24.62167808887585,24.62305081864332,scale_cap,e0f6063,True,0e1028ce85fc,2026-08-27T16:41:49,3.11.9,control,,0,z0y624x144,250,3000,coverage,full,2.0,0.0016
z0y624x144,mild,12.0,0.7,0.6153846153846154,0.6666666666666666,8.446382522583008,9.464272499084473,9.464272499084473,0.20356661081314087,24.24421954893733,24.61115476829932,24.59180675711884,24.593155808857688,scale_cap,e0f6063,True,0e1028ce85fc,2026-08-27T16:52:00,3.11.9,mild,12.0,0,z0y624x144,250,3000,coverage,full,2.0,0.0016
z0y624x144,medium,10.0,0.75,0.6923076923076923,0.7272727272727273,7.515803813934326,6.9494452476501465,7.9458208084106445,0.17656797170639038,24.243278172263622,24.60631164993757,24.58717763732933,24.58844933909615,scale_cap,e0f6063,True,0e1028ce85fc,2026-08-27T17:01:19,3.11.9,medium,10.0,0,z0y624x144,250,3000,coverage,full,2.0,0.0016
z0y624x144,strict,8.0,0.9,0.6923076923076923,0.8181818181818182,6.341455936431885,7.545035362243652,7.676767349243164,0.12414852529764175,24.259385427324656,24.556460484282884,24.540916449907737,24.53998359006136,scale_cap,e0f6063,True,0e1028ce85fc,2026-08-27T17:10:29,3.11.9,strict,8.0,0,z0y624x144,250,3000,coverage,full,2.0,0.0016
z0y240x336,control,,0.9523809523809523,0.5,0.88,5.5531792640686035,20.75149154663086,14.080622673034668,0.6379053592681885,22.999850658628958,25.555407158715326,25.413277892735398,25.414372118560806,scale_cap,e0f6063,True,0e1028ce85fc,2026-08-27T17:19:23,3.11.9,control,,0,z0y240x336,250,3000,coverage,full,2.0,0.0016
z0y240x336,mild,12.0,1.0,0.5,0.92,5.540786266326904,8.209014892578125,8.209014892578125,0.6366189122200012,23.004607659353713,25.553452232331203,25.411808806740286,25.412059831230437,scale_cap,e0f6063,True,0e1028ce85fc,2026-08-27T17:28:25,3.11.9,mild,12.0,0,z0y240x336,250,3000,coverage,full,2.0,0.0016
z0y240x336,medium,10.0,1.0,0.5,0.92,5.548974990844727,7.043057441711426,7.043057441711426,0.6464396715164185,23.019265847303853,25.551945857329066,25.411468505389596,25.410133572255805,scale_cap,e0f6063,True,0e1028ce85fc,2026-08-27T17:39:04,3.11.9,medium,10.0,0,z0y240x336,250,3000,coverage,full,2.0,0.0016
z0y240x336,strict,8.0,0.9523809523809523,0.75,0.92,5.561752796173096,5.752284049987793,6.095512390136719,0.6467835307121277,23.031559487624868,25.55513826327321,25.415315322563764,25.413608487995486,scale_cap,e0f6063,True,0e1028ce85fc,2026-08-27T17:48:07,3.11.9,strict,8.0,0,z0y240x336,250,3000,coverage,full,2.0,0.0016
z0y528x240,control,,0.8823529411764706,0.2,0.7272727272727273,6.202978134155273,8.131404876708984,8.684654235839844,0.2536984384059906,23.677349364088457,24.54008512197952,24.50524150891863,24.49679765487996,scale_cap,e0f6063,True,0e1028ce85fc,2026-08-27T17:57:14,3.11.9,control,,0,z0y528x240,250,3000,coverage,full,2.0,0.0016
z0y528x240,mild,12.0,0.9411764705882353,0.6,0.8636363636363636,6.304235935211182,8.47219181060791,8.743138313293457,0.2663388252258301,23.673317025466616,24.5441926829305,24.50898780522408,24.500529260758523,scale_cap,e0f6063,True,0e1028ce85fc,2026-08-27T18:03:13,3.11.9,mild,12.0,0,z0y528x240,250,3000,coverage,full,2.0,0.0016
z0y528x240,medium,10.0,0.8235294117647058,0.6,0.7727272727272727,6.310405254364014,7.52480936050415,6.732697486877441,0.26338258385658264,23.682322581251448,24.548787715464865,24.513778430501056,24.504862320885977,scale_cap,e0f6063,True,0e1028ce85fc,2026-08-27T18:08:27,3.11.9,medium,10.0,0,z0y528x240,250,3000,coverage,full,2.0,0.0016
z0y528x240,strict,8.0,0.9411764705882353,0.6,0.8636363636363636,6.219417095184326,6.622823238372803,6.339372634887695,0.21301646530628204,23.65484936828826,24.546891733016473,24.510744173317715,24.501394101606447,scale_cap,e0f6063,True,0e1028ce85fc,2026-08-27T18:13:56,3.11.9,strict,8.0,0,z0y528x240,250,3000,coverage,full,2.0,0.0016
