lr,init,seed,disp,disp_p90,migrated,d_init,d_final,cell_f1,recall,psnr
0.0016,random,0,0.9473146200180054,1.9585165977478027,0.0,23.700756072998047,23.400903701782227,0.5555555555555556,0.4166666666666667,23.766679614318228
0.0016,random,1,0.9743714332580566,1.8028465509414673,0.02,21.645875930786133,21.35488510131836,0.7142857142857143,0.625,24.284104922554587
0.0016,local_maxima,0,0.40757012367248535,0.6876460909843445,0.01,15.562808990478516,15.618224143981934,0.7999999999999999,0.75,25.544087629486626
0.0016,local_maxima,1,0.40192505717277527,0.6415587067604065,0.01,15.562808990478516,15.631199836730957,0.8837209302325582,0.7916666666666666,25.554908261869645
0.005,random,0,2.504375696182251,4.789576530456543,0.05,23.700756072998047,22.772354125976562,0.5789473684210527,0.4583333333333333,24.038422259229627
0.005,random,1,2.443493127822876,4.1515326499938965,0.06,21.645875930786133,20.705394744873047,0.75,0.625,24.61958626533791
0.005,local_maxima,0,1.0468204021453857,1.7148675918579102,0.02,15.562808990478516,15.695503234863281,0.8372093023255814,0.75,25.556901648649433
0.005,local_maxima,1,1.0164560079574585,1.729448914527893,0.02,15.562808990478516,15.738306999206543,0.8292682926829268,0.7083333333333334,25.552656127210795
0.016,random,0,5.981367111206055,10.188589096069336,0.18,23.700756072998047,21.238080978393555,0.5789473684210527,0.4583333333333333,24.73750837932958
0.016,random,1,5.636812210083008,10.651607513427734,0.11,21.645875930786133,19.510454177856445,0.6829268292682927,0.5833333333333334,25.081378895485628
0.016,local_maxima,0,2.7079765796661377,4.820211887359619,0.06,15.562808990478516,15.856817245483398,0.7727272727272727,0.7083333333333334,25.616236043236206
0.016,local_maxima,1,2.5140886306762695,4.7838945388793945,0.06,15.562808990478516,15.892414093017578,0.8,0.6666666666666666,25.61170169731842
0.05,random,0,11.016098976135254,18.815845489501953,0.27,23.700756072998047,19.722301483154297,0.7727272727272727,0.7083333333333334,25.473780429646432
0.05,random,1,10.512730598449707,17.634239196777344,0.29,21.645875930786133,18.209360122680664,0.75,0.625,25.485709243792446
0.05,local_maxima,0,5.493302822113037,11.34449291229248,0.17,15.562808990478516,16.0523681640625,0.7999999999999999,0.75,25.647897754420242
0.05,local_maxima,1,5.5091552734375,11.183877944946289,0.16,15.562808990478516,15.941295623779297,0.8181818181818182,0.75,25.697237320817678
0.1,random,0,15.218219757080078,25.259119033813477,0.3,23.700756072998047,18.306446075439453,0.8181818181818182,0.75,25.525446934018888
0.1,random,1,14.363160133361816,23.35541343688965,0.34,21.645875930786133,17.423826217651367,0.7317073170731708,0.625,25.62952377835538
0.1,local_maxima,0,7.715366840362549,15.030351638793945,0.19,15.562808990478516,16.13777732849121,0.8085106382978724,0.7916666666666666,25.661992253051675
0.1,local_maxima,1,7.833486557006836,15.837739944458008,0.21,15.562808990478516,15.831554412841797,0.744186046511628,0.6666666666666666,25.744737078709583
