region,background,seed,S_A,S_B,recall,K_object,K_support,psnr_nucleus,psnr_background,psnr_global,val_psnr,b
z0y528x144,none,0,0.7619047619047619,0.4444444444444444,0.6666666666666666,31,219,24.119183636375546,24.51013483392485,24.489991705178582,24.463393160637228,0.0
z0y528x144,constant,0,0.8095238095238095,0.3333333333333333,0.6666666666666666,33,217,24.53151274618989,24.78585620285195,24.772948261004117,24.751888344535633,0.19730587303638458
z0y528x144,residual,0,0.8571428571428571,0.3333333333333333,0.7,33,217,22.747507334331356,21.844260878922498,21.88469564044325,21.871726079646727,0.5444444417953491
z0y624x144,none,0,0.75,0.38461538461538464,0.6060606060606061,33,217,24.26305390019692,24.641667220742978,24.62167808887585,24.62305081864332,0.0
z0y624x144,constant,0,0.75,0.46153846153846156,0.6363636363636364,40,210,24.5459958955545,24.881558341370212,24.863926037729428,24.86667507218213,0.2525821924209595
z0y624x144,residual,0,0.65,0.23076923076923078,0.48484848484848486,40,210,23.719591712706688,22.226985893674662,22.29143378924975,22.290800746458622,0.5
z0y240x336,none,0,0.9523809523809523,0.5,0.88,28,222,22.999850658628958,25.555407158715326,25.413277892735398,25.414372118560806,0.0
z0y240x336,constant,0,0.9523809523809523,0.25,0.84,34,216,23.18786297269247,25.78168376657692,25.6367732554517,25.63317955968266,0.11253612488508224
z0y240x336,residual,0,0.9047619047619048,0.5,0.84,34,216,23.078997481031983,25.144270005871647,25.035829477991815,25.046909650678778,0.1944444477558136
z0y528x240,none,0,0.8823529411764706,0.2,0.7272727272727273,26,224,23.677349364088457,24.54008512197952,24.50524150891863,24.49679765487996,0.0
z0y528x240,constant,0,0.8823529411764706,0.6,0.8181818181818182,25,225,24.30454352569101,24.836223655802012,24.81554061363869,24.810416200160944,0.21977901458740234
z0y528x240,residual,0,0.8823529411764706,0.2,0.7272727272727273,24,226,23.031504616808782,21.446084583208403,21.495047125945103,21.496940183443186,0.5444444417953491
