region,background,seed,nucleus,group,recovered
z0y528x144,none,0,0,A,True
z0y528x144,none,0,1,A,True
z0y528x144,none,0,2,A,True
z0y528x144,none,0,3,A,True
z0y528x144,none,0,4,A,True
z0y528x144,none,0,5,A,True
z0y528x144,none,0,6,A,True
z0y528x144,none,0,7,A,True
z0y528x144,none,0,8,A,True
z0y528x144,none,0,9,A,True
z0y528x144,none,0,10,A,True
z0y528x144,none,0,11,A,True
z0y528x144,none,0,12,A,False
z0y528x144,none,0,13,A,True
z0y528x144,none,0,14,A,False
z0y528x144,none,0,15,A,False
z0y528x144,none,0,16,A,False
z0y528x144,none,0,17,A,True
z0y528x144,none,0,18,A,False
z0y528x144,none,0,19,A,True
z0y528x144,none,0,20,B,True
z0y528x144,none,0,21,B,True
z0y528x144,none,0,22,B,False
z0y528x144,none,0,23,B,False
z0y528x144,none,0,24,B,True
z0y528x144,none,0,25,A,True
z0y528x144,none,0,26,B,True
z0y528x144,none,0,27,B,False
z0y528x144,none,0,28,B,False
z0y528x144,none,0,29,B,False
z0y528x144,constant,0,0,A,True
z0y528x144,constant,0,1,A,True
z0y528x144,constant,0,2,A,True
z0y528x144,constant,0,3,A,True
z0y528x144,constant,0,4,A,True
z0y528x144,constant,0,5,A,True
z0y528x144,constant,0,6,A,True
z0y528x144,constant,0,7,A,True
z0y528x144,constant,0,8,A,True
z0y528x144,constant,0,9,A,True
z0y528x144,constant,0,10,A,True
z0y528x144,constant,0,11,A,True
z0y528x144,constant,0,12,A,False
z0y528x144,constant,0,13,A,True
z0y528x144,constant,0,14,A,True
z0y528x144,constant,0,15,A,False
z0y528x144,constant,0,16,A,True
z0y528x144,constant,0,17,A,True
z0y528x144,constant,0,18,A,False
z0y528x144,constant,0,19,A,False
z0y528x144,constant,0,20,B,True
z0y528x144,constant,0,21,B,False
z0y528x144,constant,0,22,B,True
z0y528x144,constant,0,23,B,False
z0y528x144,constant,0,24,B,False
z0y528x144,constant,0,25,A,True
z0y528x144,constant,0,26,B,False
z0y528x144,constant,0,27,B,True
z0y528x144,constant,0,28,B,False
z0y528x144,constant,0,29,B,False
z0y528x144,residual,0,0,A,True
z0y528x144,residual,0,1,A,True
z0y528x144,residual,0,2,A,True
z0y528x144,residual,0,3,A,True
z0y528x144,residual,0,4,A,True
z0y528x144,residual,0,5,A,True
z0y528x144,residual,0,6,A,True
z0y528x144,residual,0,7,A,True
z0y528x144,residual,0,8,A,True
z0y528x144,residual,0,9,A,True
z0y528x144,residual,0,10,A,True
z0y528x144,residual,0,11,A,True
z0y528x144,residual,0,12,A,False
z0y528x144,residual,0,13,A,True
z0y528x144,residual,0,14,A,False
z0y528x144,residual,0,15,A,True
z0y528x144,residual,0,16,A,True
z0y528x144,residual,0,17,A,True
z0y528x144,residual,0,18,A,True
z0y528x144,residual,0,19,A,False
z0y528x144,residual,0,20,B,True
z0y528x144,residual,0,21,B,False
z0y528x144,residual,0,22,B,False
z0y528x144,residual,0,23,B,True
z0y528x144,residual,0,24,B,False
z0y528x144,residual,0,25,A,True
z0y528x144,residual,0,26,B,False
z0y528x144,residual,0,27,B,False
z0y528x144,residual,0,28,B,False
z0y528x144,residual,0,29,B,True
z0y624x144,none,0,0,A,True
z0y624x144,none,0,1,A,True
z0y624x144,none,0,2,A,True
z0y624x144,none,0,3,A,True
z0y624x144,none,0,4,A,True
z0y624x144,none,0,5,A,False
z0y624x144,none,0,6,A,True
z0y624x144,none,0,7,A,True
z0y624x144,none,0,8,A,True
z0y624x144,none,0,9,A,False
z0y624x144,none,0,10,A,False
z0y624x144,none,0,11,A,True
z0y624x144,none,0,12,A,True
z0y624x144,none,0,13,A,True
z0y624x144,none,0,14,A,True
z0y624x144,none,0,15,A,True
z0y624x144,none,0,16,A,True
z0y624x144,none,0,17,A,False
z0y624x144,none,0,18,A,False
z0y624x144,none,0,19,B,False
z0y624x144,none,0,20,A,True
z0y624x144,none,0,21,B,False
z0y624x144,none,0,22,B,False
z0y624x144,none,0,23,B,True
z0y624x144,none,0,24,B,True
z0y624x144,none,0,25,B,False
z0y624x144,none,0,26,B,False
z0y624x144,none,0,27,B,False
z0y624x144,none,0,28,B,True
z0y624x144,none,0,29,B,True
z0y624x144,none,0,30,B,True
z0y624x144,none,0,31,B,False
z0y624x144,none,0,32,B,False
z0y624x144,constant,0,0,A,True
z0y624x144,constant,0,1,A,False
z0y624x144,constant,0,2,A,True
z0y624x144,constant,0,3,A,True
z0y624x144,constant,0,4,A,True
z0y624x144,constant,0,5,A,True
z0y624x144,constant,0,6,A,True
z0y624x144,constant,0,7,A,True
z0y624x144,constant,0,8,A,False
z0y624x144,constant,0,9,A,True
z0y624x144,constant,0,10,A,True
z0y624x144,constant,0,11,A,True
z0y624x144,constant,0,12,A,False
z0y624x144,constant,0,13,A,True
z0y624x144,constant,0,14,A,True
z0y624x144,constant,0,15,A,True
z0y624x144,constant,0,16,A,False
z0y624x144,constant,0,17,A,True
z0y624x144,constant,0,18,A,True
z0y624x144,constant,0,19,B,True
z0y624x144,constant,0,20,A,False
z0y624x144,constant,0,21,B,True
z0y624x144,constant,0,22,B,False
z0y624x144,constant,0,23,B,False
z0y624x144,constant,0,24,B,False
z0y624x144,constant,0,25,B,True
z0y624x144,constant,0,26,B,False
z0y624x144,constant,0,27,B,True
z0y624x144,constant,0,28,B,True
z0y624x144,constant,0,29,B,False
z0y624x144,constant,0,30,B,False
z0y624x144,constant,0,31,B,True
z0y624x144,constant,0,32,B,False
z0y624x144,residual,0,0,A,True
z0y624x144,residual,0,1,A,True
z0y624x144,residual,0,2,A,True
z0y624x144,residual,0,3,A,True
z0y624x144,residual,0,4,A,True
z0y624x144,residual,0,5,A,True
z0y624x144,residual,0,6,A,True
z0y624x144,residual,0,7,A,True
z0y624x144,residual,0,8,A,False
z0y624x144,residual,0,9,A,True
z0y624x144,residual,0,10,A,True
z0y624x144,residual,0,11,A,True
z0y624x144,residual,0,12,A,False
z0y624x144,residual,0,13,A,True
z0y624x144,residual,0,14,A,False
z0y624x144,residual,0,15,A,True
z0y624x144,residual,0,16,A,False
z0y624x144,residual,0,17,A,False
z0y624x144,residual,0,18,A,False
z0y624x144,residual,0,19,B,False
z0y624x144,residual,0,20,A,False
z0y624x144,residual,0,21,B,True
z0y624x144,residual,0,22,B,False
z0y624x144,residual,0,23,B,False
z0y624x144,residual,0,24,B,False
z0y624x144,residual,0,25,B,False
z0y624x144,residual,0,26,B,False
z0y624x144,residual,0,27,B,True
z0y624x144,residual,0,28,B,True
z0y624x144,residual,0,29,B,False
z0y624x144,residual,0,30,B,False
z0y624x144,residual,0,31,B,False
z0y624x144,residual,0,32,B,False
z0y240x336,none,0,0,A,True
z0y240x336,none,0,1,A,True
z0y240x336,none,0,2,A,True
z0y240x336,none,0,3,A,True
z0y240x336,none,0,4,A,True
z0y240x336,none,0,5,A,True
z0y240x336,none,0,6,A,True
z0y240x336,none,0,7,A,True
z0y240x336,none,0,8,A,True
z0y240x336,none,0,9,A,True
z0y240x336,none,0,10,A,True
z0y240x336,none,0,11,A,True
z0y240x336,none,0,12,A,True
z0y240x336,none,0,13,A,True
z0y240x336,none,0,14,A,True
z0y240x336,none,0,15,A,True
z0y240x336,none,0,16,A,True
z0y240x336,none,0,17,A,True
z0y240x336,none,0,18,A,True
z0y240x336,none,0,19,A,False
z0y240x336,none,0,20,A,True
z0y240x336,none,0,21,B,True
z0y240x336,none,0,22,B,True
z0y240x336,none,0,23,B,False
z0y240x336,none,0,24,B,False
z0y240x336,constant,0,0,A,True
z0y240x336,constant,0,1,A,True
z0y240x336,constant,0,2,A,True
z0y240x336,constant,0,3,A,True
z0y240x336,constant,0,4,A,True
z0y240x336,constant,0,5,A,True
z0y240x336,constant,0,6,A,True
z0y240x336,constant,0,7,A,True
z0y240x336,constant,0,8,A,True
z0y240x336,constant,0,9,A,True
z0y240x336,constant,0,10,A,True
z0y240x336,constant,0,11,A,True
z0y240x336,constant,0,12,A,True
z0y240x336,constant,0,13,A,True
z0y240x336,constant,0,14,A,True
z0y240x336,constant,0,15,A,True
z0y240x336,constant,0,16,A,True
z0y240x336,constant,0,17,A,True
z0y240x336,constant,0,18,A,True
z0y240x336,constant,0,19,A,True
z0y240x336,constant,0,20,A,False
z0y240x336,constant,0,21,B,True
z0y240x336,constant,0,22,B,False
z0y240x336,constant,0,23,B,False
z0y240x336,constant,0,24,B,False
z0y240x336,residual,0,0,A,True
z0y240x336,residual,0,1,A,True
z0y240x336,residual,0,2,A,True
z0y240x336,residual,0,3,A,True
z0y240x336,residual,0,4,A,True
z0y240x336,residual,0,5,A,True
z0y240x336,residual,0,6,A,False
z0y240x336,residual,0,7,A,True
z0y240x336,residual,0,8,A,True
z0y240x336,residual,0,9,A,True
z0y240x336,residual,0,10,A,True
z0y240x336,residual,0,11,A,True
z0y240x336,residual,0,12,A,True
z0y240x336,residual,0,13,A,True
z0y240x336,residual,0,14,A,True
z0y240x336,residual,0,15,A,True
z0y240x336,residual,0,16,A,True
z0y240x336,residual,0,17,A,True
z0y240x336,residual,0,18,A,True
z0y240x336,residual,0,19,A,False
z0y240x336,residual,0,20,A,True
z0y240x336,residual,0,21,B,True
z0y240x336,residual,0,22,B,False
z0y240x336,residual,0,23,B,True
z0y240x336,residual,0,24,B,False
z0y528x240,none,0,0,A,True
z0y528x240,none,0,1,A,True
z0y528x240,none,0,2,A,True
z0y528x240,none,0,3,A,True
z0y528x240,none,0,4,A,True
z0y528x240,none,0,5,A,True
z0y528x240,none,0,6,A,True
z0y528x240,none,0,7,A,True
z0y528x240,none,0,8,A,True
z0y528x240,none,0,9,A,True
z0y528x240,none,0,10,A,False
z0y528x240,none,0,11,A,True
z0y528x240,none,0,12,A,True
z0y528x240,none,0,13,A,False
z0y528x240,none,0,14,A,True
z0y528x240,none,0,15,A,True
z0y528x240,none,0,16,B,False
z0y528x240,none,0,17,A,True
z0y528x240,none,0,18,B,False
z0y528x240,none,0,19,B,False
z0y528x240,none,0,20,B,True
z0y528x240,none,0,21,B,False
z0y528x240,constant,0,0,A,True
z0y528x240,constant,0,1,A,True
z0y528x240,constant,0,2,A,True
z0y528x240,constant,0,3,A,True
z0y528x240,constant,0,4,A,True
z0y528x240,constant,0,5,A,True
z0y528x240,constant,0,6,A,True
z0y528x240,constant,0,7,A,True
z0y528x240,constant,0,8,A,True
z0y528x240,constant,0,9,A,True
z0y528x240,constant,0,10,A,True
z0y528x240,constant,0,11,A,True
z0y528x240,constant,0,12,A,True
z0y528x240,constant,0,13,A,True
z0y528x240,constant,0,14,A,False
z0y528x240,constant,0,15,A,True
z0y528x240,constant,0,16,B,True
z0y528x240,constant,0,17,A,False
z0y528x240,constant,0,18,B,True
z0y528x240,constant,0,19,B,True
z0y528x240,constant,0,20,B,False
z0y528x240,constant,0,21,B,False
z0y528x240,residual,0,0,A,True
z0y528x240,residual,0,1,A,True
z0y528x240,residual,0,2,A,True
z0y528x240,residual,0,3,A,True
z0y528x240,residual,0,4,A,True
z0y528x240,residual,0,5,A,True
z0y528x240,residual,0,6,A,True
z0y528x240,residual,0,7,A,True
z0y528x240,residual,0,8,A,True
z0y528x240,residual,0,9,A,True
z0y528x240,residual,0,10,A,True
z0y528x240,residual,0,11,A,True
z0y528x240,residual,0,12,A,True
z0y528x240,residual,0,13,A,True
z0y528x240,residual,0,14,A,False
z0y528x240,residual,0,15,A,False
z0y528x240,residual,0,16,B,False
z0y528x240,residual,0,17,A,True
z0y528x240,residual,0,18,B,True
z0y528x240,residual,0,19,B,False
z0y528x240,residual,0,20,B,False
z0y528x240,residual,0,21,B,False
