init,lr,seed,migrated,disp,val_psnr,recall,precision,f1,n_pred,matched
random,0.0016,0,0.008,0.6857337355613708,23.409950864421866,0.3448275862068966,0.12195121951219512,0.18018018018018017,82,10
random,0.0016,1,0.02,0.6254903078079224,23.088439517354573,0.10344827586206896,0.045454545454545456,0.06315789473684211,66,3
random,0.05,0,0.204,6.979850769042969,24.87987188400706,0.3793103448275862,0.11224489795918367,0.1732283464566929,98,11
random,0.05,1,0.216,6.553742408752441,24.461059274369195,0.20689655172413793,0.07228915662650602,0.10714285714285714,83,6
random,0.0854,0,0.232,8.464103698730469,24.999961031409338,0.4482758620689655,0.12745098039215685,0.1984732824427481,102,13
random,0.0854,1,0.292,8.175762176513672,24.547120474831495,0.20689655172413793,0.06666666666666667,0.10084033613445377,90,6
coverage,0.0016,0,0.016,0.636387288570404,23.928603155424376,0.20689655172413793,0.06593406593406594,0.09999999999999999,91,6
coverage,0.0016,1,0.012,0.5935671925544739,23.98664286477002,0.27586206896551724,0.10256410256410256,0.14953271028037385,78,8
coverage,0.05,0,0.192,6.142218589782715,25.077478439767006,0.3103448275862069,0.08737864077669903,0.13636363636363635,103,9
coverage,0.05,1,0.18,5.843506813049316,24.929102061439735,0.4482758620689655,0.12149532710280374,0.1911764705882353,107,13
coverage,0.0854,0,0.236,7.34879207611084,25.070096156267645,0.3448275862068966,0.09090909090909091,0.14388489208633093,110,10
coverage,0.0854,1,0.216,6.856098175048828,25.048920300782274,0.41379310344827586,0.10434782608695652,0.16666666666666666,115,12
