frame,role,n_labels,detector,family,n_points,max_ratio,ratio@0.95,ratio@0.90,spn@0.95,spn@0.90
E1 t100,cliff,93,cellpose,downsample,5,281.591,<14,<14,,
E1 t100,cliff,93,cellpose,jpeg2k,11,536.305,491,>536,,
E1 t100,cliff,93,cellpose,jpegxl,4,107.713,>108,>108,,
E1 t100,cliff,93,cellpose,luxar,6,536.622,<159,<159,>58.7,>58.7
E1 t100,cliff,93,cellpose,zfp,3,55.3048,16,23,,
E1 t100,cliff,93,log,downsample,5,281.591,25,33,,
E1 t100,cliff,93,log,jpeg2k,11,536.305,>536,>536,,
E1 t100,cliff,93,log,jpegxl,4,107.713,>108,>108,,
E1 t100,cliff,93,log,luxar,6,536.622,>537,>537,<3.1,<3.1
E1 t100,cliff,93,log,zfp,3,55.3048,18,21,,
E1 t100,cliff,93,watershed,downsample,5,281.591,17,23,,
E1 t100,cliff,93,watershed,jpeg2k,11,536.305,>536,>536,,
E1 t100,cliff,93,watershed,jpegxl,4,107.713,>108,>108,,
E1 t100,cliff,93,watershed,luxar,6,536.622,>537,>537,<3.1,<3.1
E1 t100,cliff,93,watershed,zfp,3,55.3048,30,31,,
E1 t150,main,192,cellpose,downsample,5,281.591,<14,<14,,
E1 t150,main,192,cellpose,jpeg2k,12,529.147,233,>529,,
E1 t150,main,192,cellpose,jpegxl,4,91.1121,>91,>91,,
E1 t150,main,192,cellpose,luxar,7,529.567,32,41,192.3,145.5
E1 t150,main,192,cellpose,zfp,3,55.3048,<15,29,,
E1 t150,main,192,log,downsample,5,281.591,<14,15,,
E1 t150,main,192,log,jpeg2k,12,529.147,>529,>529,,
E1 t150,main,192,log,jpegxl,4,91.1121,>91,>91,,
E1 t150,main,192,log,luxar,7,529.567,405,479,4.4,2.4
E1 t150,main,192,log,zfp,3,55.3048,<15,19,,
E1 t150,main,192,watershed,downsample,5,281.591,<14,14,,
E1 t150,main,192,watershed,jpeg2k,12,529.147,>529,>529,,
E1 t150,main,192,watershed,jpegxl,4,91.1121,>91,>91,,
E1 t150,main,192,watershed,luxar,7,529.567,255,415,12.9,4.1
E1 t150,main,192,watershed,zfp,3,55.3048,30,31,,
E1 t194,main,362,cellpose,downsample,5,281.591,<14,<14,,
E1 t194,main,362,cellpose,jpeg2k,12,515.746,54,>516,,
E1 t194,main,362,cellpose,jpegxl,4,81.9126,>82,>82,,
E1 t194,main,362,cellpose,luxar,7,514.972,39,70,80.3,41.2
E1 t194,main,362,cellpose,zfp,3,55.3048,<15,17,,
E1 t194,main,362,log,downsample,5,281.591,<14,<14,,
E1 t194,main,362,log,jpeg2k,12,515.746,>516,>516,,
E1 t194,main,362,log,jpegxl,4,81.9126,>82,>82,,
E1 t194,main,362,log,luxar,7,514.972,266,370,6.1,3.1
E1 t194,main,362,log,zfp,3,55.3048,15,18,,
E1 t194,main,362,watershed,downsample,5,281.591,<14,<14,,
E1 t194,main,362,watershed,jpeg2k,12,515.746,>516,>516,,
E1 t194,main,362,watershed,jpegxl,4,81.9126,>82,>82,,
E1 t194,main,362,watershed,luxar,7,514.972,136,289,17.7,5.2
E1 t194,main,362,watershed,zfp,3,55.3048,18,24,,
E2 t150,main,190,cellpose,downsample,5,191.592,<14,<14,,
E2 t150,main,190,cellpose,jpeg2k,13,440.253,81,>440,,
E2 t150,main,190,cellpose,jpegxl,5,118.118,>118,>118,,
E2 t150,main,190,cellpose,luxar,8,440.579,<47,<47,>115.0,>115.0
E2 t150,main,190,cellpose,zfp,3,55.1068,28,29,,
E2 t150,main,190,log,downsample,5,191.592,<14,20,,
E2 t150,main,190,log,jpeg2k,13,440.253,>440,>440,,
E2 t150,main,190,log,jpegxl,5,118.118,>118,>118,,
E2 t150,main,190,log,luxar,8,440.579,393,417,3.6,2.8
E2 t150,main,190,log,zfp,3,55.1068,15,18,,
E2 t150,main,190,watershed,downsample,5,191.592,<14,<14,,
E2 t150,main,190,watershed,jpeg2k,13,440.253,>440,>440,,
E2 t150,main,190,watershed,jpegxl,5,118.118,>118,>118,,
E2 t150,main,190,watershed,luxar,8,440.579,107,370,42.4,4.3
E2 t150,main,190,watershed,zfp,3,55.1068,21,27,,
E2 t180,main,351,cellpose,downsample,5,191.592,<14,<14,,
E2 t180,main,351,cellpose,jpeg2k,13,434.014,52,280,,
E2 t180,main,351,cellpose,jpegxl,4,106.474,63,>106,,
E2 t180,main,351,cellpose,luxar,8,433.864,<46,59,>63.9,47.1
E2 t180,main,351,cellpose,zfp,3,55.1068,<13,28,,
E2 t180,main,351,log,downsample,5,191.592,<14,<14,,
E2 t180,main,351,log,jpeg2k,13,434.014,>434,>434,,
E2 t180,main,351,log,jpegxl,4,106.474,>106,>106,,
E2 t180,main,351,log,luxar,8,433.864,303,347,3.9,2.8
E2 t180,main,351,log,zfp,3,55.1068,17,21,,
E2 t180,main,351,watershed,downsample,5,191.592,<14,<14,,
E2 t180,main,351,watershed,jpeg2k,13,434.014,>434,>434,,
E2 t180,main,351,watershed,jpegxl,4,106.474,>106,>106,,
E2 t180,main,351,watershed,luxar,8,433.864,62,237,44.4,6.4
E2 t180,main,351,watershed,zfp,3,55.1068,17,22,,
