frame,comparison,est,lo,hi
s01 t150,gap90_cellpose_JXL_minus_Luxar,0.15384615384615385,0.07823129251700678,0.22692375886524818
s01 t150,hi230_log_Luxar_minus_J2K,0.17837837837837833,0.11891891891891893,0.2432432432432432
s01 t150,hi230_cellpose_Luxar_minus_J2K,0.07692307692307698,-0.022727272727272707,0.17688976906552092
s01 t194,gap90_cellpose_JXL_minus_Luxar,0.0950413223140496,0.036950976042590955,0.15587368421052628
s01 t194,hi230_log_Luxar_minus_J2K,0.23668639053254437,0.18483253588516754,0.29254095376774664
s01 t194,hi230_cellpose_Luxar_minus_J2K,0.0950413223140496,0.004045793617903063,0.182241134751773
s02 t150,gap90_cellpose_JXL_minus_Luxar,0.09933774834437092,0.04139363929849053,0.15845903121431287
s02 t150,hi230_log_Luxar_minus_J2K,0.5,0.42622950819672134,0.5771479873717443
s02 t150,hi230_cellpose_Luxar_minus_J2K,0.48344370860927155,0.37726464988364716,0.5838926174496644
s02 t180,gap90_cellpose_JXL_minus_Luxar,0.05753968253968256,0.004111947272637933,0.11087887198002433
s02 t180,hi230_log_Luxar_minus_J2K,0.5196969696969697,0.4593342782004149,0.5771660052910054
s02 t180,hi230_cellpose_Luxar_minus_J2K,0.5059523809523809,0.4260646757704428,0.5833492366412213
