n_pred,found,found_faint,found_bright,precision,recall,f1,group,file,method,bytes,ratio
156,115,52,63,0.7371794871794872,0.5989583333333334,0.6609195402298851,CE s01 t150,raw,raw,12687360,1.0
74,39,17,22,0.527027027027027,0.203125,0.2932330827067669,CE s01 t150,downsample_100300.npz,downsample,100300,126.49411764705883
96,40,16,24,0.4166666666666667,0.20833333333333334,0.2777777777777778,CE s01 t150,downsample_201348.npz,downsample,201348,63.01209845640384
100,50,25,25,0.5,0.2604166666666667,0.3424657534246575,CE s01 t150,downsample_362496.npz,downsample,362496,35.0
44,17,5,12,0.38636363636363635,0.08854166666666667,0.1440677966101695,CE s01 t150,downsample_45056.npz,downsample,45056,281.59090909090907
130,85,38,47,0.6538461538461539,0.4427083333333333,0.5279503105590062,CE s01 t150,downsample_882640.npz,downsample,882640,14.37433155080214
138,99,44,55,0.717391304347826,0.515625,0.5999999999999999,CE s01 t150,jpeg2k_102419.npz,jpeg2k,102419,123.87701500698113
159,115,53,62,0.7232704402515723,0.5989583333333334,0.6552706552706552,CE s01 t150,jpeg2k_204800.npz,jpeg2k,204800,61.95
158,121,58,63,0.7658227848101266,0.6302083333333334,0.6914285714285714,CE s01 t150,jpeg2k_409615.npz,jpeg2k,409615,30.973865703160286
123,79,33,46,0.6422764227642277,0.4114583333333333,0.5015873015873016,CE s01 t150,jpeg2k_51200.npz,jpeg2k,51200,247.8
160,117,55,62,0.73125,0.609375,0.6647727272727272,CE s01 t150,jpeg2k_819174.npz,jpeg2k,819174,15.4879915622322
154,117,46,71,0.7597402597402597,0.609375,0.676300578034682,CE s01 t150,jpegxl_139250.npz,jpegxl,139250,91.11210053859963
153,114,49,65,0.7450980392156863,0.59375,0.6608695652173913,CE s01 t150,jpegxl_205065.npz,jpegxl,205065,61.86994367639529
160,117,51,66,0.73125,0.609375,0.6647727272727272,CE s01 t150,jpegxl_409652.npz,jpegxl,409652,30.9710681261168
162,122,56,66,0.7530864197530864,0.6354166666666666,0.6892655367231637,CE s01 t150,jpegxl_819199.npz,jpegxl,819199,15.487518905662727
0,0,0,0,0.0,0.0,0.0,CE s01 t150,zfp_229408.npz,zfp,229408,55.3047844887711
148,85,40,45,0.5743243243243243,0.4427083333333333,0.5,CE s01 t150,zfp_433312.npz,zfp,433312,29.279964552101028
159,99,43,56,0.6226415094339622,0.515625,0.564102564102564,CE s01 t150,zfp_841120.npz,zfp,841120,15.083888149134488
117,68,28,40,0.5811965811965812,0.3541666666666667,0.4401294498381878,CE s01 t150,luxar_K1000_23958.npz,luxar_K1000,23958,529.5667417981467
129,87,36,51,0.6744186046511628,0.453125,0.5420560747663552,CE s01 t150,luxar_K16000_135138.npz,luxar_K16000,135138,93.88447364915864
129,89,40,49,0.689922480620155,0.4635416666666667,0.5545171339563864,CE s01 t150,luxar_K2000_33188.npz,luxar_K2000,33188,382.2875738218633
134,93,42,51,0.6940298507462687,0.484375,0.5705521472392638,CE s01 t150,luxar_K32000_224127.npz,luxar_K32000,224127,56.60790533938347
139,93,40,53,0.6690647482014388,0.484375,0.5619335347432024,CE s01 t150,luxar_K4000_50298.npz,luxar_K4000,50298,252.24382679231778
145,111,50,61,0.7655172413793103,0.578125,0.658753709198813,CE s01 t150,luxar_K64000_427309.npz,luxar_K64000,427309,29.691300674687405
135,91,45,46,0.674074074074074,0.4739583333333333,0.5565749235474006,CE s01 t150,luxar_K8000_85203.npz,luxar_K8000,85203,148.90743283687195
