group,file,method,bytes,ratio,n_pred,found@r0.4,found_faint@r0.4,found_bright@r0.4,precision@r0.4,recall@r0.4,f1@r0.4,found@r0.6,found_faint@r0.6,found_bright@r0.6,precision@r0.6,recall@r0.6,f1@r0.6,found@r0.8,found_faint@r0.8,found_bright@r0.8,precision@r0.8,recall@r0.8,f1@r0.8
CE s02 t110,raw,raw,11300864,1.0,105,81,30,51,0.7714285714285715,0.7864077669902912,0.7788461538461539,84,33,51,0.8,0.8155339805825242,0.8076923076923078,84,33,51,0.8,0.8155339805825242,0.8076923076923078
CE s02 t110,jpeg2k_123886.npz,jpeg2k,123886,91.2198634228242,132,93,43,50,0.7045454545454546,0.9029126213592233,0.7914893617021277,95,44,51,0.7196969696969697,0.9223300970873787,0.8085106382978723,95,44,51,0.7196969696969697,0.9223300970873787,0.8085106382978723
CE s02 t110,jpeg2k_21521.npz,jpeg2k,21521,525.1086845406812,110,93,43,50,0.8454545454545455,0.9029126213592233,0.8732394366197184,97,47,50,0.8818181818181818,0.941747572815534,0.9107981220657277,97,47,50,0.8818181818181818,0.941747572815534,0.9107981220657277
CE s02 t110,jpeg2k_26046.npz,jpeg2k,26046,433.8809798049605,114,94,44,50,0.8245614035087719,0.912621359223301,0.8663594470046084,97,47,50,0.8508771929824561,0.941747572815534,0.8940092165898617,97,47,50,0.8508771929824561,0.941747572815534,0.8940092165898617
CE s02 t110,jpeg2k_29299.npz,jpeg2k,29299,385.70818116659274,114,95,45,50,0.8333333333333334,0.9223300970873787,0.8755760368663594,97,47,50,0.8508771929824561,0.941747572815534,0.8940092165898617,97,47,50,0.8508771929824561,0.941747572815534,0.8940092165898617
CE s02 t110,jpeg2k_33477.npz,jpeg2k,33477,337.57098903724943,121,95,45,50,0.7851239669421488,0.9223300970873787,0.8482142857142858,97,47,50,0.8016528925619835,0.941747572815534,0.8660714285714285,97,47,50,0.8016528925619835,0.941747572815534,0.8660714285714285
CE s02 t110,jpeg2k_48897.npz,jpeg2k,48897,231.11569216925375,130,94,44,50,0.7230769230769231,0.912621359223301,0.8068669527896994,97,47,50,0.7461538461538462,0.941747572815534,0.832618025751073,97,47,50,0.7461538461538462,0.941747572815534,0.832618025751073
CE s02 t110,jpegxl_123971.npz,jpegxl,123971,91.15731905042308,111,90,41,49,0.8108108108108109,0.8737864077669902,0.8411214953271028,96,46,50,0.8648648648648649,0.9320388349514563,0.8971962616822431,96,46,50,0.8648648648648649,0.9320388349514563,0.8971962616822431
CE s02 t110,jpegxl_94330.npz,jpegxl,94330,119.80137814057034,124,94,44,50,0.7580645161290323,0.912621359223301,0.8281938325991189,96,46,50,0.7741935483870968,0.9320388349514563,0.8458149779735683,96,46,50,0.7741935483870968,0.9320388349514563,0.8458149779735683
CE s02 t110,luxar_K1000_26042.npz,luxar_K1000,26042,433.9476230704247,99,94,45,49,0.9494949494949495,0.912621359223301,0.9306930693069307,97,47,50,0.9797979797979798,0.941747572815534,0.9603960396039605,98,48,50,0.98989898989899,0.9514563106796117,0.9702970297029703
CE s02 t110,luxar_K1500_29297.npz,luxar_K1500,29297,385.73451206608183,101,96,46,50,0.9504950495049505,0.9320388349514563,0.9411764705882353,99,49,50,0.9801980198019802,0.9611650485436893,0.9705882352941178,99,49,50,0.9801980198019802,0.9611650485436893,0.9705882352941178
CE s02 t110,luxar_K16000_123921.npz,luxar_K16000,123921,91.19409946659566,103,92,45,47,0.8932038834951457,0.8932038834951457,0.8932038834951457,99,49,50,0.9611650485436893,0.9611650485436893,0.9611650485436893,99,49,50,0.9611650485436893,0.9611650485436893,0.9611650485436893
CE s02 t110,luxar_K2000_33450.npz,luxar_K2000,33450,337.8434678624813,100,97,47,50,0.97,0.941747572815534,0.9556650246305418,98,48,50,0.98,0.9514563106796117,0.9655172413793104,99,49,50,0.99,0.9611650485436893,0.9753694581280788
CE s02 t110,luxar_K4000_48860.npz,luxar_K4000,48860,231.29070814572248,101,97,47,50,0.9603960396039604,0.941747572815534,0.9509803921568628,100,50,50,0.9900990099009901,0.970873786407767,0.9803921568627452,100,50,50,0.9900990099009901,0.970873786407767,0.9803921568627452
CE s02 t110,luxar_K500_21549.npz,luxar_K500,21549,524.4263770940647,86,71,32,39,0.8255813953488372,0.6893203883495146,0.7513227513227513,80,38,42,0.9302325581395349,0.7766990291262136,0.8465608465608466,85,40,45,0.9883720930232558,0.8252427184466019,0.8994708994708994
