det,label,key,reg,n,mean,lo,hi,pos,neg,p,e1,e2,p_holm
psnr,PSNR (dB),PSNR,mod,12,-2.3916111111111116,-2.7252250000000005,-2.1011006944444452,0,12,,-2.551,-2.2322222222222226,
psnr,PSNR (dB),PSNR,far,12,-1.4421527777777776,-1.5718802083333328,-1.3204791666666666,0,12,,-1.3025,-1.5818055555555555,
log,LoG,LoG,mod,12,1.309332777777778,0.03153443055555562,2.727643819444444,8,4,0.10986328125,0.25199333333333335,2.3666722222222223,0.10986328125
log,LoG,LoG,far,12,-16.55587013888889,-23.018319305555554,-10.231276666666668,1,11,0.0009765625,-17.641833333333334,-15.469906944444444,0.00390625
watershed,Watershed,WS,mod,12,-3.992791388888889,-5.323359326388888,-2.687734763888889,0,12,0.00048828125,-2.106055,-5.879527777777778,0.00390625
watershed,Watershed,WS,far,12,-19.311125,-23.789620833333334,-15.049309895833332,0,12,0.00048828125,-19.029999999999998,-19.59225,0.00390625
cellpose,Cellpose (2D),CP,mod,12,-9.407483333333333,-11.398062222222222,-7.2566691666666685,0,12,0.00048828125,-12.297716666666666,-6.51725,0.00390625
cellpose,Cellpose (2D),CP,far,12,-23.234583333333333,-28.037298263888893,-18.26648541666667,0,12,0.00048828125,-28.954666666666665,-17.5145,0.00390625
cellpose3d,Cellpose (3D),CPthree,mod,12,3.5328625000000007,1.7904090625000002,5.503263854166666,10,2,0.0048828125,1.0153833333333333,6.050341666666667,0.009765625
cellpose3d,Cellpose (3D),CPthree,far,12,-18.15667013888889,-23.843058333333328,-12.826139409722224,0,12,0.00048828125,-20.28804166666667,-16.02529861111111,0.00390625
