group,file,method,bytes,ratio,n_cand,found@r0.4,found_faint@r0.4,found_bright@r0.4,found@r0.6,found_faint@r0.6,found_bright@r0.6,found@r0.8,found_faint@r0.8,found_bright@r0.8
CE s01 t150,raw,raw,12687360,1.0,2389,179,83,96,185,89,96,186,90,96
CE s01 t150,downsample_100300.npz,downsample,100300,126.49411764705883,650,87,42,45,111,54,57,113,54,59
CE s01 t150,downsample_201348.npz,downsample,201348,63.01209845640384,965,71,33,38,123,56,67,133,62,71
CE s01 t150,downsample_362496.npz,downsample,362496,35.0,1019,109,50,59,133,63,70,137,66,71
CE s01 t150,downsample_45056.npz,downsample,45056,281.59090909090907,512,40,16,24,67,28,39,72,33,39
CE s01 t150,downsample_882640.npz,downsample,882640,14.37433155080214,1273,142,61,81,169,78,91,169,78,91
CE s01 t150,jpeg2k_102419.npz,jpeg2k,102419,123.87701500698113,1509,169,77,92,179,85,94,180,86,94
CE s01 t150,jpeg2k_204800.npz,jpeg2k,204800,61.95,688,182,86,96,185,89,96,186,90,96
CE s01 t150,jpeg2k_409615.npz,jpeg2k,409615,30.973865703160286,1192,180,84,96,185,89,96,186,90,96
CE s01 t150,jpeg2k_51200.npz,jpeg2k,51200,247.8,364,126,54,72,153,74,79,154,74,80
CE s01 t150,jpeg2k_819174.npz,jpeg2k,819174,15.4879915622322,1944,180,84,96,185,89,96,186,90,96
CE s01 t150,jpegxl_139250.npz,jpegxl,139250,91.11210053859963,1684,183,87,96,187,91,96,188,92,96
CE s01 t150,jpegxl_205065.npz,jpegxl,205065,61.86994367639529,1957,181,85,96,185,89,96,186,90,96
CE s01 t150,jpegxl_409652.npz,jpegxl,409652,30.9710681261168,2183,181,85,96,186,90,96,187,91,96
CE s01 t150,jpegxl_819199.npz,jpegxl,819199,15.487518905662727,2357,181,86,95,185,90,95,186,91,95
CE s01 t150,zfp_229408.npz,zfp,229408,55.3047844887711,0,0,0,0,0,0,0,0,0,0
CE s01 t150,zfp_433312.npz,zfp,433312,29.279964552101028,2055,136,59,77,153,72,81,154,73,81
CE s01 t150,zfp_841120.npz,zfp,841120,15.083888149134488,2454,164,71,93,175,80,95,176,81,95
CE s01 t150,luxar_K1000_23958.npz,luxar_K1000,23958,529.5667417981467,163,151,60,91,161,69,92,161,69,92
CE s01 t150,luxar_K16000_135138.npz,luxar_K16000,135138,93.88447364915864,247,184,88,96,187,91,96,187,91,96
CE s01 t150,luxar_K2000_33188.npz,luxar_K2000,33188,382.2875738218633,180,177,81,96,179,83,96,179,83,96
CE s01 t150,luxar_K32000_224127.npz,luxar_K32000,224127,56.60790533938347,285,180,84,96,185,89,96,186,90,96
CE s01 t150,luxar_K4000_50298.npz,luxar_K4000,50298,252.24382679231778,193,183,87,96,186,90,96,186,90,96
CE s01 t150,luxar_K64000_427309.npz,luxar_K64000,427309,29.691300674687405,399,181,86,95,186,91,95,187,92,95
CE s01 t150,luxar_K8000_85203.npz,luxar_K8000,85203,148.90743283687195,200,181,85,96,185,89,96,185,89,96
