tag,frame,role,detector,codec,method,splats,splats_per_nucleus,bytes_lux,bytes_codec,ratio,psnr_lux,psnr_codec,kept_lux,kept_codec,diff,lo,hi
ce_s01_t100,E1 t100,cliff,cellpose,jpeg2k,luxar_K8000,5462,58.73,79903,79963,158.8,20.27,22.28,0.8605,1.012,-0.1512,-0.2386,-0.06024
ce_s01_t100,E1 t100,cliff,cellpose,jpeg2k,luxar_K4000,2419,26.01,48276,48282,262.8,20.23,21.58,0.7907,1,-0.2093,-0.3,-0.1205
ce_s01_t100,E1 t100,cliff,cellpose,jpeg2k,luxar_K3000,1597,17.17,39247,39264,323.3,20.25,21.36,0.8256,1.012,-0.186,-0.2759,-0.09524
ce_s01_t100,E1 t100,cliff,cellpose,jpeg2k,luxar_K2000,970,10.43,32130,32130,394.9,20.19,21.18,0.8023,0.9651,-0.1628,-0.2619,-0.06024
ce_s01_t100,E1 t100,cliff,cellpose,jpeg2k,luxar_K1500,603,6.484,27616,27607,459.4,20.12,21.07,0.7791,0.9651,-0.186,-0.2841,-0.08889
ce_s01_t100,E1 t100,cliff,cellpose,jpeg2k,luxar_K1000,288,3.097,23643,23657,536.6,19.96,20.96,0.7558,0.9302,-0.1744,-0.2738,-0.07143
ce_s01_t110,E1 t110,a1,cellpose,jpeg2k,luxar_K16000,1.053e+04,103.2,129264,129252,98.15,20.69,23.6,0.9176,1.035,-0.1176,-0.2184,-0.01163
ce_s01_t110,E1 t110,a1,cellpose,jpeg2k,luxar_K4000,2441,23.93,48410,48401,262.1,20.46,21.81,0.8588,0.9882,-0.1294,-0.2529,-0.0119
ce_s01_t110,E1 t110,a1,cellpose,jpeg2k,luxar_K2000,998,9.784,32309,32306,392.7,20.39,21.42,0.8588,0.9529,-0.09412,-0.2111,0.02381
ce_s01_t110,E1 t110,a1,cellpose,jpeg2k,luxar_K1500,624,6.118,27826,27834,456,20.29,21.3,0.7647,0.9412,-0.1765,-0.2963,-0.05
ce_s01_t110,E1 t110,a1,cellpose,jpeg2k,luxar_K1000,310,3.039,24021,24086,528.2,20.14,21.2,0.7882,0.9529,-0.1647,-0.2963,-0.02597
ce_s01_t110,E1 t110,a1,cellpose,jpeg2k,luxar_K500,92,0.902,21034,20999,603.2,19.53,21.12,0.6118,0.9765,-0.3647,-0.4941,-0.2405
ce_s01_t130,E1 t130,a1,cellpose,jpeg2k,luxar_K16000,1.066e+04,60.57,132747,132770,95.58,20.06,22.88,0.9145,1.007,-0.09211,-0.1569,-0.02666
ce_s01_t130,E1 t130,a1,cellpose,jpeg2k,luxar_K4000,2507,14.24,49756,49768,255,19.83,21.14,0.8026,0.9474,-0.1447,-0.2323,-0.05806
ce_s01_t130,E1 t130,a1,cellpose,jpeg2k,luxar_K2000,1050,5.966,33330,33338,380.7,19.76,20.76,0.6842,0.9408,-0.2566,-0.3558,-0.16
ce_s01_t130,E1 t130,a1,cellpose,jpeg2k,luxar_K1500,676,3.841,28680,28673,442.4,19.65,20.65,0.6908,0.9539,-0.2632,-0.3562,-0.1688
ce_s01_t130,E1 t130,a1,cellpose,jpeg2k,luxar_K1000,321,1.824,24093,24078,526.6,19.45,20.54,0.6645,0.9474,-0.2829,-0.3807,-0.1892
ce_s01_t130,E1 t130,a1,cellpose,jpeg2k,luxar_K500,106,0.6023,21394,21391,593,18.75,20.47,0.4013,0.9539,-0.5526,-0.6463,-0.4551
ce_t150,E1 t150,main,cellpose,jpeg2k,luxar_K64000,4.015e+04,209.1,427309,427289,29.69,21.3,27.92,0.965,0.986,-0.02098,-0.08387,0.04001
ce_t150,E1 t150,main,cellpose,jpeg2k,luxar_K32000,1.991e+04,103.7,224127,224154,56.61,20.52,24.76,0.8392,0.979,-0.1399,-0.2171,-0.06014
ce_t150,E1 t150,main,cellpose,jpeg2k,luxar_K16000,1.084e+04,56.44,135138,135188,93.88,20.29,23.09,0.8322,0.958,-0.1259,-0.2192,-0.02797
ce_t150,E1 t150,main,cellpose,jpeg2k,luxar_K8000,5800,30.21,85203,85293,148.9,20.03,22.08,0.8322,0.993,-0.1608,-0.2606,-0.05673
ce_t150,E1 t150,main,cellpose,jpeg2k,luxar_K4000,2550,13.28,50298,50278,252.2,20.01,21.35,0.8182,0.9371,-0.1189,-0.2123,-0.02113
ce_t150,E1 t150,main,cellpose,jpeg2k,luxar_K2000,1050,5.469,33188,33169,382.3,19.87,20.95,0.7902,0.979,-0.1888,-0.2955,-0.0833
ce_t150,E1 t150,main,cellpose,jpeg2k,luxar_K1000,324,1.688,23958,23977,529.6,19.6,20.73,0.6573,0.9161,-0.2587,-0.3576,-0.1565
ce_s01_t170,E1 t170,a1,cellpose,jpeg2k,luxar_K16000,1.108e+04,37.04,140355,140398,90.39,20.2,23.02,0.8722,1.026,-0.1542,-0.2243,-0.08411
ce_s01_t170,E1 t170,a1,cellpose,jpeg2k,luxar_K4000,2611,8.732,51330,51203,247.2,19.84,21.24,0.7974,0.9427,-0.1454,-0.2193,-0.06695
ce_s01_t170,E1 t170,a1,cellpose,jpeg2k,luxar_K2000,1147,3.836,34526,34525,367.5,19.7,20.87,0.7797,0.9515,-0.1718,-0.2532,-0.08809
ce_s01_t170,E1 t170,a1,cellpose,jpeg2k,luxar_K1500,735,2.458,29371,29362,432,19.5,20.75,0.7313,0.9692,-0.2379,-0.3128,-0.1598
ce_s01_t170,E1 t170,a1,cellpose,jpeg2k,luxar_K1000,390,1.304,24859,24865,510.4,19.26,20.64,0.5859,0.9075,-0.3216,-0.4027,-0.2396
ce_s01_t170,E1 t170,a1,cellpose,jpeg2k,luxar_K500,114,0.3813,21330,21361,594.8,18.32,20.55,0.348,0.8987,-0.5507,-0.6364,-0.4682
ce_s01_t185,E1 t185,a1,cellpose,jpeg2k,luxar_K16000,1.123e+04,31.45,142331,142195,89.14,19.95,22.78,0.821,0.9805,-0.1595,-0.2379,-0.08129
ce_s01_t185,E1 t185,a1,cellpose,jpeg2k,luxar_K4000,2669,7.476,52344,52322,242.4,19.6,21.02,0.7938,0.9066,-0.1128,-0.1938,-0.03331
ce_s01_t185,E1 t185,a1,cellpose,jpeg2k,luxar_K2000,1156,3.238,34593,34593,366.8,19.52,20.64,0.6887,0.9144,-0.2257,-0.3074,-0.1428
ce_s01_t185,E1 t185,a1,cellpose,jpeg2k,luxar_K1500,745,2.087,29411,29387,431.4,19.35,20.52,0.677,0.9066,-0.2296,-0.3048,-0.1496
ce_s01_t185,E1 t185,a1,cellpose,jpeg2k,luxar_K1000,356,0.9972,24399,24317,520,18.95,20.39,0.5292,0.8988,-0.3696,-0.448,-0.288
ce_s01_t185,E1 t185,a1,cellpose,jpeg2k,luxar_K500,111,0.3109,21348,21367,594.3,18.12,20.32,0.2724,0.8988,-0.6265,-0.7127,-0.5346
ce_t194,E1 t194,main,cellpose,jpeg2k,luxar_K64000,4.158e+04,114.9,450923,450951,28.14,21.13,27.95,0.9835,1.025,-0.04132,-0.1177,0.03434
ce_t194,E1 t194,main,cellpose,jpeg2k,luxar_K32000,2.049e+04,56.6,234363,234480,54.14,20.37,24.65,0.9174,0.9504,-0.03306,-0.1154,0.04881
ce_t194,E1 t194,main,cellpose,jpeg2k,luxar_K16000,1.12e+04,30.94,142147,142016,89.26,20.11,22.92,0.8843,0.9711,-0.08678,-0.1653,-0.01245
ce_t194,E1 t194,main,cellpose,jpeg2k,luxar_K8000,5928,16.38,87538,87507,144.9,19.84,21.87,0.8306,1.004,-0.1736,-0.2589,-0.08974
ce_t194,E1 t194,main,cellpose,jpeg2k,luxar_K4000,2638,7.287,52062,52085,243.7,19.77,21.16,0.8264,0.9752,-0.1488,-0.2301,-0.06926
ce_t194,E1 t194,main,cellpose,jpeg2k,luxar_K2000,1155,3.191,34689,34647,365.7,19.57,20.78,0.781,1.008,-0.2273,-0.3162,-0.141
ce_t194,E1 t194,main,cellpose,jpeg2k,luxar_K1000,360,0.9945,24637,24600,515,19.06,20.54,0.6281,0.9835,-0.3554,-0.444,-0.2647
ce_s02_t110,E2 t110,a1,cellpose,jpeg2k,luxar_K16000,1.02e+04,99.02,123921,123886,91.19,22.85,25.61,0.9438,1,-0.05618,-0.1398,0.02326
ce_s02_t110,E2 t110,a1,cellpose,jpeg2k,luxar_K4000,2453,23.82,48860,48897,231.3,22.61,23.92,0.9213,0.9101,0.01124,-0.07865,0.1125
ce_s02_t110,E2 t110,a1,cellpose,jpeg2k,luxar_K2000,1070,10.39,33450,33477,337.8,22.35,23.53,0.8876,0.9326,-0.04494,-0.1305,0.03905
ce_s02_t110,E2 t110,a1,cellpose,jpeg2k,luxar_K1500,710,6.893,29297,29299,385.7,22.25,23.41,0.9101,0.9438,-0.03371,-0.1319,0.06669
ce_s02_t110,E2 t110,a1,cellpose,jpeg2k,luxar_K1000,444,4.311,26042,26046,433.9,22.02,23.32,0.8427,0.9326,-0.08989,-0.1809,0.01076
ce_s02_t110,E2 t110,a1,cellpose,jpeg2k,luxar_K500,116,1.126,21549,21521,524.4,20.99,23.18,0.6854,0.9213,-0.236,-0.3415,-0.129
ce_s02_t130,E2 t130,a1,cellpose,jpeg2k,luxar_K16000,1.032e+04,58.64,127150,127144,88.88,22.29,24.86,0,0.9403,-0.9403,-1.008,-0.8759
ce_s02_t130,E2 t130,a1,cellpose,jpeg2k,luxar_K4000,2669,15.16,51493,51203,219.5,22.08,23.32,0.8657,0.9552,-0.08955,-0.1797,0
ce_s02_t130,E2 t130,a1,cellpose,jpeg2k,luxar_K2000,1065,6.051,33419,33410,338.2,21.73,22.92,0.8433,0.9104,-0.06716,-0.1603,0.03336
ce_s02_t130,E2 t130,a1,cellpose,jpeg2k,luxar_K1500,771,4.381,29909,29909,377.8,21.59,22.83,0.7985,0.8881,-0.08955,-0.1812,0.007577
ce_s02_t130,E2 t130,a1,cellpose,jpeg2k,luxar_K1000,462,2.625,26069,26059,433.5,21.2,22.73,0.7313,0.8881,-0.1567,-0.2519,-0.05263
ce_s02_t130,E2 t130,a1,cellpose,jpeg2k,luxar_K500,126,0.7159,21670,21640,521.5,20.16,22.6,0.5149,0.9179,-0.403,-0.5175,-0.3014
ce_s02_t150,E2 t150,main,cellpose,jpeg2k,luxar_K64000,4.296e+04,226.1,447071,447149,25.28,23.2,29.37,0.9205,1.02,-0.09934,-0.1677,-0.02816
ce_s02_t150,E2 t150,main,cellpose,jpeg2k,luxar_K32000,2.186e+04,115,239510,239524,47.18,22.55,26.52,0.8742,1.046,-0.1722,-0.2409,-0.1067
ce_s02_t150,E2 t150,main,cellpose,jpeg2k,luxar_K16000,1.018e+04,53.59,125542,125533,90.02,22.08,24.65,0.9007,0.9338,-0.03311,-0.09657,0.02864
ce_s02_t150,E2 t150,main,cellpose,jpeg2k,luxar_K8000,5762,30.33,83322,83428,135.6,21.94,23.78,0.8742,0.9603,-0.08609,-0.1701,0
ce_s02_t150,E2 t150,main,cellpose,jpeg2k,luxar_K4000,2529,13.31,49866,49838,226.6,21.79,23.05,0.8808,0.947,-0.06623,-0.1456,0.01316
ce_s02_t150,E2 t150,main,cellpose,jpeg2k,luxar_K3000,1825,9.605,42017,42015,269,21.79,22.89,0.8675,0.9669,-0.09934,-0.1748,-0.02537
ce_s02_t150,E2 t150,main,cellpose,jpeg2k,luxar_K2000,1143,6.016,34298,34276,329.5,21.58,22.7,0.8411,0.9404,-0.09934,-0.1757,-0.01999
ce_s02_t150,E2 t150,main,cellpose,jpeg2k,luxar_K1500,783,4.121,29968,29958,377.1,21.43,22.59,0.8079,0.9272,-0.1192,-0.2037,-0.03289
ce_s02_t150,E2 t150,main,cellpose,jpeg2k,luxar_K1000,442,2.326,25650,25669,440.6,20.87,22.47,0.7417,0.9007,-0.1589,-0.2535,-0.06163
ce_s02_t165,E2 t165,a1,cellpose,jpeg2k,luxar_K16000,1.03e+04,35.15,128856,128872,87.7,21.89,24.42,0.9039,0.9738,-0.06987,-0.1416,0
ce_s02_t165,E2 t165,a1,cellpose,jpeg2k,luxar_K4000,2612,8.915,51525,51087,219.3,21.57,22.82,0.8646,0.9563,-0.0917,-0.1644,-0.01695
ce_s02_t165,E2 t165,a1,cellpose,jpeg2k,luxar_K2000,1220,4.164,35392,35397,319.3,21.25,22.47,0.8341,0.9782,-0.1441,-0.2241,-0.07018
ce_s02_t165,E2 t165,a1,cellpose,jpeg2k,luxar_K1500,863,2.945,31048,31029,364,21.03,22.36,0.7642,0.9694,-0.2052,-0.2785,-0.1283
ce_s02_t165,E2 t165,a1,cellpose,jpeg2k,luxar_K1000,454,1.549,26089,26097,433.2,20.49,22.22,0.7031,0.9389,-0.2358,-0.3151,-0.1528
ce_s02_t165,E2 t165,a1,cellpose,jpeg2k,luxar_K500,130,0.4437,21656,21630,521.8,19.14,22.1,0.3755,0.9127,-0.5371,-0.6261,-0.4484
ce_s02_t180,E2 t180,main,cellpose,jpeg2k,luxar_K64000,4.387e+04,125,461207,461286,24.5,22.68,28.88,0.8889,1.012,-0.123,-0.1859,-0.05714
ce_s02_t180,E2 t180,main,cellpose,jpeg2k,luxar_K32000,2.243e+04,63.89,247533,247503,45.65,22.08,26.02,0.9048,0.9802,-0.0754,-0.1527,0.003891
ce_s02_t180,E2 t180,main,cellpose,jpeg2k,luxar_K16000,1.044e+04,29.74,130222,130208,86.78,21.61,24.11,0.8929,0.9484,-0.05556,-0.1312,0.01873
ce_s02_t180,E2 t180,main,cellpose,jpeg2k,luxar_K8000,5925,16.88,86446,86453,130.7,21.42,23.23,0.873,0.9246,-0.05159,-0.1269,0.02293
ce_s02_t180,E2 t180,main,cellpose,jpeg2k,luxar_K4000,2617,7.456,51744,51709,218.4,21.22,22.54,0.8373,0.9127,-0.0754,-0.1446,-0.007692
ce_s02_t180,E2 t180,main,cellpose,jpeg2k,luxar_K3000,1897,5.405,43474,43483,259.9,21.21,22.36,0.8175,0.9167,-0.09921,-0.1767,-0.02353
ce_s02_t180,E2 t180,main,cellpose,jpeg2k,luxar_K2000,1205,3.433,35227,35235,320.8,20.93,22.16,0.8333,0.869,-0.03571,-0.1135,0.04314
ce_s02_t180,E2 t180,main,cellpose,jpeg2k,luxar_K1500,822,2.342,30534,30561,370.1,20.64,22.04,0.7817,0.8373,-0.05556,-0.1322,0.01582
ce_s02_t180,E2 t180,main,cellpose,jpeg2k,luxar_K1000,458,1.305,26047,26038,433.9,20.11,21.92,0.619,0.8532,-0.2341,-0.313,-0.1583
ce_s02_t185,E2 t185,a1,cellpose,jpeg2k,luxar_K16000,1.047e+04,29.32,131460,131473,85.96,21.57,24.11,0.8566,0.8876,-0.03101,-0.1053,0.05021
ce_s02_t185,E2 t185,a1,cellpose,jpeg2k,luxar_K4000,2610,7.311,51569,51210,219.1,21.2,22.51,0.8372,0.8721,-0.03488,-0.1063,0.03953
ce_s02_t185,E2 t185,a1,cellpose,jpeg2k,luxar_K2000,1132,3.171,34363,34352,328.9,20.91,22.13,0.7674,0.8566,-0.08915,-0.1629,-0.01923
ce_s02_t185,E2 t185,a1,cellpose,jpeg2k,luxar_K1500,781,2.188,30051,30071,376.1,20.57,22.02,0.7248,0.8527,-0.1279,-0.2112,-0.04687
ce_s02_t185,E2 t185,a1,cellpose,jpeg2k,luxar_K1000,407,1.14,25354,25365,445.7,20.05,21.9,0.562,0.8643,-0.3023,-0.3902,-0.2154
ce_s02_t185,E2 t185,a1,cellpose,jpeg2k,luxar_K500,133,0.3725,21706,21698,520.6,18.92,21.8,0.3682,0.8721,-0.5039,-0.5929,-0.416
ce_s01_t110,E1 t110,a1,cellpose,jpegxl,luxar_K16000,1.053e+04,103.2,129264,124006,98.15,20.69,21.93,0.9176,1.047,-0.1294,-0.2247,-0.03571
ce_s01_t130,E1 t130,a1,cellpose,jpegxl,luxar_K16000,1.066e+04,60.57,132747,131239,95.58,20.06,21.38,0.9145,0.9737,-0.05921,-0.125,0.006711
ce_t150,E1 t150,main,cellpose,jpegxl,luxar_K64000,4.015e+04,209.1,427309,409652,29.69,21.3,25.46,0.965,0.993,-0.02797,-0.1007,0.03624
ce_t150,E1 t150,main,cellpose,jpegxl,luxar_K32000,1.991e+04,103.7,224127,205065,56.61,20.52,22.55,0.8392,0.979,-0.1399,-0.2245,-0.04573
ce_t150,E1 t150,main,cellpose,jpegxl,luxar_K16000,1.084e+04,56.44,135138,139250,93.88,20.29,21.69,0.8322,1,-0.1678,-0.2676,-0.06521
ce_s01_t170,E1 t170,a1,cellpose,jpegxl,luxar_K16000,1.108e+04,37.04,140355,146808,90.39,20.2,21.71,0.8722,1.022,-0.1498,-0.2291,-0.07522
ce_s01_t185,E1 t185,a1,cellpose,jpegxl,luxar_K16000,1.123e+04,31.45,142331,152892,89.14,19.95,21.53,0.821,0.9533,-0.1323,-0.2117,-0.04999
ce_t194,E1 t194,main,cellpose,jpegxl,luxar_K64000,4.158e+04,114.9,450923,409685,28.14,21.13,25.36,0.9835,1.012,-0.02893,-0.1017,0.04185
ce_t194,E1 t194,main,cellpose,jpegxl,luxar_K16000,1.12e+04,30.94,142147,154889,89.26,20.11,21.71,0.8843,1,-0.1157,-0.1936,-0.03937
ce_s02_t150,E2 t150,main,cellpose,jpegxl,luxar_K64000,4.296e+04,226.1,447071,409263,25.28,23.2,27.09,0.9205,1,-0.07947,-0.1569,0
ce_s01_t110,E1 t110,a1,cellpose3d,jpeg2k,luxar_K16000,1.053e+04,103.2,129264,129252,98.15,20.69,23.6,1.055,1.055,0,-0.04396,0.04545
ce_s01_t110,E1 t110,a1,cellpose3d,jpeg2k,luxar_K4000,2441,23.93,48410,48401,262.1,20.46,21.81,1.066,1.022,0.04396,0,0.1023
ce_s01_t110,E1 t110,a1,cellpose3d,jpeg2k,luxar_K2000,998,9.784,32309,32306,392.7,20.39,21.42,1.066,1.033,0.03297,-0.01064,0.09195
ce_s01_t110,E1 t110,a1,cellpose3d,jpeg2k,luxar_K1500,624,6.118,27826,27834,456,20.29,21.3,1.022,1.044,-0.02198,-0.07778,0.02429
ce_s01_t110,E1 t110,a1,cellpose3d,jpeg2k,luxar_K1000,310,3.039,24021,24086,528.2,20.14,21.2,1.022,1.066,-0.04396,-0.0989,0
ce_s01_t110,E1 t110,a1,cellpose3d,jpeg2k,luxar_K500,92,0.902,21034,20999,603.2,19.53,21.12,0.7363,1.066,-0.3297,-0.4334,-0.2333
ce_s01_t130,E1 t130,a1,cellpose3d,jpeg2k,luxar_K16000,1.066e+04,60.57,132747,132770,95.58,20.06,22.88,1.061,1.043,0.0184,0,0.04349
ce_s01_t130,E1 t130,a1,cellpose3d,jpeg2k,luxar_K4000,2507,14.24,49756,49768,255,19.83,21.14,1.074,1.037,0.03681,0.01183,0.06962
ce_s01_t130,E1 t130,a1,cellpose3d,jpeg2k,luxar_K2000,1050,5.966,33330,33338,380.7,19.76,20.76,1.049,1.037,0.01227,-0.01796,0.04403
ce_s01_t130,E1 t130,a1,cellpose3d,jpeg2k,luxar_K1500,676,3.841,28680,28673,442.4,19.65,20.65,1.012,1.037,-0.02454,-0.06627,0.01274
ce_s01_t130,E1 t130,a1,cellpose3d,jpeg2k,luxar_K1000,321,1.824,24093,24078,526.6,19.45,20.54,0.9387,1.037,-0.09816,-0.1548,-0.04878
ce_s01_t130,E1 t130,a1,cellpose3d,jpeg2k,luxar_K500,106,0.6023,21394,21391,593,18.75,20.47,0.4969,1.031,-0.5337,-0.6108,-0.4518
ce_t150,E1 t150,main,cellpose3d,jpeg2k,luxar_K64000,4.015e+04,209.1,427309,427289,29.69,21.3,27.92,1.018,1,0.01786,-0.0289,0.06435
ce_t150,E1 t150,main,cellpose3d,jpeg2k,luxar_K32000,1.991e+04,103.7,224127,224154,56.61,20.52,24.76,1.042,1.012,0.02976,-0.01724,0.07831
ce_t150,E1 t150,main,cellpose3d,jpeg2k,luxar_K16000,1.084e+04,56.44,135138,135188,93.88,20.29,23.09,1.042,1.024,0.01786,-0.02858,0.06323
ce_t150,E1 t150,main,cellpose3d,jpeg2k,luxar_K8000,5800,30.21,85203,85293,148.9,20.03,22.08,1.042,1.024,0.01786,-0.03469,0.07191
ce_t150,E1 t150,main,cellpose3d,jpeg2k,luxar_K4000,2550,13.28,50298,50278,252.2,20.01,21.35,1.042,1.018,0.02381,-0.01852,0.06918
ce_t150,E1 t150,main,cellpose3d,jpeg2k,luxar_K2000,1050,5.469,33188,33169,382.3,19.87,20.95,0.9762,1.018,-0.04167,-0.09412,0.01177
ce_t150,E1 t150,main,cellpose3d,jpeg2k,luxar_K1000,324,1.688,23958,23977,529.6,19.6,20.73,0.881,1.024,-0.1429,-0.2112,-0.07316
ce_s01_t170,E1 t170,a1,cellpose3d,jpeg2k,luxar_K16000,1.108e+04,37.04,140355,140398,90.39,20.2,23.02,1.082,1.039,0.0428,0.003846,0.08299
ce_s01_t170,E1 t170,a1,cellpose3d,jpeg2k,luxar_K4000,2611,8.732,51330,51348,247.2,19.84,21.24,1.035,1.074,-0.03891,-0.07938,0
ce_s01_t170,E1 t170,a1,cellpose3d,jpeg2k,luxar_K2000,1147,3.836,34526,34525,367.5,19.7,20.87,1.019,1.066,-0.04669,-0.08627,-0.007812
ce_s01_t170,E1 t170,a1,cellpose3d,jpeg2k,luxar_K1500,735,2.458,29371,29362,432,19.5,20.75,0.9416,1.054,-0.1128,-0.1628,-0.06488
ce_s01_t170,E1 t170,a1,cellpose3d,jpeg2k,luxar_K1000,390,1.304,24859,24865,510.4,19.26,20.64,0.8016,1.054,-0.2529,-0.313,-0.1943
ce_s01_t170,E1 t170,a1,cellpose3d,jpeg2k,luxar_K500,114,0.3813,21330,21361,594.8,18.32,20.55,0.3463,1.047,-0.7004,-0.7747,-0.6302
ce_s01_t185,E1 t185,a1,cellpose3d,jpeg2k,luxar_K16000,1.123e+04,31.45,142331,142195,89.14,19.95,22.78,1.107,1.097,0.01034,-0.02768,0.0493
ce_s01_t185,E1 t185,a1,cellpose3d,jpeg2k,luxar_K4000,2669,7.476,52344,52322,242.4,19.6,21.02,1.052,1.079,-0.02759,-0.07194,0.01384
ce_s01_t185,E1 t185,a1,cellpose3d,jpeg2k,luxar_K2000,1156,3.238,34593,34593,366.8,19.52,20.64,0.9862,1.103,-0.1172,-0.1597,-0.07266
ce_s01_t185,E1 t185,a1,cellpose3d,jpeg2k,luxar_K1500,745,2.087,29411,29387,431.4,19.35,20.52,0.9172,1.072,-0.1552,-0.2091,-0.1006
ce_s01_t185,E1 t185,a1,cellpose3d,jpeg2k,luxar_K1000,356,0.9972,24399,24317,520,18.95,20.39,0.669,1.09,-0.4207,-0.4932,-0.3495
ce_s01_t185,E1 t185,a1,cellpose3d,jpeg2k,luxar_K500,111,0.3109,21348,21367,594.3,18.12,20.32,0.2931,1.086,-0.7931,-0.8705,-0.7177
ce_t194,E1 t194,main,cellpose3d,jpeg2k,luxar_K64000,4.158e+04,114.9,450923,450951,28.14,21.13,27.95,1.048,1.014,0.03413,-0.01684,0.08633
ce_t194,E1 t194,main,cellpose3d,jpeg2k,luxar_K32000,2.049e+04,56.6,234363,234480,54.14,20.37,24.65,1.082,1.048,0.03413,-0.01639,0.08681
ce_t194,E1 t194,main,cellpose3d,jpeg2k,luxar_K16000,1.12e+04,30.94,142147,142016,89.26,20.11,22.92,1.072,1.048,0.02389,-0.02035,0.06954
ce_t194,E1 t194,main,cellpose3d,jpeg2k,luxar_K8000,5928,16.38,87538,87507,144.9,19.84,21.87,1.017,1.068,-0.05119,-0.09557,-0.009737
ce_t194,E1 t194,main,cellpose3d,jpeg2k,luxar_K4000,2638,7.287,52062,52085,243.7,19.77,21.16,1,1.058,-0.05802,-0.1007,-0.01678
ce_t194,E1 t194,main,cellpose3d,jpeg2k,luxar_K2000,1155,3.191,34689,34647,365.7,19.57,20.78,0.9488,1.051,-0.1024,-0.1562,-0.05517
ce_t194,E1 t194,main,cellpose3d,jpeg2k,luxar_K1000,360,0.9945,24637,24600,515,19.06,20.54,0.6962,1.041,-0.3447,-0.4132,-0.2776
ce_s02_t110,E2 t110,a1,cellpose3d,jpeg2k,luxar_K16000,1.02e+04,99.02,123921,123886,91.19,22.85,25.61,1.179,1.131,0.04762,0,0.1139
ce_s02_t110,E2 t110,a1,cellpose3d,jpeg2k,luxar_K4000,2453,23.82,48860,48897,231.3,22.61,23.92,1.19,1.155,0.03571,0,0.08642
ce_s02_t110,E2 t110,a1,cellpose3d,jpeg2k,luxar_K2000,1070,10.39,33450,33477,337.8,22.35,23.53,1.167,1.155,0.0119,-0.03616,0.07043
ce_s02_t110,E2 t110,a1,cellpose3d,jpeg2k,luxar_K1500,710,6.893,29297,29299,385.7,22.25,23.41,1.179,1.155,0.02381,-0.023,0.07792
ce_s02_t110,E2 t110,a1,cellpose3d,jpeg2k,luxar_K1000,444,4.311,26042,26046,433.9,22.02,23.32,1.155,1.155,0,-0.04651,0.05
ce_s02_t110,E2 t110,a1,cellpose3d,jpeg2k,luxar_K500,116,1.126,21549,21521,524.4,20.99,23.18,0.9524,1.155,-0.2024,-0.3059,-0.1039
ce_s02_t130,E2 t130,a1,cellpose3d,jpeg2k,luxar_K16000,1.032e+04,58.64,127150,127144,88.88,22.29,24.86,1.099,1.066,0.03311,0.00671,0.06849
ce_s02_t130,E2 t130,a1,cellpose3d,jpeg2k,luxar_K4000,2669,15.16,51493,51581,219.5,22.08,23.33,1.099,1.073,0.02649,-0.006667,0.06623
ce_s02_t130,E2 t130,a1,cellpose3d,jpeg2k,luxar_K2000,1065,6.051,33419,33410,338.2,21.73,22.92,1.079,1.093,-0.01325,-0.0473,0.01987
ce_s02_t130,E2 t130,a1,cellpose3d,jpeg2k,luxar_K1500,771,4.381,29909,29909,377.8,21.59,22.83,1.066,1.099,-0.03311,-0.07385,0.006453
ce_s02_t130,E2 t130,a1,cellpose3d,jpeg2k,luxar_K1000,462,2.625,26069,26059,433.5,21.2,22.73,1.007,1.093,-0.08609,-0.1382,-0.04054
ce_s02_t130,E2 t130,a1,cellpose3d,jpeg2k,luxar_K500,126,0.7159,21670,21640,521.5,20.16,22.6,0.6225,1.099,-0.4768,-0.5685,-0.3892
ce_s02_t150,E2 t150,main,cellpose3d,jpeg2k,luxar_K32000,2.186e+04,115,239510,239524,47.18,22.55,26.52,1.094,1.019,0.07547,0.03266,0.1258
ce_s02_t150,E2 t150,main,cellpose3d,jpeg2k,luxar_K16000,1.018e+04,53.59,125542,125533,90.02,22.08,24.65,1.126,1.05,0.07547,0.02958,0.1325
ce_s02_t150,E2 t150,main,cellpose3d,jpeg2k,luxar_K8000,5762,30.33,83322,83428,135.6,21.94,23.78,1.119,1.025,0.09434,0.04908,0.1503
ce_s02_t150,E2 t150,main,cellpose3d,jpeg2k,luxar_K4000,2529,13.31,49866,49838,226.6,21.79,23.05,1.126,1.082,0.04403,0.006059,0.08784
ce_s02_t150,E2 t150,main,cellpose3d,jpeg2k,luxar_K3000,1825,9.605,42017,42015,269,21.79,22.89,1.126,1.094,0.03145,-0.00641,0.07548
ce_s02_t150,E2 t150,main,cellpose3d,jpeg2k,luxar_K2000,1143,6.016,34298,34276,329.5,21.58,22.7,1.107,1.107,0,-0.03847,0.03847
ce_s02_t150,E2 t150,main,cellpose3d,jpeg2k,luxar_K1500,783,4.121,29968,29958,377.1,21.43,22.59,1.082,1.107,-0.02516,-0.06707,0.0125
ce_s02_t150,E2 t150,main,cellpose3d,jpeg2k,luxar_K1000,442,2.326,25650,25669,440.6,20.87,22.47,0.9119,1.113,-0.2013,-0.2788,-0.1304
ce_s02_t165,E2 t165,a1,cellpose3d,jpeg2k,luxar_K16000,1.03e+04,35.15,128856,128872,87.7,21.89,24.42,1.161,1.042,0.1186,0.068,0.1726
ce_s02_t165,E2 t165,a1,cellpose3d,jpeg2k,luxar_K4000,2612,8.915,51525,51531,219.3,21.57,22.83,1.174,1.081,0.09322,0.05084,0.1416
ce_s02_t165,E2 t165,a1,cellpose3d,jpeg2k,luxar_K2000,1220,4.164,35392,35397,319.3,21.25,22.47,1.119,1.11,0.008475,-0.02942,0.05042
ce_s02_t165,E2 t165,a1,cellpose3d,jpeg2k,luxar_K1500,863,2.945,31048,31029,364,21.03,22.36,1.064,1.119,-0.05508,-0.1004,-0.008366
ce_s02_t165,E2 t165,a1,cellpose3d,jpeg2k,luxar_K1000,454,1.549,26089,26097,433.2,20.49,22.22,0.8686,1.123,-0.2542,-0.3193,-0.1949
ce_s02_t165,E2 t165,a1,cellpose3d,jpeg2k,luxar_K500,130,0.4437,21656,21630,521.8,19.14,22.1,0.4068,1.11,-0.7034,-0.7792,-0.6281
ce_s02_t180,E2 t180,main,cellpose3d,jpeg2k,luxar_K32000,2.243e+04,63.89,247533,247503,45.65,22.08,26.02,1.123,1.019,0.1041,0.06204,0.1477
ce_s02_t180,E2 t180,main,cellpose3d,jpeg2k,luxar_K16000,1.044e+04,29.74,130222,130208,86.78,21.61,24.11,1.145,1.059,0.0855,0.0424,0.1326
ce_s02_t180,E2 t180,main,cellpose3d,jpeg2k,luxar_K8000,5925,16.88,86446,86453,130.7,21.42,23.23,1.197,1.078,0.119,0.07379,0.171
ce_s02_t180,E2 t180,main,cellpose3d,jpeg2k,luxar_K4000,2617,7.456,51744,51709,218.4,21.22,22.54,1.16,1.104,0.05576,0.01115,0.1004
ce_s02_t180,E2 t180,main,cellpose3d,jpeg2k,luxar_K3000,1897,5.405,43474,43483,259.9,21.21,22.36,1.141,1.1,0.04089,-0.003774,0.08846
ce_s02_t180,E2 t180,main,cellpose3d,jpeg2k,luxar_K2000,1205,3.433,35227,35235,320.8,20.93,22.16,1.093,1.108,-0.01487,-0.06205,0.03359
ce_s02_t180,E2 t180,main,cellpose3d,jpeg2k,luxar_K1500,822,2.342,30534,30561,370.1,20.64,22.04,1.033,1.104,-0.07063,-0.1259,-0.01509
ce_s02_t180,E2 t180,main,cellpose3d,jpeg2k,luxar_K1000,458,1.305,26047,26038,433.9,20.11,21.92,0.7621,1.134,-0.3717,-0.4408,-0.3054
ce_s02_t185,E2 t185,a1,cellpose3d,jpeg2k,luxar_K16000,1.047e+04,29.32,131460,131474,85.96,21.57,24.11,1.136,1.048,0.08824,0.04467,0.1353
ce_s02_t185,E2 t185,a1,cellpose3d,jpeg2k,luxar_K4000,2610,7.311,51569,51592,219.1,21.2,22.52,1.103,1.11,-0.007353,-0.05475,0.03636
ce_s02_t185,E2 t185,a1,cellpose3d,jpeg2k,luxar_K2000,1132,3.171,34363,34352,328.9,20.91,22.13,1.066,1.085,-0.01838,-0.06811,0.03309
ce_s02_t185,E2 t185,a1,cellpose3d,jpeg2k,luxar_K1500,781,2.188,30051,30071,376.1,20.57,22.02,0.989,1.092,-0.1029,-0.1579,-0.04886
ce_s02_t185,E2 t185,a1,cellpose3d,jpeg2k,luxar_K1000,407,1.14,25354,25365,445.7,20.05,21.9,0.7831,1.099,-0.3162,-0.3801,-0.2517
ce_s02_t185,E2 t185,a1,cellpose3d,jpeg2k,luxar_K500,133,0.3725,21706,21698,520.6,18.92,21.8,0.3787,1.096,-0.7169,-0.7881,-0.6439
ce_s01_t110,E1 t110,a1,cellpose3d,jpegxl,luxar_K16000,1.053e+04,103.2,129264,129270,98.15,20.69,21.97,1.055,1.044,0.01099,-0.03409,0.06667
ce_s01_t130,E1 t130,a1,cellpose3d,jpegxl,luxar_K16000,1.066e+04,60.57,132747,132737,95.58,20.06,21.39,1.061,1.037,0.02454,0.005882,0.05063
ce_t150,E1 t150,main,cellpose3d,jpegxl,luxar_K64000,4.015e+04,209.1,427309,427360,29.69,21.3,25.83,1.018,1.012,0.005952,-0.04167,0.05264
ce_t150,E1 t150,main,cellpose3d,jpegxl,luxar_K32000,1.991e+04,103.7,224127,224123,56.61,20.52,22.27,1.042,1,0.04167,-0.005814,0.09357
ce_s01_t170,E1 t170,a1,cellpose3d,jpegxl,luxar_K16000,1.108e+04,37.04,140355,146807,90.39,20.2,21.71,1.082,1.043,0.03891,0,0.08197
ce_s01_t185,E1 t185,a1,cellpose3d,jpegxl,luxar_K16000,1.123e+04,31.45,142331,152892,89.14,19.95,21.53,1.107,1.048,0.05862,0.01742,0.09798
ce_t194,E1 t194,main,cellpose3d,jpegxl,luxar_K64000,4.158e+04,114.9,450923,450902,28.14,21.13,26,1.048,1.024,0.02389,-0.02048,0.07024
ce_t194,E1 t194,main,cellpose3d,jpegxl,luxar_K32000,2.049e+04,56.6,234363,234371,54.14,20.37,22.22,1.082,0.9898,0.09215,0.0424,0.1434
ce_s02_t110,E2 t110,a1,cellpose3d,jpegxl,luxar_K16000,1.02e+04,99.02,123921,123971,91.19,22.85,24.06,1.179,1.143,0.03571,0,0.08537
ce_s02_t130,E2 t130,a1,cellpose3d,jpegxl,luxar_K16000,1.032e+04,58.64,127150,127162,88.88,22.29,23.53,1.099,1.073,0.02649,0.006289,0.05634
ce_s02_t150,E2 t150,main,cellpose3d,jpegxl,luxar_K32000,2.186e+04,115,239510,239500,47.18,22.55,24.18,1.094,1,0.09434,0.04819,0.1503
ce_s02_t150,E2 t150,main,cellpose3d,jpegxl,luxar_K16000,1.018e+04,53.59,125542,125544,90.02,22.08,23.31,1.126,1.031,0.09434,0.05093,0.1497
ce_s02_t165,E2 t165,a1,cellpose3d,jpegxl,luxar_K16000,1.03e+04,35.15,128856,128599,87.7,21.89,23.1,1.161,1.081,0.08051,0.04292,0.1228
ce_s02_t180,E2 t180,main,cellpose3d,jpegxl,luxar_K32000,2.243e+04,63.89,247533,247520,45.65,22.08,23.73,1.123,1.048,0.07435,0.03226,0.1181
ce_s02_t180,E2 t180,main,cellpose3d,jpegxl,luxar_K16000,1.044e+04,29.74,130222,130225,86.78,21.61,22.84,1.145,1.093,0.05204,0.01079,0.09666
ce_s02_t185,E2 t185,a1,cellpose3d,jpegxl,luxar_K16000,1.047e+04,29.32,131460,131460,85.96,21.57,22.81,1.136,1.088,0.04779,0.007352,0.08824
ce_s01_t100,E1 t100,cliff,log,jpeg2k,luxar_K8000,5462,58.73,79903,79963,158.8,20.27,22.28,1.06,0.9762,0.08333,0.0241,0.1519
ce_s01_t100,E1 t100,cliff,log,jpeg2k,luxar_K4000,2419,26.01,48276,48282,262.8,20.23,21.58,1.071,0.9643,0.1071,0.04494,0.1829
ce_s01_t100,E1 t100,cliff,log,jpeg2k,luxar_K3000,1597,17.17,39247,39264,323.3,20.25,21.36,1.071,0.9762,0.09524,0.03409,0.1667
ce_s01_t100,E1 t100,cliff,log,jpeg2k,luxar_K2000,970,10.43,32130,32130,394.9,20.19,21.18,1.083,0.9881,0.09524,0.03528,0.1687
ce_s01_t100,E1 t100,cliff,log,jpeg2k,luxar_K1500,603,6.484,27616,27607,459.4,20.12,21.07,1.095,1.012,0.08333,0.02353,0.1538
ce_s01_t100,E1 t100,cliff,log,jpeg2k,luxar_K1000,288,3.097,23643,23657,536.6,19.96,20.96,1.095,1,0.09524,0.03448,0.1689
ce_s01_t110,E1 t110,a1,log,jpeg2k,luxar_K16000,1.053e+04,103.2,129264,129252,98.15,20.69,23.6,1.011,0.9894,0.02128,-0.03158,0.07527
ce_s01_t110,E1 t110,a1,log,jpeg2k,luxar_K4000,2441,23.93,48410,48401,262.1,20.46,21.81,1.032,1,0.03191,-0.02151,0.08989
ce_s01_t110,E1 t110,a1,log,jpeg2k,luxar_K2000,998,9.784,32309,32306,392.7,20.39,21.42,1.074,0.9787,0.09574,0.04124,0.1609
ce_s01_t110,E1 t110,a1,log,jpeg2k,luxar_K1500,624,6.118,27826,27834,456,20.29,21.3,1.053,0.9894,0.06383,0.01042,0.1209
ce_s01_t110,E1 t110,a1,log,jpeg2k,luxar_K1000,310,3.039,24021,24086,528.2,20.14,21.2,1.021,0.9894,0.03191,-0.03125,0.09476
ce_s01_t110,E1 t110,a1,log,jpeg2k,luxar_K500,92,0.902,21034,20999,603.2,19.53,21.12,0.7766,1,-0.2234,-0.3226,-0.134
ce_s01_t130,E1 t130,a1,log,jpeg2k,luxar_K16000,1.066e+04,60.57,132747,132770,95.58,20.06,22.88,1.012,1,0.01183,0,0.03012
ce_s01_t130,E1 t130,a1,log,jpeg2k,luxar_K4000,2507,14.24,49756,49768,255,19.83,21.14,1.024,0.9882,0.0355,0.01156,0.06627
ce_s01_t130,E1 t130,a1,log,jpeg2k,luxar_K2000,1050,5.966,33330,33338,380.7,19.76,20.76,1.012,0.9882,0.02367,0.00578,0.04848
ce_s01_t130,E1 t130,a1,log,jpeg2k,luxar_K1500,676,3.841,28680,28673,442.4,19.65,20.65,1,0.9882,0.01183,-0.01156,0.03636
ce_s01_t130,E1 t130,a1,log,jpeg2k,luxar_K1000,321,1.824,24093,24078,526.6,19.45,20.54,0.9231,0.9882,-0.06509,-0.1118,-0.02395
ce_s01_t130,E1 t130,a1,log,jpeg2k,luxar_K500,106,0.6023,21394,21391,593,18.75,20.47,0.5444,0.9941,-0.4497,-0.5273,-0.3699
ce_t150,E1 t150,main,log,jpeg2k,luxar_K64000,4.015e+04,209.1,427309,427289,29.69,21.3,27.92,1.005,0.9946,0.01081,-0.01064,0.03315
ce_t150,E1 t150,main,log,jpeg2k,luxar_K32000,1.991e+04,103.7,224127,224154,56.61,20.52,24.76,1,1,0,-0.02646,0.02732
ce_t150,E1 t150,main,log,jpeg2k,luxar_K16000,1.084e+04,56.44,135138,135188,93.88,20.29,23.09,1.011,1.005,0.005405,-0.01099,0.02235
ce_t150,E1 t150,main,log,jpeg2k,luxar_K8000,5800,30.21,85203,85293,148.9,20.03,22.08,1,1.005,-0.005405,-0.03315,0.02186
ce_t150,E1 t150,main,log,jpeg2k,luxar_K4000,2550,13.28,50298,50278,252.2,20.01,21.35,1.005,1,0.005405,-0.02688,0.03764
ce_t150,E1 t150,main,log,jpeg2k,luxar_K2000,1050,5.469,33188,33169,382.3,19.87,20.95,0.9676,1.005,-0.03784,-0.07448,-0.005435
ce_t150,E1 t150,main,log,jpeg2k,luxar_K1000,324,1.688,23958,23977,529.6,19.6,20.73,0.8703,1.005,-0.1351,-0.1905,-0.08241
ce_s01_t170,E1 t170,a1,log,jpeg2k,luxar_K16000,1.108e+04,37.04,140355,140398,90.39,20.2,23.02,1.003,1,0.00346,-0.02062,0.02759
ce_s01_t170,E1 t170,a1,log,jpeg2k,luxar_K4000,2611,8.732,51330,51203,247.2,19.84,21.24,0.9792,1.01,-0.03114,-0.05843,-0.00692
ce_s01_t170,E1 t170,a1,log,jpeg2k,luxar_K2000,1147,3.836,34526,34525,367.5,19.7,20.87,0.955,1.007,-0.0519,-0.08362,-0.02397
ce_s01_t170,E1 t170,a1,log,jpeg2k,luxar_K1500,735,2.458,29371,29362,432,19.5,20.75,0.8789,1.007,-0.128,-0.1701,-0.0859
ce_s01_t170,E1 t170,a1,log,jpeg2k,luxar_K1000,390,1.304,24859,24865,510.4,19.26,20.64,0.7197,1.007,-0.2872,-0.3438,-0.231
ce_s01_t170,E1 t170,a1,log,jpeg2k,luxar_K500,114,0.3813,21330,21361,594.8,18.32,20.55,0.301,1.003,-0.7024,-0.7578,-0.6433
ce_s01_t185,E1 t185,a1,log,jpeg2k,luxar_K16000,1.123e+04,31.45,142331,142195,89.14,19.95,22.78,0.9971,0.9853,0.01173,-0.01471,0.0413
ce_s01_t185,E1 t185,a1,log,jpeg2k,luxar_K4000,2669,7.476,52344,52322,242.4,19.6,21.02,0.9765,0.9912,-0.01466,-0.03813,0.0117
ce_s01_t185,E1 t185,a1,log,jpeg2k,luxar_K2000,1156,3.238,34593,34593,366.8,19.52,20.64,0.9208,0.9971,-0.07625,-0.1095,-0.0413
ce_s01_t185,E1 t185,a1,log,jpeg2k,luxar_K1500,745,2.087,29411,29387,431.4,19.35,20.52,0.8651,0.9941,-0.129,-0.1696,-0.08798
ce_s01_t185,E1 t185,a1,log,jpeg2k,luxar_K1000,356,0.9972,24399,24317,520,18.95,20.39,0.6364,0.9941,-0.3578,-0.4123,-0.3059
ce_s01_t185,E1 t185,a1,log,jpeg2k,luxar_K500,111,0.3109,21348,21367,594.3,18.12,20.32,0.2463,0.9853,-0.739,-0.7882,-0.6879
ce_t194,E1 t194,main,log,jpeg2k,luxar_K64000,4.158e+04,114.9,450923,450951,28.14,21.13,27.95,1.006,1,0.005917,-0.0118,0.02381
ce_t194,E1 t194,main,log,jpeg2k,luxar_K32000,2.049e+04,56.6,234363,234480,54.14,20.37,24.65,1,1.003,-0.002959,-0.01786,0.01194
ce_t194,E1 t194,main,log,jpeg2k,luxar_K16000,1.12e+04,30.94,142147,142016,89.26,20.11,22.92,0.9793,1.006,-0.02663,-0.05311,-0.002959
ce_t194,E1 t194,main,log,jpeg2k,luxar_K8000,5928,16.38,87538,87507,144.9,19.84,21.87,0.9734,1.018,-0.04438,-0.0734,-0.0177
ce_t194,E1 t194,main,log,jpeg2k,luxar_K4000,2638,7.287,52062,52085,243.7,19.77,21.16,0.9615,1.009,-0.04734,-0.07692,-0.01807
ce_t194,E1 t194,main,log,jpeg2k,luxar_K2000,1155,3.191,34689,34647,365.7,19.57,20.78,0.9083,1.018,-0.1095,-0.152,-0.06997
ce_t194,E1 t194,main,log,jpeg2k,luxar_K1000,360,0.9945,24637,24600,515,19.06,20.54,0.6746,1.018,-0.3432,-0.3959,-0.287
ce_s02_t110,E2 t110,a1,log,jpeg2k,luxar_K16000,1.02e+04,99.02,123921,123886,91.19,22.85,25.61,1.063,0.9895,0.07368,0.02062,0.1379
ce_s02_t110,E2 t110,a1,log,jpeg2k,luxar_K4000,2453,23.82,48860,48897,231.3,22.61,23.92,1.063,1,0.06316,0.02041,0.1196
ce_s02_t110,E2 t110,a1,log,jpeg2k,luxar_K2000,1070,10.39,33450,33477,337.8,22.35,23.53,1.063,1,0.06316,0.02041,0.1209
ce_s02_t110,E2 t110,a1,log,jpeg2k,luxar_K1500,710,6.893,29297,29299,385.7,22.25,23.41,1.053,1.021,0.03158,-0.01053,0.08511
ce_s02_t110,E2 t110,a1,log,jpeg2k,luxar_K1000,444,4.311,26042,26046,433.9,22.02,23.32,1.042,1.011,0.03158,-0.02041,0.08889
ce_s02_t110,E2 t110,a1,log,jpeg2k,luxar_K500,116,1.126,21549,21521,524.4,20.99,23.18,0.9158,1.032,-0.1158,-0.2,-0.04124
ce_s02_t130,E2 t130,a1,log,jpeg2k,luxar_K16000,1.032e+04,58.64,127150,127144,88.88,22.29,24.86,1.018,1.006,0.01205,0,0.03067
ce_s02_t130,E2 t130,a1,log,jpeg2k,luxar_K4000,2669,15.16,51493,51203,219.5,22.08,23.32,1.012,1,0.01205,0,0.03049
ce_s02_t130,E2 t130,a1,log,jpeg2k,luxar_K2000,1065,6.051,33419,33410,338.2,21.73,22.92,1.018,1.006,0.01205,-0.0117,0.03704
ce_s02_t130,E2 t130,a1,log,jpeg2k,luxar_K1500,771,4.381,29909,29909,377.8,21.59,22.83,0.994,1.006,-0.01205,-0.04242,0.01796
ce_s02_t130,E2 t130,a1,log,jpeg2k,luxar_K1000,462,2.625,26069,26059,433.5,21.2,22.73,0.9277,1.006,-0.07831,-0.1212,-0.04142
ce_s02_t130,E2 t130,a1,log,jpeg2k,luxar_K500,126,0.7159,21670,21640,521.5,20.16,22.6,0.6386,1.012,-0.3735,-0.4551,-0.2994
ce_s02_t150,E2 t150,main,log,jpeg2k,luxar_K64000,4.296e+04,226.1,447071,447149,25.28,23.2,29.37,1.028,0.9944,0.03352,0.005435,0.06781
ce_s02_t150,E2 t150,main,log,jpeg2k,luxar_K32000,2.186e+04,115,239510,239524,47.18,22.55,26.52,1.039,1.006,0.03352,0.01075,0.06215
ce_s02_t150,E2 t150,main,log,jpeg2k,luxar_K16000,1.018e+04,53.59,125542,125533,90.02,22.08,24.65,1.039,0.9944,0.04469,0.01099,0.08428
ce_s02_t150,E2 t150,main,log,jpeg2k,luxar_K8000,5762,30.33,83322,83428,135.6,21.94,23.78,1.034,1,0.03352,0.005405,0.06818
ce_s02_t150,E2 t150,main,log,jpeg2k,luxar_K4000,2529,13.31,49866,49838,226.6,21.79,23.05,1.034,1,0.03352,0.005435,0.06897
ce_s02_t150,E2 t150,main,log,jpeg2k,luxar_K3000,1825,9.605,42017,42015,269,21.79,22.89,1.028,1,0.02793,-0.005464,0.06287
ce_s02_t150,E2 t150,main,log,jpeg2k,luxar_K2000,1143,6.016,34298,34276,329.5,21.58,22.7,1.006,1,0.005587,-0.02866,0.04545
ce_s02_t150,E2 t150,main,log,jpeg2k,luxar_K1500,783,4.121,29968,29958,377.1,21.43,22.59,0.9832,1.006,-0.02235,-0.06077,0.01649
ce_s02_t150,E2 t150,main,log,jpeg2k,luxar_K1000,442,2.326,25650,25669,440.6,20.87,22.47,0.8547,1.011,-0.1564,-0.2155,-0.1029
ce_s02_t165,E2 t165,a1,log,jpeg2k,luxar_K16000,1.03e+04,35.15,128856,128872,87.7,21.89,24.42,1.032,0.9964,0.03597,0.0106,0.06522
ce_s02_t165,E2 t165,a1,log,jpeg2k,luxar_K4000,2612,8.915,51525,51087,219.3,21.57,22.82,1.014,1.007,0.007194,-0.02128,0.03676
ce_s02_t165,E2 t165,a1,log,jpeg2k,luxar_K2000,1220,4.164,35392,35397,319.3,21.25,22.47,0.9964,1,-0.003597,-0.03191,0.02518
ce_s02_t165,E2 t165,a1,log,jpeg2k,luxar_K1500,863,2.945,31048,31029,364,21.03,22.36,0.9245,1.004,-0.07914,-0.1191,-0.03943
ce_s02_t165,E2 t165,a1,log,jpeg2k,luxar_K1000,454,1.549,26089,26097,433.2,20.49,22.22,0.7482,1.004,-0.2554,-0.3099,-0.2021
ce_s02_t165,E2 t165,a1,log,jpeg2k,luxar_K500,130,0.4437,21656,21630,521.8,19.14,22.1,0.3345,1.007,-0.6727,-0.7295,-0.6131
ce_s02_t180,E2 t180,main,log,jpeg2k,luxar_K64000,4.387e+04,125,461207,461286,24.5,22.68,28.88,1.021,1.003,0.01818,-0.005953,0.04348
ce_s02_t180,E2 t180,main,log,jpeg2k,luxar_K32000,2.243e+04,63.89,247533,247503,45.65,22.08,26.02,1.036,1.009,0.02727,0.008798,0.04938
ce_s02_t180,E2 t180,main,log,jpeg2k,luxar_K16000,1.044e+04,29.74,130222,130208,86.78,21.61,24.11,1.027,1.009,0.01818,0,0.03964
ce_s02_t180,E2 t180,main,log,jpeg2k,luxar_K8000,5925,16.88,86446,86453,130.7,21.42,23.23,1.018,1.009,0.009091,-0.01497,0.0347
ce_s02_t180,E2 t180,main,log,jpeg2k,luxar_K4000,2617,7.456,51744,51709,218.4,21.22,22.54,1.009,1,0.009091,-0.01502,0.03438
ce_s02_t180,E2 t180,main,log,jpeg2k,luxar_K3000,1897,5.405,43474,43483,259.9,21.21,22.36,0.9939,1.006,-0.01212,-0.04155,0.01558
ce_s02_t180,E2 t180,main,log,jpeg2k,luxar_K2000,1205,3.433,35227,35235,320.8,20.93,22.16,0.9333,1.009,-0.07576,-0.1091,-0.04451
ce_s02_t180,E2 t180,main,log,jpeg2k,luxar_K1500,822,2.342,30534,30561,370.1,20.64,22.04,0.8727,1.012,-0.1394,-0.1789,-0.0997
ce_s02_t180,E2 t180,main,log,jpeg2k,luxar_K1000,458,1.305,26047,26038,433.9,20.11,21.92,0.6636,1.012,-0.3485,-0.4019,-0.2966
ce_s02_t185,E2 t185,a1,log,jpeg2k,luxar_K16000,1.047e+04,29.32,131460,131473,85.96,21.57,24.11,1.009,1.003,0.006116,-0.02115,0.03438
ce_s02_t185,E2 t185,a1,log,jpeg2k,luxar_K4000,2610,7.311,51569,51210,219.1,21.2,22.51,1,1.018,-0.01835,-0.04823,0.009435
ce_s02_t185,E2 t185,a1,log,jpeg2k,luxar_K2000,1132,3.171,34363,34352,328.9,20.91,22.13,0.948,1.012,-0.06422,-0.09792,-0.03086
ce_s02_t185,E2 t185,a1,log,jpeg2k,luxar_K1500,781,2.188,30051,30071,376.1,20.57,22.02,0.8471,1.012,-0.1651,-0.2118,-0.1205
ce_s02_t185,E2 t185,a1,log,jpeg2k,luxar_K1000,407,1.14,25354,25365,445.7,20.05,21.9,0.6697,1.012,-0.3425,-0.397,-0.2884
ce_s02_t185,E2 t185,a1,log,jpeg2k,luxar_K500,133,0.3725,21706,21698,520.6,18.92,21.8,0.3119,1.018,-0.7064,-0.7625,-0.6469
ce_s01_t110,E1 t110,a1,log,jpegxl,luxar_K16000,1.053e+04,103.2,129264,124006,98.15,20.69,21.93,1.011,0.9787,0.03191,0,0.07292
ce_s01_t130,E1 t130,a1,log,jpegxl,luxar_K16000,1.066e+04,60.57,132747,131239,95.58,20.06,21.38,1.012,1,0.01183,0,0.03087
ce_t150,E1 t150,main,log,jpegxl,luxar_K64000,4.015e+04,209.1,427309,409652,29.69,21.3,25.46,1.005,1.005,0,-0.01604,0.01631
ce_t150,E1 t150,main,log,jpegxl,luxar_K32000,1.991e+04,103.7,224127,205065,56.61,20.52,22.55,1,1,0,-0.02646,0.02732
ce_t150,E1 t150,main,log,jpegxl,luxar_K16000,1.084e+04,56.44,135138,139250,93.88,20.29,21.69,1.011,1.011,0,-0.02151,0.02186
ce_s01_t170,E1 t170,a1,log,jpegxl,luxar_K16000,1.108e+04,37.04,140355,146808,90.39,20.2,21.71,1.003,1,0.00346,-0.02048,0.02807
ce_s01_t185,E1 t185,a1,log,jpegxl,luxar_K16000,1.123e+04,31.45,142331,152892,89.14,19.95,21.53,0.9971,0.9912,0.005865,-0.01734,0.02976
ce_t194,E1 t194,main,log,jpegxl,luxar_K64000,4.158e+04,114.9,450923,409685,28.14,21.13,25.36,1.006,0.997,0.008876,-0.00885,0.02736
ce_t194,E1 t194,main,log,jpegxl,luxar_K16000,1.12e+04,30.94,142147,154889,89.26,20.11,21.71,0.9793,0.997,-0.01775,-0.04665,0.01156
ce_s02_t150,E2 t150,main,log,jpegxl,luxar_K64000,4.296e+04,226.1,447071,409263,25.28,23.2,27.09,1.028,0.9944,0.03352,0.005435,0.06819
ce_s01_t100,E1 t100,cliff,watershed,jpeg2k,luxar_K8000,5462,58.73,79903,79963,158.8,20.27,22.28,0.967,0.989,-0.02198,-0.05495,0
ce_s01_t100,E1 t100,cliff,watershed,jpeg2k,luxar_K4000,2419,26.01,48276,48282,262.8,20.23,21.58,0.956,0.989,-0.03297,-0.07527,0
ce_s01_t100,E1 t100,cliff,watershed,jpeg2k,luxar_K3000,1597,17.17,39247,39264,323.3,20.25,21.36,0.978,0.989,-0.01099,-0.03371,0
ce_s01_t100,E1 t100,cliff,watershed,jpeg2k,luxar_K2000,970,10.43,32130,32130,394.9,20.19,21.18,0.956,0.989,-0.03297,-0.07609,0
ce_s01_t100,E1 t100,cliff,watershed,jpeg2k,luxar_K1500,603,6.484,27616,27607,459.4,20.12,21.07,0.956,0.989,-0.03297,-0.07529,0
ce_s01_t100,E1 t100,cliff,watershed,jpeg2k,luxar_K1000,288,3.097,23643,23657,536.6,19.96,20.96,0.956,0.989,-0.03297,-0.07609,0
ce_s01_t110,E1 t110,a1,watershed,jpeg2k,luxar_K16000,1.053e+04,103.2,129264,129252,98.15,20.69,23.6,0.9897,0.9897,0,0,0
ce_s01_t110,E1 t110,a1,watershed,jpeg2k,luxar_K4000,2441,23.93,48410,48401,262.1,20.46,21.81,0.9691,0.9897,-0.02062,-0.05263,0
ce_s01_t110,E1 t110,a1,watershed,jpeg2k,luxar_K2000,998,9.784,32309,32306,392.7,20.39,21.42,0.9381,0.9897,-0.05155,-0.09901,-0.01031
ce_s01_t110,E1 t110,a1,watershed,jpeg2k,luxar_K1500,624,6.118,27826,27834,456,20.29,21.3,0.9278,0.9897,-0.06186,-0.11,-0.0202
ce_s01_t110,E1 t110,a1,watershed,jpeg2k,luxar_K1000,310,3.039,24021,24086,528.2,20.14,21.2,0.9278,0.9897,-0.06186,-0.1134,-0.02041
ce_s01_t110,E1 t110,a1,watershed,jpeg2k,luxar_K500,92,0.902,21034,20999,603.2,19.53,21.12,0.7938,0.9897,-0.1959,-0.2784,-0.1224
ce_s01_t130,E1 t130,a1,watershed,jpeg2k,luxar_K16000,1.066e+04,60.57,132747,132770,95.58,20.06,22.88,1,1,0,0,0
ce_s01_t130,E1 t130,a1,watershed,jpeg2k,luxar_K4000,2507,14.24,49756,49768,255,19.83,21.14,0.9824,1,-0.01765,-0.04094,0
ce_s01_t130,E1 t130,a1,watershed,jpeg2k,luxar_K2000,1050,5.966,33330,33338,380.7,19.76,20.76,0.9824,1,-0.01765,-0.0407,0
ce_s01_t130,E1 t130,a1,watershed,jpeg2k,luxar_K1500,676,3.841,28680,28673,442.4,19.65,20.65,0.9588,1,-0.04118,-0.07514,-0.01724
ce_s01_t130,E1 t130,a1,watershed,jpeg2k,luxar_K1000,321,1.824,24093,24078,526.6,19.45,20.54,0.9176,1,-0.08235,-0.1257,-0.04678
ce_s01_t130,E1 t130,a1,watershed,jpeg2k,luxar_K500,106,0.6023,21394,21391,593,18.75,20.47,0.6118,1,-0.3882,-0.4643,-0.314
ce_t150,E1 t150,main,watershed,jpeg2k,luxar_K64000,4.015e+04,209.1,427309,427289,29.69,21.3,27.92,0.9672,1,-0.03279,-0.06011,-0.01075
ce_t150,E1 t150,main,watershed,jpeg2k,luxar_K32000,1.991e+04,103.7,224127,224154,56.61,20.52,24.76,0.9727,0.9945,-0.02186,-0.0442,-0.005348
ce_t150,E1 t150,main,watershed,jpeg2k,luxar_K16000,1.084e+04,56.44,135138,135188,93.88,20.29,23.09,0.9617,0.9781,-0.01639,-0.03962,0.005495
ce_t150,E1 t150,main,watershed,jpeg2k,luxar_K8000,5800,30.21,85203,85293,148.9,20.03,22.08,0.9617,0.9727,-0.01093,-0.03804,0.01622
ce_t150,E1 t150,main,watershed,jpeg2k,luxar_K4000,2550,13.28,50298,50278,252.2,20.01,21.35,0.9508,0.9781,-0.02732,-0.05556,0
ce_t150,E1 t150,main,watershed,jpeg2k,luxar_K2000,1050,5.469,33188,33169,382.3,19.87,20.95,0.9235,0.9836,-0.06011,-0.09574,-0.02747
ce_t150,E1 t150,main,watershed,jpeg2k,luxar_K1000,324,1.688,23958,23977,529.6,19.6,20.73,0.8306,0.9836,-0.153,-0.2065,-0.1032
ce_s01_t170,E1 t170,a1,watershed,jpeg2k,luxar_K16000,1.108e+04,37.04,140355,140398,90.39,20.2,23.02,0.9887,0.9812,0.007519,-0.02256,0.03745
ce_s01_t170,E1 t170,a1,watershed,jpeg2k,luxar_K4000,2611,8.732,51330,51203,247.2,19.84,21.24,0.906,0.9774,-0.07143,-0.1139,-0.03281
ce_s01_t170,E1 t170,a1,watershed,jpeg2k,luxar_K2000,1147,3.836,34526,34525,367.5,19.7,20.87,0.9023,0.9925,-0.09023,-0.1362,-0.04597
ce_s01_t170,E1 t170,a1,watershed,jpeg2k,luxar_K1500,735,2.458,29371,29362,432,19.5,20.75,0.8684,0.9887,-0.1203,-0.1705,-0.06976
ce_s01_t170,E1 t170,a1,watershed,jpeg2k,luxar_K1000,390,1.304,24859,24865,510.4,19.26,20.64,0.7331,0.9774,-0.2444,-0.3054,-0.1861
ce_s01_t170,E1 t170,a1,watershed,jpeg2k,luxar_K500,114,0.3813,21330,21361,594.8,18.32,20.55,0.3496,0.985,-0.6353,-0.6988,-0.5746
ce_s01_t185,E1 t185,a1,watershed,jpeg2k,luxar_K16000,1.123e+04,31.45,142331,142195,89.14,19.95,22.78,0.9602,0.9694,-0.009174,-0.04,0.0241
ce_s01_t185,E1 t185,a1,watershed,jpeg2k,luxar_K4000,2669,7.476,52344,52322,242.4,19.6,21.02,0.9297,0.9664,-0.0367,-0.07738,0.00303
ce_s01_t185,E1 t185,a1,watershed,jpeg2k,luxar_K2000,1156,3.238,34593,34593,366.8,19.52,20.64,0.8502,0.9694,-0.1193,-0.1656,-0.07522
ce_s01_t185,E1 t185,a1,watershed,jpeg2k,luxar_K1500,745,2.087,29411,29387,431.4,19.35,20.52,0.792,0.9633,-0.1713,-0.2182,-0.1254
ce_s01_t185,E1 t185,a1,watershed,jpeg2k,luxar_K1000,356,0.9972,24399,24317,520,18.95,20.39,0.6269,0.9847,-0.3578,-0.4146,-0.3009
ce_s01_t185,E1 t185,a1,watershed,jpeg2k,luxar_K500,111,0.3109,21348,21367,594.3,18.12,20.32,0.318,0.9817,-0.6636,-0.7205,-0.6066
ce_t194,E1 t194,main,watershed,jpeg2k,luxar_K64000,4.158e+04,114.9,450923,450951,28.14,21.13,27.95,0.9587,0.9968,-0.0381,-0.07644,0
ce_t194,E1 t194,main,watershed,jpeg2k,luxar_K32000,2.049e+04,56.6,234363,234480,54.14,20.37,24.65,0.9556,0.9778,-0.02222,-0.05751,0.0127
ce_t194,E1 t194,main,watershed,jpeg2k,luxar_K16000,1.12e+04,30.94,142147,142016,89.26,20.11,22.92,0.9556,0.9619,-0.006349,-0.03822,0.02903
ce_t194,E1 t194,main,watershed,jpeg2k,luxar_K8000,5928,16.38,87538,87507,144.9,19.84,21.87,0.9492,0.981,-0.03175,-0.07237,0.003258
ce_t194,E1 t194,main,watershed,jpeg2k,luxar_K4000,2638,7.287,52062,52085,243.7,19.77,21.16,0.9238,0.9778,-0.05397,-0.09698,-0.01307
ce_t194,E1 t194,main,watershed,jpeg2k,luxar_K2000,1155,3.191,34689,34647,365.7,19.57,20.78,0.8667,0.9841,-0.1175,-0.1678,-0.066
ce_t194,E1 t194,main,watershed,jpeg2k,luxar_K1000,360,0.9945,24637,24600,515,19.06,20.54,0.673,0.9746,-0.3016,-0.3585,-0.2406
ce_s02_t110,E2 t110,a1,watershed,jpeg2k,luxar_K16000,1.02e+04,99.02,123921,123886,91.19,22.85,25.61,0.9468,1,-0.05319,-0.1064,-0.01075
ce_s02_t110,E2 t110,a1,watershed,jpeg2k,luxar_K4000,2453,23.82,48860,48897,231.3,22.61,23.92,0.9149,1,-0.08511,-0.1474,-0.03225
ce_s02_t110,E2 t110,a1,watershed,jpeg2k,luxar_K2000,1070,10.39,33450,33477,337.8,22.35,23.53,0.9043,1,-0.09574,-0.1596,-0.04211
ce_s02_t110,E2 t110,a1,watershed,jpeg2k,luxar_K1500,710,6.893,29297,29299,385.7,22.25,23.41,0.8723,0.9894,-0.117,-0.1875,-0.05435
ce_s02_t110,E2 t110,a1,watershed,jpeg2k,luxar_K1000,444,4.311,26042,26046,433.9,22.02,23.32,0.8936,0.9894,-0.09574,-0.163,-0.04211
ce_s02_t110,E2 t110,a1,watershed,jpeg2k,luxar_K500,116,1.126,21549,21521,524.4,20.99,23.18,0.7553,0.9894,-0.234,-0.3226,-0.1538
ce_s02_t130,E2 t130,a1,watershed,jpeg2k,luxar_K16000,1.032e+04,58.64,127150,127144,88.88,22.29,24.86,0.9689,1,-0.03106,-0.05845,-0.00625
ce_s02_t130,E2 t130,a1,watershed,jpeg2k,luxar_K4000,2669,15.16,51493,51203,219.5,22.08,23.32,0.9627,1,-0.03727,-0.0679,-0.01227
ce_s02_t130,E2 t130,a1,watershed,jpeg2k,luxar_K2000,1065,6.051,33419,33410,338.2,21.73,22.92,0.9503,1,-0.04969,-0.0861,-0.01911
ce_s02_t130,E2 t130,a1,watershed,jpeg2k,luxar_K1500,771,4.381,29909,29909,377.8,21.59,22.83,0.9379,0.9938,-0.0559,-0.09877,-0.01875
ce_s02_t130,E2 t130,a1,watershed,jpeg2k,luxar_K1000,462,2.625,26069,26059,433.5,21.2,22.73,0.8696,0.9938,-0.1242,-0.1784,-0.07742
ce_s02_t130,E2 t130,a1,watershed,jpeg2k,luxar_K500,126,0.7159,21670,21640,521.5,20.16,22.6,0.6149,1,-0.3851,-0.4634,-0.3077
ce_s02_t150,E2 t150,main,watershed,jpeg2k,luxar_K64000,4.296e+04,226.1,447071,447149,25.28,23.2,29.37,1,0.9942,0.00578,-0.01177,0.02425
ce_s02_t150,E2 t150,main,watershed,jpeg2k,luxar_K32000,2.186e+04,115,239510,239524,47.18,22.55,26.52,0.9769,1,-0.02312,-0.04678,-0.005618
ce_s02_t150,E2 t150,main,watershed,jpeg2k,luxar_K16000,1.018e+04,53.59,125542,125533,90.02,22.08,24.65,0.9595,1,-0.04046,-0.07345,-0.01183
ce_s02_t150,E2 t150,main,watershed,jpeg2k,luxar_K8000,5762,30.33,83322,83428,135.6,21.94,23.78,0.9364,1,-0.06358,-0.1018,-0.02874
ce_s02_t150,E2 t150,main,watershed,jpeg2k,luxar_K4000,2529,13.31,49866,49838,226.6,21.79,23.05,0.9306,0.9884,-0.0578,-0.09358,-0.02367
ce_s02_t150,E2 t150,main,watershed,jpeg2k,luxar_K3000,1825,9.605,42017,42015,269,21.79,22.89,0.9191,0.9942,-0.07514,-0.1173,-0.03933
ce_s02_t150,E2 t150,main,watershed,jpeg2k,luxar_K2000,1143,6.016,34298,34276,329.5,21.58,22.7,0.9249,0.9942,-0.06936,-0.1111,-0.03448
ce_s02_t150,E2 t150,main,watershed,jpeg2k,luxar_K1500,783,4.121,29968,29958,377.1,21.43,22.59,0.896,0.9884,-0.09249,-0.1395,-0.05202
ce_s02_t150,E2 t150,main,watershed,jpeg2k,luxar_K1000,442,2.326,25650,25669,440.6,20.87,22.47,0.8035,0.9884,-0.185,-0.2445,-0.1271
ce_s02_t165,E2 t165,a1,watershed,jpeg2k,luxar_K16000,1.03e+04,35.15,128856,128872,87.7,21.89,24.42,0.9556,1.004,-0.04839,-0.0823,-0.01613
ce_s02_t165,E2 t165,a1,watershed,jpeg2k,luxar_K4000,2612,8.915,51525,51087,219.3,21.57,22.82,0.9476,1.008,-0.06048,-0.09805,-0.02857
ce_s02_t165,E2 t165,a1,watershed,jpeg2k,luxar_K2000,1220,4.164,35392,35397,319.3,21.25,22.47,0.8992,0.996,-0.09677,-0.1388,-0.05667
ce_s02_t165,E2 t165,a1,watershed,jpeg2k,luxar_K1500,863,2.945,31048,31029,364,21.03,22.36,0.8629,1,-0.1371,-0.184,-0.09167
ce_s02_t165,E2 t165,a1,watershed,jpeg2k,luxar_K1000,454,1.549,26089,26097,433.2,20.49,22.22,0.7581,1,-0.2419,-0.302,-0.1847
ce_s02_t165,E2 t165,a1,watershed,jpeg2k,luxar_K500,130,0.4437,21656,21630,521.8,19.14,22.1,0.4234,0.9919,-0.5685,-0.6294,-0.5041
ce_s02_t180,E2 t180,main,watershed,jpeg2k,luxar_K64000,4.387e+04,125,461207,461286,24.5,22.68,28.88,0.9966,1.014,-0.01701,-0.03901,0.003522
ce_s02_t180,E2 t180,main,watershed,jpeg2k,luxar_K32000,2.243e+04,63.89,247533,247503,45.65,22.08,26.02,0.9694,1.024,-0.05442,-0.08363,-0.02684
ce_s02_t180,E2 t180,main,watershed,jpeg2k,luxar_K16000,1.044e+04,29.74,130222,130208,86.78,21.61,24.11,0.9286,1.007,-0.07823,-0.1147,-0.04437
ce_s02_t180,E2 t180,main,watershed,jpeg2k,luxar_K8000,5925,16.88,86446,86453,130.7,21.42,23.23,0.9252,1.017,-0.09184,-0.1306,-0.05743
ce_s02_t180,E2 t180,main,watershed,jpeg2k,luxar_K4000,2617,7.456,51744,51709,218.4,21.22,22.54,0.9048,1.017,-0.1122,-0.1536,-0.07407
ce_s02_t180,E2 t180,main,watershed,jpeg2k,luxar_K3000,1897,5.405,43474,43483,259.9,21.21,22.36,0.8946,1.007,-0.1122,-0.1563,-0.07097
ce_s02_t180,E2 t180,main,watershed,jpeg2k,luxar_K2000,1205,3.433,35227,35235,320.8,20.93,22.16,0.8469,1,-0.1531,-0.2007,-0.1096
ce_s02_t180,E2 t180,main,watershed,jpeg2k,luxar_K1500,822,2.342,30534,30561,370.1,20.64,22.04,0.8197,1.003,-0.1837,-0.2343,-0.1367
ce_s02_t180,E2 t180,main,watershed,jpeg2k,luxar_K1000,458,1.305,26047,26038,433.9,20.11,21.92,0.6973,0.9966,-0.2993,-0.3599,-0.2431
ce_s02_t185,E2 t185,a1,watershed,jpeg2k,luxar_K16000,1.047e+04,29.32,131460,131473,85.96,21.57,24.11,0.9367,0.9833,-0.04667,-0.07693,-0.01747
ce_s02_t185,E2 t185,a1,watershed,jpeg2k,luxar_K4000,2610,7.311,51569,51210,219.1,21.2,22.51,0.8867,0.99,-0.1033,-0.1447,-0.06206
ce_s02_t185,E2 t185,a1,watershed,jpeg2k,luxar_K2000,1132,3.171,34363,34352,328.9,20.91,22.13,0.8533,0.9967,-0.1433,-0.1862,-0.1026
ce_s02_t185,E2 t185,a1,watershed,jpeg2k,luxar_K1500,781,2.188,30051,30071,376.1,20.57,22.02,0.7767,0.98,-0.2033,-0.2551,-0.1531
ce_s02_t185,E2 t185,a1,watershed,jpeg2k,luxar_K1000,407,1.14,25354,25365,445.7,20.05,21.9,0.6867,0.98,-0.2933,-0.3468,-0.2365
ce_s02_t185,E2 t185,a1,watershed,jpeg2k,luxar_K500,133,0.3725,21706,21698,520.6,18.92,21.8,0.4267,0.9767,-0.55,-0.6074,-0.4902
ce_s01_t110,E1 t110,a1,watershed,jpegxl,luxar_K16000,1.053e+04,103.2,129264,124006,98.15,20.69,21.93,0.9897,0.9897,0,0,0
ce_s01_t130,E1 t130,a1,watershed,jpegxl,luxar_K16000,1.066e+04,60.57,132747,131239,95.58,20.06,21.38,1,1,0,0,0
ce_t150,E1 t150,main,watershed,jpegxl,luxar_K64000,4.015e+04,209.1,427309,409652,29.69,21.3,25.46,0.9672,0.9945,-0.02732,-0.05495,0
ce_t150,E1 t150,main,watershed,jpegxl,luxar_K32000,1.991e+04,103.7,224127,205065,56.61,20.52,22.55,0.9727,0.9945,-0.02186,-0.0442,-0.005348
ce_t150,E1 t150,main,watershed,jpegxl,luxar_K16000,1.084e+04,56.44,135138,139250,93.88,20.29,21.69,0.9617,0.9945,-0.03279,-0.06044,-0.01075
ce_s01_t170,E1 t170,a1,watershed,jpegxl,luxar_K16000,1.108e+04,37.04,140355,146808,90.39,20.2,21.71,0.9887,0.985,0.003759,-0.02931,0.03631
ce_s01_t185,E1 t185,a1,watershed,jpegxl,luxar_K16000,1.123e+04,31.45,142331,152892,89.14,19.95,21.53,0.9602,0.9786,-0.01835,-0.04644,0.009405
ce_t194,E1 t194,main,watershed,jpegxl,luxar_K64000,4.158e+04,114.9,450923,409685,28.14,21.13,25.36,0.9587,1.013,-0.05397,-0.09119,-0.01639
ce_t194,E1 t194,main,watershed,jpegxl,luxar_K16000,1.12e+04,30.94,142147,154889,89.26,20.11,21.71,0.9556,0.9841,-0.02857,-0.06502,0.009464
ce_s02_t150,E2 t150,main,watershed,jpegxl,luxar_K64000,4.296e+04,226.1,447071,409263,25.28,23.2,27.09,1,0.9884,0.01156,0,0.02959
