tag,frame,embryo,seq,t,role,n_labels,detector,method,family,file,bytes,ratio,psnr,seeds,splats,splats_per_nucleus,found@r0.4,kept@r0.4,found@r0.6,kept@r0.6,found@r0.8,kept@r0.8,kept_faint@r0.6,kept_bright@r0.6,precision@r0.6
ce_s01_t100,E1 t100,1,01,100,cliff,93,cellpose,downsample,downsample,downsample_882640.npz,882640,14.3743,20.1315,,,,43,0.581081,69,0.802326,73,0.83908,0.813953,0.790698,0.775281
ce_s01_t100,E1 t100,1,01,100,cliff,93,cellpose,downsample,downsample,downsample_362496.npz,362496,35,19.4347,,,,29,0.391892,51,0.593023,61,0.701149,0.604651,0.581395,0.689189
ce_s01_t100,E1 t100,1,01,100,cliff,93,cellpose,downsample,downsample,downsample_201348.npz,201348,63.0121,19.1092,,,,36,0.486486,57,0.662791,70,0.804598,0.55814,0.767442,0.647727
ce_s01_t100,E1 t100,1,01,100,cliff,93,cellpose,downsample,downsample,downsample_100300.npz,100300,126.494,18.2258,,,,16,0.216216,26,0.302326,39,0.448276,0.209302,0.395349,0.490566
ce_s01_t100,E1 t100,1,01,100,cliff,93,cellpose,downsample,downsample,downsample_45056.npz,45056,281.591,17.5696,,,,15,0.202703,21,0.244186,29,0.333333,0.255814,0.232558,0.567568
ce_s01_t100,E1 t100,1,01,100,cliff,93,cellpose,jpeg2k,jpeg2k,jpeg2k_819209.npz,819209,15.4873,33.3972,,,,78,1.05405,88,1.02326,89,1.02299,1,1.04651,0.871287
ce_s01_t100,E1 t100,1,01,100,cliff,93,cellpose,jpeg2k,jpeg2k,jpeg2k_409591.npz,409591,30.9757,28.1359,,,,75,1.01351,87,1.01163,88,1.01149,1.04651,0.976744,0.84466
ce_s01_t100,E1 t100,1,01,100,cliff,93,cellpose,jpeg2k,jpeg2k,jpeg2k_204768.npz,204768,61.9597,24.8508,,,,76,1.02703,86,1,88,1.01149,0.976744,1.02326,0.843137
ce_s01_t100,E1 t100,1,01,100,cliff,93,cellpose,jpeg2k,jpeg2k,jpeg2k_102448.npz,102448,123.842,22.794,,,,66,0.891892,85,0.988372,86,0.988506,0.976744,1,0.841584
ce_s01_t100,E1 t100,1,01,100,cliff,93,cellpose,jpeg2k,jpeg2k,jpeg2k_79963.npz,79963,158.665,22.2799,,,,72,0.972973,87,1.01163,87,1,1,1.02326,0.852941
ce_s01_t100,E1 t100,1,01,100,cliff,93,cellpose,jpeg2k,jpeg2k,jpeg2k_51198.npz,51198,247.81,21.6418,,,,71,0.959459,86,1,86,0.988506,0.976744,1.02326,0.895833
ce_s01_t100,E1 t100,1,01,100,cliff,93,cellpose,jpeg2k,jpeg2k,jpeg2k_48282.npz,48282,262.776,21.5786,,,,71,0.959459,86,1,86,0.988506,0.976744,1.02326,0.895833
ce_s01_t100,E1 t100,1,01,100,cliff,93,cellpose,jpeg2k,jpeg2k,jpeg2k_39264.npz,39264,323.13,21.3616,,,,69,0.932432,87,1.01163,87,1,1.02326,1,0.90625
ce_s01_t100,E1 t100,1,01,100,cliff,93,cellpose,jpeg2k,jpeg2k,jpeg2k_32130.npz,32130,394.876,21.1795,,,,69,0.932432,83,0.965116,84,0.965517,0.930233,1,0.873684
ce_s01_t100,E1 t100,1,01,100,cliff,93,cellpose,jpeg2k,jpeg2k,jpeg2k_27607.npz,27607,459.57,21.0666,,,,69,0.932432,83,0.965116,83,0.954023,0.953488,0.976744,0.912088
ce_s01_t100,E1 t100,1,01,100,cliff,93,cellpose,jpeg2k,jpeg2k,jpeg2k_23657.npz,23657,536.305,20.9619,,,,67,0.905405,80,0.930233,80,0.91954,0.883721,0.976744,0.91954
ce_s01_t100,E1 t100,1,01,100,cliff,93,cellpose,jpegxl,jpegxl,jpegxl_819074.npz,819074,15.4899,30.7514,,,,77,1.04054,88,1.02326,89,1.02299,1,1.04651,0.888889
ce_s01_t100,E1 t100,1,01,100,cliff,93,cellpose,jpegxl,jpegxl,jpegxl_409621.npz,409621,30.9734,25.5513,,,,71,0.959459,86,1,86,0.988506,0.976744,1.02326,0.905263
ce_s01_t100,E1 t100,1,01,100,cliff,93,cellpose,jpegxl,jpegxl,jpegxl_204805.npz,204805,61.9485,22.6395,,,,64,0.864865,88,1.02326,88,1.01149,1.02326,1.02326,0.946237
ce_s01_t100,E1 t100,1,01,100,cliff,93,cellpose,jpegxl,jpegxl,jpegxl_117789.npz,117789,107.713,21.6028,,,,61,0.824324,83,0.965116,83,0.954023,0.930233,1,0.912088
ce_s01_t100,E1 t100,1,01,100,cliff,93,cellpose,luxar_K8000,luxar,luxar_K8000_79903.npz,79903,158.785,20.2665,8000,5462,58.7312,60,0.810811,74,0.860465,78,0.896552,0.790698,0.930233,0.891566
ce_s01_t100,E1 t100,1,01,100,cliff,93,cellpose,luxar_K4000,luxar,luxar_K4000_48276.npz,48276,262.809,20.234,4000,2419,26.0108,57,0.77027,68,0.790698,73,0.83908,0.790698,0.790698,0.860759
ce_s01_t100,E1 t100,1,01,100,cliff,93,cellpose,luxar_K3000,luxar,luxar_K3000_39247.npz,39247,323.27,20.2494,3000,1597,17.172,63,0.851351,71,0.825581,74,0.850575,0.813953,0.837209,0.865854
ce_s01_t100,E1 t100,1,01,100,cliff,93,cellpose,luxar_K2000,luxar,luxar_K2000_32130.npz,32130,394.876,20.1943,2000,970,10.4301,64,0.864865,69,0.802326,73,0.83908,0.744186,0.860465,0.793103
ce_s01_t100,E1 t100,1,01,100,cliff,93,cellpose,luxar_K1500,luxar,luxar_K1500_27616.npz,27616,459.421,20.1179,1500,603,6.48387,62,0.837838,67,0.77907,74,0.850575,0.744186,0.813953,0.817073
ce_s01_t100,E1 t100,1,01,100,cliff,93,cellpose,luxar_K1000,luxar,luxar_K1000_23643.npz,23643,536.622,19.9611,1000,288,3.09677,58,0.783784,65,0.755814,71,0.816092,0.697674,0.813953,0.822785
ce_s01_t100,E1 t100,1,01,100,cliff,93,cellpose,raw,raw,raw,12687360,1,120,,,,74,1,86,1,87,1,1,1,0.826923
ce_s01_t100,E1 t100,1,01,100,cliff,93,cellpose,zfp,zfp,zfp_841120.npz,841120,15.0839,18.834,,,,68,0.918919,82,0.953488,85,0.977011,1,0.906977,0.738739
ce_s01_t100,E1 t100,1,01,100,cliff,93,cellpose,zfp,zfp,zfp_433312.npz,433312,29.28,17.157,,,,64,0.864865,75,0.872093,85,0.977011,0.767442,0.976744,0.675676
ce_s01_t100,E1 t100,1,01,100,cliff,93,cellpose,zfp,zfp,zfp_229408.npz,229408,55.3048,15.4654,,,,0,0,0,0,0,0,0,0,0
ce_s01_t100,E1 t100,1,01,100,cliff,93,log,downsample,downsample,downsample_882640.npz,882640,14.3743,20.1315,,,,62,0.805195,87,1.03571,88,1.02326,1.07692,1,
ce_s01_t100,E1 t100,1,01,100,cliff,93,log,downsample,downsample,downsample_362496.npz,362496,35,19.4347,,,,44,0.571429,75,0.892857,82,0.953488,0.897436,0.888889,
ce_s01_t100,E1 t100,1,01,100,cliff,93,log,downsample,downsample,downsample_201348.npz,201348,63.0121,19.1092,,,,55,0.714286,69,0.821429,70,0.813953,0.846154,0.8,
ce_s01_t100,E1 t100,1,01,100,cliff,93,log,downsample,downsample,downsample_100300.npz,100300,126.494,18.2258,,,,46,0.597403,59,0.702381,59,0.686047,0.589744,0.8,
ce_s01_t100,E1 t100,1,01,100,cliff,93,log,downsample,downsample,downsample_45056.npz,45056,281.591,17.5696,,,,35,0.454545,50,0.595238,52,0.604651,0.717949,0.488889,
ce_s01_t100,E1 t100,1,01,100,cliff,93,log,jpeg2k,jpeg2k,jpeg2k_819209.npz,819209,15.4873,33.3972,,,,76,0.987013,85,1.0119,87,1.01163,1.02564,1,
ce_s01_t100,E1 t100,1,01,100,cliff,93,log,jpeg2k,jpeg2k,jpeg2k_409591.npz,409591,30.9757,28.1359,,,,77,1,86,1.02381,87,1.01163,1.05128,1,
ce_s01_t100,E1 t100,1,01,100,cliff,93,log,jpeg2k,jpeg2k,jpeg2k_204768.npz,204768,61.9597,24.8508,,,,75,0.974026,82,0.97619,84,0.976744,0.948718,1,
ce_s01_t100,E1 t100,1,01,100,cliff,93,log,jpeg2k,jpeg2k,jpeg2k_102448.npz,102448,123.842,22.794,,,,76,0.987013,83,0.988095,84,0.976744,0.974359,1,
ce_s01_t100,E1 t100,1,01,100,cliff,93,log,jpeg2k,jpeg2k,jpeg2k_79963.npz,79963,158.665,22.2799,,,,73,0.948052,82,0.97619,84,0.976744,0.948718,1,
ce_s01_t100,E1 t100,1,01,100,cliff,93,log,jpeg2k,jpeg2k,jpeg2k_51198.npz,51198,247.81,21.6418,,,,75,0.974026,81,0.964286,83,0.965116,0.923077,1,
ce_s01_t100,E1 t100,1,01,100,cliff,93,log,jpeg2k,jpeg2k,jpeg2k_48282.npz,48282,262.776,21.5786,,,,76,0.987013,81,0.964286,83,0.965116,0.923077,1,
ce_s01_t100,E1 t100,1,01,100,cliff,93,log,jpeg2k,jpeg2k,jpeg2k_39264.npz,39264,323.13,21.3616,,,,77,1,82,0.97619,84,0.976744,0.948718,1,
ce_s01_t100,E1 t100,1,01,100,cliff,93,log,jpeg2k,jpeg2k,jpeg2k_32130.npz,32130,394.876,21.1795,,,,76,0.987013,83,0.988095,84,0.976744,0.948718,1.02222,
ce_s01_t100,E1 t100,1,01,100,cliff,93,log,jpeg2k,jpeg2k,jpeg2k_27607.npz,27607,459.57,21.0666,,,,77,1,85,1.0119,85,0.988372,1,1.02222,
ce_s01_t100,E1 t100,1,01,100,cliff,93,log,jpeg2k,jpeg2k,jpeg2k_23657.npz,23657,536.305,20.9619,,,,78,1.01299,84,1,84,0.976744,0.974359,1.02222,
ce_s01_t100,E1 t100,1,01,100,cliff,93,log,jpegxl,jpegxl,jpegxl_819074.npz,819074,15.4899,30.7514,,,,75,0.974026,83,0.988095,85,0.988372,0.974359,1,
ce_s01_t100,E1 t100,1,01,100,cliff,93,log,jpegxl,jpegxl,jpegxl_409621.npz,409621,30.9734,25.5513,,,,77,1,85,1.0119,86,1,1.02564,1,
ce_s01_t100,E1 t100,1,01,100,cliff,93,log,jpegxl,jpegxl,jpegxl_204805.npz,204805,61.9485,22.6395,,,,78,1.01299,84,1,87,1.01163,1,1,
ce_s01_t100,E1 t100,1,01,100,cliff,93,log,jpegxl,jpegxl,jpegxl_117789.npz,117789,107.713,21.6028,,,,78,1.01299,87,1.03571,89,1.03488,1.07692,1,
ce_s01_t100,E1 t100,1,01,100,cliff,93,log,luxar_K8000,luxar,luxar_K8000_79903.npz,79903,158.785,20.2665,8000,5462,58.7312,71,0.922078,89,1.05952,89,1.03488,1.10256,1.02222,
ce_s01_t100,E1 t100,1,01,100,cliff,93,log,luxar_K4000,luxar,luxar_K4000_48276.npz,48276,262.809,20.234,4000,2419,26.0108,80,1.03896,90,1.07143,90,1.04651,1.12821,1.02222,
ce_s01_t100,E1 t100,1,01,100,cliff,93,log,luxar_K3000,luxar,luxar_K3000_39247.npz,39247,323.27,20.2494,3000,1597,17.172,84,1.09091,90,1.07143,90,1.04651,1.12821,1.02222,
ce_s01_t100,E1 t100,1,01,100,cliff,93,log,luxar_K2000,luxar,luxar_K2000_32130.npz,32130,394.876,20.1943,2000,970,10.4301,83,1.07792,91,1.08333,91,1.05814,1.15385,1.02222,
ce_s01_t100,E1 t100,1,01,100,cliff,93,log,luxar_K1500,luxar,luxar_K1500_27616.npz,27616,459.421,20.1179,1500,603,6.48387,87,1.12987,92,1.09524,92,1.06977,1.17949,1.02222,
ce_s01_t100,E1 t100,1,01,100,cliff,93,log,luxar_K1000,luxar,luxar_K1000_23643.npz,23643,536.622,19.9611,1000,288,3.09677,89,1.15584,92,1.09524,92,1.06977,1.17949,1.02222,
ce_s01_t100,E1 t100,1,01,100,cliff,93,log,raw,raw,raw,12687360,1,120,,,,77,1,84,1,86,1,1,1,
ce_s01_t100,E1 t100,1,01,100,cliff,93,log,zfp,zfp,zfp_841120.npz,841120,15.0839,18.834,,,,72,0.935065,85,1.0119,85,0.988372,1,1.02222,
ce_s01_t100,E1 t100,1,01,100,cliff,93,log,zfp,zfp,zfp_433312.npz,433312,29.28,17.157,,,,52,0.675325,65,0.77381,67,0.77907,0.769231,0.777778,
ce_s01_t100,E1 t100,1,01,100,cliff,93,log,zfp,zfp,zfp_229408.npz,229408,55.3048,15.4654,,,,0,0,0,0,0,0,0,0,
ce_s01_t100,E1 t100,1,01,100,cliff,93,watershed,downsample,downsample,downsample_882640.npz,882640,14.3743,20.1315,,,,79,0.908046,89,0.978022,89,0.978022,0.955556,1,0.946809
ce_s01_t100,E1 t100,1,01,100,cliff,93,watershed,downsample,downsample,downsample_362496.npz,362496,35,19.4347,,,,57,0.655172,76,0.835165,83,0.912088,0.777778,0.891304,0.808511
ce_s01_t100,E1 t100,1,01,100,cliff,93,watershed,downsample,downsample,downsample_201348.npz,201348,63.0121,19.1092,,,,57,0.655172,69,0.758242,79,0.868132,0.688889,0.826087,0.766667
ce_s01_t100,E1 t100,1,01,100,cliff,93,watershed,downsample,downsample,downsample_100300.npz,100300,126.494,18.2258,,,,37,0.425287,53,0.582418,55,0.604396,0.444444,0.717391,0.716216
ce_s01_t100,E1 t100,1,01,100,cliff,93,watershed,downsample,downsample,downsample_45056.npz,45056,281.591,17.5696,,,,29,0.333333,39,0.428571,45,0.494505,0.511111,0.347826,0.661017
ce_s01_t100,E1 t100,1,01,100,cliff,93,watershed,jpeg2k,jpeg2k,jpeg2k_819209.npz,819209,15.4873,33.3972,,,,87,1,91,1,91,1,1,1,0.928571
ce_s01_t100,E1 t100,1,01,100,cliff,93,watershed,jpeg2k,jpeg2k,jpeg2k_409591.npz,409591,30.9757,28.1359,,,,87,1,91,1,91,1,1,1,0.928571
ce_s01_t100,E1 t100,1,01,100,cliff,93,watershed,jpeg2k,jpeg2k,jpeg2k_204768.npz,204768,61.9597,24.8508,,,,88,1.01149,91,1,91,1,1,1,0.957895
ce_s01_t100,E1 t100,1,01,100,cliff,93,watershed,jpeg2k,jpeg2k,jpeg2k_102448.npz,102448,123.842,22.794,,,,86,0.988506,90,0.989011,90,0.989011,0.977778,1,0.9375
ce_s01_t100,E1 t100,1,01,100,cliff,93,watershed,jpeg2k,jpeg2k,jpeg2k_79963.npz,79963,158.665,22.2799,,,,87,1,90,0.989011,90,0.989011,0.977778,1,0.957447
ce_s01_t100,E1 t100,1,01,100,cliff,93,watershed,jpeg2k,jpeg2k,jpeg2k_51198.npz,51198,247.81,21.6418,,,,86,0.988506,90,0.989011,90,0.989011,0.977778,1,0.918367
ce_s01_t100,E1 t100,1,01,100,cliff,93,watershed,jpeg2k,jpeg2k,jpeg2k_48282.npz,48282,262.776,21.5786,,,,86,0.988506,90,0.989011,90,0.989011,0.977778,1,0.909091
ce_s01_t100,E1 t100,1,01,100,cliff,93,watershed,jpeg2k,jpeg2k,jpeg2k_39264.npz,39264,323.13,21.3616,,,,86,0.988506,90,0.989011,90,0.989011,0.977778,1,0.957447
ce_s01_t100,E1 t100,1,01,100,cliff,93,watershed,jpeg2k,jpeg2k,jpeg2k_32130.npz,32130,394.876,21.1795,,,,86,0.988506,90,0.989011,90,0.989011,0.977778,1,0.9375
ce_s01_t100,E1 t100,1,01,100,cliff,93,watershed,jpeg2k,jpeg2k,jpeg2k_27607.npz,27607,459.57,21.0666,,,,86,0.988506,90,0.989011,90,0.989011,0.977778,1,0.9375
ce_s01_t100,E1 t100,1,01,100,cliff,93,watershed,jpeg2k,jpeg2k,jpeg2k_23657.npz,23657,536.305,20.9619,,,,86,0.988506,90,0.989011,90,0.989011,0.977778,1,0.909091
ce_s01_t100,E1 t100,1,01,100,cliff,93,watershed,jpegxl,jpegxl,jpegxl_819074.npz,819074,15.4899,30.7514,,,,88,1.01149,91,1,91,1,1,1,0.90099
ce_s01_t100,E1 t100,1,01,100,cliff,93,watershed,jpegxl,jpegxl,jpegxl_409621.npz,409621,30.9734,25.5513,,,,87,1,91,1,91,1,1,1,0.968085
ce_s01_t100,E1 t100,1,01,100,cliff,93,watershed,jpegxl,jpegxl,jpegxl_204805.npz,204805,61.9485,22.6395,,,,87,1,91,1,91,1,1,1,0.947917
ce_s01_t100,E1 t100,1,01,100,cliff,93,watershed,jpegxl,jpegxl,jpegxl_117789.npz,117789,107.713,21.6028,,,,86,0.988506,91,1,91,1,1,1,0.919192
ce_s01_t100,E1 t100,1,01,100,cliff,93,watershed,luxar_K8000,luxar,luxar_K8000_79903.npz,79903,158.785,20.2665,8000,5462,58.7312,82,0.942529,88,0.967033,88,0.967033,0.933333,1,0.926316
ce_s01_t100,E1 t100,1,01,100,cliff,93,watershed,luxar_K4000,luxar,luxar_K4000_48276.npz,48276,262.809,20.234,4000,2419,26.0108,83,0.954023,87,0.956044,87,0.956044,0.911111,1,0.935484
ce_s01_t100,E1 t100,1,01,100,cliff,93,watershed,luxar_K3000,luxar,luxar_K3000_39247.npz,39247,323.27,20.2494,3000,1597,17.172,88,1.01149,89,0.978022,89,0.978022,0.955556,1,0.956989
ce_s01_t100,E1 t100,1,01,100,cliff,93,watershed,luxar_K2000,luxar,luxar_K2000_32130.npz,32130,394.876,20.1943,2000,970,10.4301,84,0.965517,87,0.956044,87,0.956044,0.911111,1,0.977528
ce_s01_t100,E1 t100,1,01,100,cliff,93,watershed,luxar_K1500,luxar,luxar_K1500_27616.npz,27616,459.421,20.1179,1500,603,6.48387,84,0.965517,87,0.956044,87,0.956044,0.911111,1,0.87
ce_s01_t100,E1 t100,1,01,100,cliff,93,watershed,luxar_K1000,luxar,luxar_K1000_23643.npz,23643,536.622,19.9611,1000,288,3.09677,87,1,87,0.956044,87,0.956044,0.911111,1,0.90625
ce_s01_t100,E1 t100,1,01,100,cliff,93,watershed,raw,raw,raw,12687360,1,120,,,,87,1,91,1,91,1,1,1,0.938144
ce_s01_t100,E1 t100,1,01,100,cliff,93,watershed,zfp,zfp,zfp_841120.npz,841120,15.0839,18.834,,,,87,1,91,1,91,1,1,1,0.928571
ce_s01_t100,E1 t100,1,01,100,cliff,93,watershed,zfp,zfp,zfp_433312.npz,433312,29.28,17.157,,,,85,0.977011,90,0.989011,91,1,0.977778,1,0.841121
ce_s01_t100,E1 t100,1,01,100,cliff,93,watershed,zfp,zfp,zfp_229408.npz,229408,55.3048,15.4654,,,,0,0,0,0,0,0,0,0,0
ce_t150,E1 t150,1,01,150,main,192,cellpose,downsample,downsample,downsample_882640.npz,882640,14.3743,19.8672,,,,85,0.73913,115,0.804196,123,0.842466,0.774648,0.833333,0.884615
ce_t150,E1 t150,1,01,150,main,192,cellpose,downsample,downsample,downsample_362496.npz,362496,35,19.0572,,,,50,0.434783,77,0.538462,94,0.643836,0.591549,0.486111,0.77
ce_t150,E1 t150,1,01,150,main,192,cellpose,downsample,downsample,downsample_201348.npz,201348,63.0121,18.603,,,,40,0.347826,75,0.524476,87,0.59589,0.478873,0.569444,0.78125
ce_t150,E1 t150,1,01,150,main,192,cellpose,downsample,downsample,downsample_100300.npz,100300,126.494,17.8636,,,,39,0.33913,56,0.391608,68,0.465753,0.338028,0.444444,0.756757
ce_t150,E1 t150,1,01,150,main,192,cellpose,downsample,downsample,downsample_45056.npz,45056,281.591,17.2546,,,,17,0.147826,29,0.202797,38,0.260274,0.15493,0.25,0.659091
ce_t150,E1 t150,1,01,150,main,192,cellpose,jpeg2k,jpeg2k,jpeg2k_819199.npz,819199,15.4875,33.0223,,,,119,1.03478,143,1,148,1.0137,1.01408,0.986111,0.899371
ce_t150,E1 t150,1,01,150,main,192,cellpose,jpeg2k,jpeg2k,jpeg2k_427289.npz,427289,29.6927,27.9189,,,,120,1.04348,141,0.986014,146,1,0.985915,0.986111,0.921569
ce_t150,E1 t150,1,01,150,main,192,cellpose,jpeg2k,jpeg2k,jpeg2k_409615.npz,409615,30.9739,27.6393,,,,121,1.05217,143,1,147,1.00685,0.985915,1.01389,0.899371
ce_t150,E1 t150,1,01,150,main,192,cellpose,jpeg2k,jpeg2k,jpeg2k_224154.npz,224154,56.6011,24.7571,,,,116,1.0087,140,0.979021,144,0.986301,1,0.958333,0.89172
ce_t150,E1 t150,1,01,150,main,192,cellpose,jpeg2k,jpeg2k,jpeg2k_204805.npz,204805,61.9485,24.4314,,,,116,1.0087,140,0.979021,144,0.986301,0.985915,0.972222,0.89172
ce_t150,E1 t150,1,01,150,main,192,cellpose,jpeg2k,jpeg2k,jpeg2k_135188.npz,135188,93.8497,23.0937,,,,113,0.982609,137,0.958042,142,0.972603,0.929577,0.986111,0.901316
ce_t150,E1 t150,1,01,150,main,192,cellpose,jpeg2k,jpeg2k,jpeg2k_102417.npz,102417,123.879,22.4232,,,,119,1.03478,141,0.986014,144,0.986301,0.971831,1,0.927632
ce_t150,E1 t150,1,01,150,main,192,cellpose,jpeg2k,jpeg2k,jpeg2k_85293.npz,85293,148.75,22.0819,,,,118,1.02609,142,0.993007,144,0.986301,0.985915,1,0.940397
ce_t150,E1 t150,1,01,150,main,192,cellpose,jpeg2k,jpeg2k,jpeg2k_51193.npz,51193,247.834,21.3654,,,,112,0.973913,135,0.944056,142,0.972603,0.915493,0.972222,0.924658
ce_t150,E1 t150,1,01,150,main,192,cellpose,jpeg2k,jpeg2k,jpeg2k_50278.npz,50278,252.344,21.3454,,,,107,0.930435,134,0.937063,141,0.965753,0.887324,0.986111,0.930556
ce_t150,E1 t150,1,01,150,main,192,cellpose,jpeg2k,jpeg2k,jpeg2k_33169.npz,33169,382.507,20.9524,,,,109,0.947826,140,0.979021,143,0.979452,0.929577,1.02778,0.952381
ce_t150,E1 t150,1,01,150,main,192,cellpose,jpeg2k,jpeg2k,jpeg2k_23977.npz,23977,529.147,20.7297,,,,95,0.826087,131,0.916084,135,0.924658,0.859155,0.972222,0.916084
ce_t150,E1 t150,1,01,150,main,192,cellpose,jpegxl,jpegxl,jpegxl_819199.npz,819199,15.4875,30.6282,,,,122,1.06087,143,1,147,1.00685,1,1,0.882716
ce_t150,E1 t150,1,01,150,main,192,cellpose,jpegxl,jpegxl,jpegxl_409652.npz,409652,30.9711,25.462,,,,117,1.01739,142,0.993007,145,0.993151,0.985915,1,0.8875
ce_t150,E1 t150,1,01,150,main,192,cellpose,jpegxl,jpegxl,jpegxl_205065.npz,205065,61.8699,22.5476,,,,114,0.991304,140,0.979021,144,0.986301,0.957746,1,0.915033
ce_t150,E1 t150,1,01,150,main,192,cellpose,jpegxl,jpegxl,jpegxl_139250.npz,139250,91.1121,21.6894,,,,117,1.01739,143,1,147,1.00685,0.957746,1.04167,0.928571
ce_t150,E1 t150,1,01,150,main,192,cellpose,luxar_K64000,luxar,luxar_K64000_427309.npz,427309,29.6913,21.2982,64000,40147,209.099,111,0.965217,138,0.965035,142,0.972603,0.943662,0.986111,0.951724
ce_t150,E1 t150,1,01,150,main,192,cellpose,luxar_K32000,luxar,luxar_K32000_224127.npz,224127,56.6079,20.5153,32000,19910,103.698,93,0.808696,120,0.839161,129,0.883562,0.816901,0.861111,0.895522
ce_t150,E1 t150,1,01,150,main,192,cellpose,luxar_K16000,luxar,luxar_K16000_135138.npz,135138,93.8845,20.2859,16000,10837,56.4427,87,0.756522,119,0.832168,127,0.869863,0.816901,0.847222,0.922481
ce_t150,E1 t150,1,01,150,main,192,cellpose,luxar_K8000,luxar,luxar_K8000_85203.npz,85203,148.907,20.034,8000,5800,30.2083,91,0.791304,119,0.832168,128,0.876712,0.873239,0.791667,0.881481
ce_t150,E1 t150,1,01,150,main,192,cellpose,luxar_K4000,luxar,luxar_K4000_50298.npz,50298,252.244,20.0077,4000,2550,13.2812,93,0.808696,117,0.818182,127,0.869863,0.816901,0.819444,0.841727
ce_t150,E1 t150,1,01,150,main,192,cellpose,luxar_K2000,luxar,luxar_K2000_33188.npz,33188,382.288,19.8702,2000,1050,5.46875,89,0.773913,113,0.79021,125,0.856164,0.774648,0.805556,0.875969
ce_t150,E1 t150,1,01,150,main,192,cellpose,luxar_K1000,luxar,luxar_K1000_23958.npz,23958,529.567,19.5958,1000,324,1.6875,68,0.591304,94,0.657343,110,0.753425,0.591549,0.722222,0.803419
ce_t150,E1 t150,1,01,150,main,192,cellpose,raw,raw,raw,12687360,1,120,,,,115,1,143,1,146,1,1,1,0.916667
ce_t150,E1 t150,1,01,150,main,192,cellpose,zfp,zfp,zfp_841120.npz,841120,15.0839,18.4502,,,,99,0.86087,131,0.916084,138,0.945205,0.873239,0.958333,0.823899
ce_t150,E1 t150,1,01,150,main,192,cellpose,zfp,zfp,zfp_433312.npz,433312,29.28,16.7424,,,,85,0.73913,129,0.902098,139,0.952055,0.788732,1.01389,0.871622
ce_t150,E1 t150,1,01,150,main,192,cellpose,zfp,zfp,zfp_229408.npz,229408,55.3048,14.3362,,,,0,0,0,0,0,0,0,0,0
ce_t150,E1 t150,1,01,150,main,192,log,downsample,downsample,downsample_882640.npz,882640,14.3743,19.8672,,,,142,0.793296,169,0.913514,169,0.908602,0.876404,0.947917,
ce_t150,E1 t150,1,01,150,main,192,log,downsample,downsample,downsample_362496.npz,362496,35,19.0572,,,,109,0.608939,133,0.718919,137,0.736559,0.707865,0.729167,
ce_t150,E1 t150,1,01,150,main,192,log,downsample,downsample,downsample_201348.npz,201348,63.0121,18.603,,,,71,0.396648,123,0.664865,133,0.715054,0.629213,0.697917,
ce_t150,E1 t150,1,01,150,main,192,log,downsample,downsample,downsample_100300.npz,100300,126.494,17.8636,,,,87,0.486034,111,0.6,113,0.607527,0.606742,0.59375,
ce_t150,E1 t150,1,01,150,main,192,log,downsample,downsample,downsample_45056.npz,45056,281.591,17.2546,,,,40,0.223464,67,0.362162,72,0.387097,0.314607,0.40625,
ce_t150,E1 t150,1,01,150,main,192,log,jpeg2k,jpeg2k,jpeg2k_819199.npz,819199,15.4875,33.0223,,,,180,1.00559,185,1,186,1,1,1,
ce_t150,E1 t150,1,01,150,main,192,log,jpeg2k,jpeg2k,jpeg2k_427289.npz,427289,29.6927,27.9189,,,,180,1.00559,184,0.994595,185,0.994624,0.988764,1,
ce_t150,E1 t150,1,01,150,main,192,log,jpeg2k,jpeg2k,jpeg2k_409615.npz,409615,30.9739,27.6393,,,,180,1.00559,185,1,186,1,1,1,
ce_t150,E1 t150,1,01,150,main,192,log,jpeg2k,jpeg2k,jpeg2k_224154.npz,224154,56.6011,24.7571,,,,179,1,185,1,186,1,1,1,
ce_t150,E1 t150,1,01,150,main,192,log,jpeg2k,jpeg2k,jpeg2k_204805.npz,204805,61.9485,24.4314,,,,179,1,185,1,186,1,1,1,
ce_t150,E1 t150,1,01,150,main,192,log,jpeg2k,jpeg2k,jpeg2k_135188.npz,135188,93.8497,23.0937,,,,181,1.01117,186,1.00541,187,1.00538,1.01124,1,
ce_t150,E1 t150,1,01,150,main,192,log,jpeg2k,jpeg2k,jpeg2k_102417.npz,102417,123.879,22.4232,,,,181,1.01117,186,1.00541,186,1,1.01124,1,
ce_t150,E1 t150,1,01,150,main,192,log,jpeg2k,jpeg2k,jpeg2k_85293.npz,85293,148.75,22.0819,,,,181,1.01117,186,1.00541,186,1,1.01124,1,
ce_t150,E1 t150,1,01,150,main,192,log,jpeg2k,jpeg2k,jpeg2k_51193.npz,51193,247.834,21.3654,,,,179,1,185,1,185,0.994624,1,1,
ce_t150,E1 t150,1,01,150,main,192,log,jpeg2k,jpeg2k,jpeg2k_50278.npz,50278,252.344,21.3454,,,,179,1,185,1,185,0.994624,1,1,
ce_t150,E1 t150,1,01,150,main,192,log,jpeg2k,jpeg2k,jpeg2k_33169.npz,33169,382.507,20.9524,,,,181,1.01117,186,1.00541,186,1,1.01124,1,
ce_t150,E1 t150,1,01,150,main,192,log,jpeg2k,jpeg2k,jpeg2k_23977.npz,23977,529.147,20.7297,,,,181,1.01117,186,1.00541,186,1,1.01124,1,
ce_t150,E1 t150,1,01,150,main,192,log,jpegxl,jpegxl,jpegxl_819199.npz,819199,15.4875,30.6282,,,,181,1.01117,185,1,186,1,1.01124,0.989583,
ce_t150,E1 t150,1,01,150,main,192,log,jpegxl,jpegxl,jpegxl_409652.npz,409652,30.9711,25.462,,,,181,1.01117,186,1.00541,187,1.00538,1.01124,1,
ce_t150,E1 t150,1,01,150,main,192,log,jpegxl,jpegxl,jpegxl_205065.npz,205065,61.8699,22.5476,,,,181,1.01117,185,1,186,1,1,1,
ce_t150,E1 t150,1,01,150,main,192,log,jpegxl,jpegxl,jpegxl_139250.npz,139250,91.1121,21.6894,,,,183,1.02235,187,1.01081,188,1.01075,1.02247,1,
ce_t150,E1 t150,1,01,150,main,192,log,luxar_K64000,luxar,luxar_K64000_427309.npz,427309,29.6913,21.2982,64000,40147,209.099,181,1.01117,186,1.00541,187,1.00538,1.02247,0.989583,
ce_t150,E1 t150,1,01,150,main,192,log,luxar_K32000,luxar,luxar_K32000_224127.npz,224127,56.6079,20.5153,32000,19910,103.698,180,1.00559,185,1,186,1,1,1,
ce_t150,E1 t150,1,01,150,main,192,log,luxar_K16000,luxar,luxar_K16000_135138.npz,135138,93.8845,20.2859,16000,10837,56.4427,184,1.02793,187,1.01081,187,1.00538,1.02247,1,
ce_t150,E1 t150,1,01,150,main,192,log,luxar_K8000,luxar,luxar_K8000_85203.npz,85203,148.907,20.034,8000,5800,30.2083,181,1.01117,185,1,185,0.994624,1,1,
ce_t150,E1 t150,1,01,150,main,192,log,luxar_K4000,luxar,luxar_K4000_50298.npz,50298,252.244,20.0077,4000,2550,13.2812,183,1.02235,186,1.00541,186,1,1.01124,1,
ce_t150,E1 t150,1,01,150,main,192,log,luxar_K2000,luxar,luxar_K2000_33188.npz,33188,382.288,19.8702,2000,1050,5.46875,177,0.988827,179,0.967568,179,0.962366,0.932584,1,
ce_t150,E1 t150,1,01,150,main,192,log,luxar_K1000,luxar,luxar_K1000_23958.npz,23958,529.567,19.5958,1000,324,1.6875,151,0.843575,161,0.87027,161,0.865591,0.775281,0.958333,
ce_t150,E1 t150,1,01,150,main,192,log,raw,raw,raw,12687360,1,120,,,,179,1,185,1,186,1,1,1,
ce_t150,E1 t150,1,01,150,main,192,log,zfp,zfp,zfp_841120.npz,841120,15.0839,18.4502,,,,164,0.916201,175,0.945946,176,0.946237,0.898876,0.989583,
ce_t150,E1 t150,1,01,150,main,192,log,zfp,zfp,zfp_433312.npz,433312,29.28,16.7424,,,,136,0.759777,153,0.827027,154,0.827957,0.808989,0.84375,
ce_t150,E1 t150,1,01,150,main,192,log,zfp,zfp,zfp_229408.npz,229408,55.3048,14.3362,,,,0,0,0,0,0,0,0,0,
ce_t150,E1 t150,1,01,150,main,192,watershed,downsample,downsample,downsample_882640.npz,882640,14.3743,19.8672,,,,147,0.825843,165,0.901639,166,0.907104,0.83908,0.958333,0.906593
ce_t150,E1 t150,1,01,150,main,192,watershed,downsample,downsample,downsample_362496.npz,362496,35,19.0572,,,,92,0.516854,120,0.655738,136,0.743169,0.689655,0.625,0.8
ce_t150,E1 t150,1,01,150,main,192,watershed,downsample,downsample,downsample_201348.npz,201348,63.0121,18.603,,,,57,0.320225,89,0.486339,114,0.622951,0.436782,0.53125,0.700787
ce_t150,E1 t150,1,01,150,main,192,watershed,downsample,downsample,downsample_100300.npz,100300,126.494,17.8636,,,,73,0.410112,89,0.486339,104,0.568306,0.482759,0.489583,0.712
ce_t150,E1 t150,1,01,150,main,192,watershed,downsample,downsample,downsample_45056.npz,45056,281.591,17.2546,,,,34,0.191011,52,0.284153,69,0.377049,0.264368,0.302083,0.619048
ce_t150,E1 t150,1,01,150,main,192,watershed,jpeg2k,jpeg2k,jpeg2k_819199.npz,819199,15.4875,33.0223,,,,176,0.988764,182,0.994536,182,0.994536,0.988506,1,0.914573
ce_t150,E1 t150,1,01,150,main,192,watershed,jpeg2k,jpeg2k,jpeg2k_427289.npz,427289,29.6927,27.9189,,,,178,1,183,1,183,1,1,1,0.948187
ce_t150,E1 t150,1,01,150,main,192,watershed,jpeg2k,jpeg2k,jpeg2k_409615.npz,409615,30.9739,27.6393,,,,177,0.994382,182,0.994536,182,0.994536,0.988506,1,0.914573
ce_t150,E1 t150,1,01,150,main,192,watershed,jpeg2k,jpeg2k,jpeg2k_224154.npz,224154,56.6011,24.7571,,,,178,1,182,0.994536,183,1,0.988506,1,0.887805
ce_t150,E1 t150,1,01,150,main,192,watershed,jpeg2k,jpeg2k,jpeg2k_204805.npz,204805,61.9485,24.4314,,,,177,0.994382,182,0.994536,183,1,0.988506,1,0.90099
ce_t150,E1 t150,1,01,150,main,192,watershed,jpeg2k,jpeg2k,jpeg2k_135188.npz,135188,93.8497,23.0937,,,,174,0.977528,179,0.978142,180,0.983607,0.954023,1,0.937173
ce_t150,E1 t150,1,01,150,main,192,watershed,jpeg2k,jpeg2k,jpeg2k_102417.npz,102417,123.879,22.4232,,,,173,0.97191,178,0.972678,179,0.978142,0.954023,0.989583,0.92228
ce_t150,E1 t150,1,01,150,main,192,watershed,jpeg2k,jpeg2k,jpeg2k_85293.npz,85293,148.75,22.0819,,,,173,0.97191,178,0.972678,179,0.978142,0.954023,0.989583,0.927083
ce_t150,E1 t150,1,01,150,main,192,watershed,jpeg2k,jpeg2k,jpeg2k_51193.npz,51193,247.834,21.3654,,,,174,0.977528,180,0.983607,180,0.983607,0.965517,1,0.9375
ce_t150,E1 t150,1,01,150,main,192,watershed,jpeg2k,jpeg2k,jpeg2k_50278.npz,50278,252.344,21.3454,,,,173,0.97191,179,0.978142,179,0.978142,0.954023,1,0.937173
ce_t150,E1 t150,1,01,150,main,192,watershed,jpeg2k,jpeg2k,jpeg2k_33169.npz,33169,382.507,20.9524,,,,175,0.983146,180,0.983607,181,0.989071,0.965517,1,0.927835
ce_t150,E1 t150,1,01,150,main,192,watershed,jpeg2k,jpeg2k,jpeg2k_23977.npz,23977,529.147,20.7297,,,,175,0.983146,180,0.983607,181,0.989071,0.965517,1,0.942408
ce_t150,E1 t150,1,01,150,main,192,watershed,jpegxl,jpegxl,jpegxl_819199.npz,819199,15.4875,30.6282,,,,175,0.983146,181,0.989071,181,0.989071,0.977011,1,0.923469
ce_t150,E1 t150,1,01,150,main,192,watershed,jpegxl,jpegxl,jpegxl_409652.npz,409652,30.9711,25.462,,,,176,0.988764,182,0.994536,182,0.994536,0.988506,1,0.923858
ce_t150,E1 t150,1,01,150,main,192,watershed,jpegxl,jpegxl,jpegxl_205065.npz,205065,61.8699,22.5476,,,,177,0.994382,182,0.994536,183,1,0.988506,1,0.91
ce_t150,E1 t150,1,01,150,main,192,watershed,jpegxl,jpegxl,jpegxl_139250.npz,139250,91.1121,21.6894,,,,176,0.988764,182,0.994536,182,0.994536,0.988506,1,0.938144
ce_t150,E1 t150,1,01,150,main,192,watershed,luxar_K64000,luxar,luxar_K64000_427309.npz,427309,29.6913,21.2982,64000,40147,209.099,173,0.97191,177,0.967213,178,0.972678,0.931034,1,0.903061
ce_t150,E1 t150,1,01,150,main,192,watershed,luxar_K32000,luxar,luxar_K32000_224127.npz,224127,56.6079,20.5153,32000,19910,103.698,172,0.966292,178,0.972678,179,0.978142,0.942529,1,0.912821
ce_t150,E1 t150,1,01,150,main,192,watershed,luxar_K16000,luxar,luxar_K16000_135138.npz,135138,93.8845,20.2859,16000,10837,56.4427,169,0.949438,176,0.961749,177,0.967213,0.91954,1,0.956522
ce_t150,E1 t150,1,01,150,main,192,watershed,luxar_K8000,luxar,luxar_K8000_85203.npz,85203,148.907,20.034,8000,5800,30.2083,173,0.97191,176,0.961749,176,0.961749,0.91954,1,0.921466
ce_t150,E1 t150,1,01,150,main,192,watershed,luxar_K4000,luxar,luxar_K4000_50298.npz,50298,252.244,20.0077,4000,2550,13.2812,170,0.955056,174,0.95082,174,0.95082,0.896552,1,0.945652
ce_t150,E1 t150,1,01,150,main,192,watershed,luxar_K2000,luxar,luxar_K2000_33188.npz,33188,382.288,19.8702,2000,1050,5.46875,163,0.91573,169,0.923497,169,0.923497,0.850575,0.989583,0.918478
ce_t150,E1 t150,1,01,150,main,192,watershed,luxar_K1000,luxar,luxar_K1000_23958.npz,23958,529.567,19.5958,1000,324,1.6875,142,0.797753,152,0.830601,155,0.846995,0.701149,0.947917,0.904762
ce_t150,E1 t150,1,01,150,main,192,watershed,raw,raw,raw,12687360,1,120,,,,178,1,183,1,183,1,1,1,0.933673
ce_t150,E1 t150,1,01,150,main,192,watershed,zfp,zfp,zfp_841120.npz,841120,15.0839,18.4502,,,,175,0.983146,180,0.983607,181,0.989071,0.977011,0.989583,0.947368
ce_t150,E1 t150,1,01,150,main,192,watershed,zfp,zfp,zfp_433312.npz,433312,29.28,16.7424,,,,161,0.904494,176,0.961749,176,0.961749,0.931034,0.989583,0.846154
ce_t150,E1 t150,1,01,150,main,192,watershed,zfp,zfp,zfp_229408.npz,229408,55.3048,14.3362,,,,0,0,0,0,0,0,0,0,0
ce_t194,E1 t194,1,01,194,main,362,cellpose,downsample,downsample,downsample_882640.npz,882640,14.3743,19.6733,,,,139,0.684729,179,0.739669,189,0.777778,0.677686,0.801653,0.937173
ce_t194,E1 t194,1,01,194,main,362,cellpose,downsample,downsample,downsample_362496.npz,362496,35,18.8677,,,,89,0.438424,123,0.508264,136,0.559671,0.446281,0.570248,0.891304
ce_t194,E1 t194,1,01,194,main,362,cellpose,downsample,downsample,downsample_201348.npz,201348,63.0121,18.489,,,,77,0.37931,114,0.471074,122,0.502058,0.479339,0.46281,0.897638
ce_t194,E1 t194,1,01,194,main,362,cellpose,downsample,downsample,downsample_100300.npz,100300,126.494,17.7029,,,,65,0.320197,89,0.367769,100,0.411523,0.330579,0.404959,0.864078
ce_t194,E1 t194,1,01,194,main,362,cellpose,downsample,downsample,downsample_45056.npz,45056,281.591,17.1907,,,,45,0.221675,69,0.285124,73,0.300412,0.280992,0.289256,0.873418
ce_t194,E1 t194,1,01,194,main,362,cellpose,jpeg2k,jpeg2k,jpeg2k_819143.npz,819143,15.4886,32.9445,,,,210,1.03448,246,1.01653,246,1.01235,0.983471,1.04959,0.98008
ce_t194,E1 t194,1,01,194,main,362,cellpose,jpeg2k,jpeg2k,jpeg2k_450951.npz,450951,28.1347,27.9485,,,,218,1.07389,248,1.02479,253,1.04115,1.04132,1.00826,0.96875
ce_t194,E1 t194,1,01,194,main,362,cellpose,jpeg2k,jpeg2k,jpeg2k_409608.npz,409608,30.9744,27.3965,,,,216,1.06404,246,1.01653,250,1.02881,1,1.03306,0.968504
ce_t194,E1 t194,1,01,194,main,362,cellpose,jpeg2k,jpeg2k,jpeg2k_234480.npz,234480,54.1085,24.654,,,,203,1,230,0.950413,235,0.967078,0.917355,0.983471,0.958333
ce_t194,E1 t194,1,01,194,main,362,cellpose,jpeg2k,jpeg2k,jpeg2k_204807.npz,204807,61.9479,24.1614,,,,203,1,227,0.938017,233,0.958848,0.92562,0.950413,0.953782
ce_t194,E1 t194,1,01,194,main,362,cellpose,jpeg2k,jpeg2k,jpeg2k_142016.npz,142016,89.3375,22.9247,,,,201,0.990148,235,0.971074,239,0.983539,0.92562,1.01653,0.955285
ce_t194,E1 t194,1,01,194,main,362,cellpose,jpeg2k,jpeg2k,jpeg2k_102356.npz,102356,123.953,22.1578,,,,209,1.02956,242,1,249,1.02469,0.991736,1.00826,0.945312
ce_t194,E1 t194,1,01,194,main,362,cellpose,jpeg2k,jpeg2k,jpeg2k_87507.npz,87507,144.987,21.8683,,,,213,1.04926,243,1.00413,250,1.02881,0.983471,1.02479,0.927481
ce_t194,E1 t194,1,01,194,main,362,cellpose,jpeg2k,jpeg2k,jpeg2k_52085.npz,52085,243.59,21.1573,,,,203,1,236,0.975207,244,1.00412,0.966942,0.983471,0.955466
ce_t194,E1 t194,1,01,194,main,362,cellpose,jpeg2k,jpeg2k,jpeg2k_51195.npz,51195,247.824,21.1385,,,,203,1,235,0.971074,243,1,0.966942,0.975207,0.955285
ce_t194,E1 t194,1,01,194,main,362,cellpose,jpeg2k,jpeg2k,jpeg2k_34647.npz,34647,366.189,20.7839,,,,209,1.02956,244,1.00826,247,1.01646,1,1.01653,0.976
ce_t194,E1 t194,1,01,194,main,362,cellpose,jpeg2k,jpeg2k,jpeg2k_24600.npz,24600,515.746,20.5444,,,,209,1.02956,238,0.983471,239,0.983539,0.933884,1.03306,0.987552
ce_t194,E1 t194,1,01,194,main,362,cellpose,jpegxl,jpegxl,jpegxl_819118.npz,819118,15.4891,30.5455,,,,214,1.05419,240,0.991736,244,1.00412,0.958678,1.02479,0.97166
ce_t194,E1 t194,1,01,194,main,362,cellpose,jpegxl,jpegxl,jpegxl_409685.npz,409685,30.9686,25.3621,,,,222,1.0936,245,1.0124,251,1.03292,0.983471,1.04132,0.964567
ce_t194,E1 t194,1,01,194,main,362,cellpose,jpegxl,jpegxl,jpegxl_205114.npz,205114,61.8552,22.3027,,,,206,1.01478,240,0.991736,242,0.995885,0.933884,1.04959,0.963855
ce_t194,E1 t194,1,01,194,main,362,cellpose,jpegxl,jpegxl,jpegxl_154889.npz,154889,81.9126,21.7051,,,,213,1.04926,242,1,247,1.01646,0.958678,1.04132,0.968
ce_t194,E1 t194,1,01,194,main,362,cellpose,luxar_K64000,luxar,luxar_K64000_450923.npz,450923,28.1364,21.1305,64000,41584,114.873,204,1.00493,238,0.983471,242,0.995885,0.933884,1.03306,0.955823
ce_t194,E1 t194,1,01,194,main,362,cellpose,luxar_K32000,luxar,luxar_K32000_234363.npz,234363,54.1355,20.3669,32000,20490,56.6022,189,0.931034,222,0.917355,226,0.930041,0.900826,0.933884,0.965217
ce_t194,E1 t194,1,01,194,main,362,cellpose,luxar_K16000,luxar,luxar_K16000_142147.npz,142147,89.2552,20.1078,16000,11202,30.9448,172,0.847291,214,0.884298,218,0.897119,0.842975,0.92562,0.959641
ce_t194,E1 t194,1,01,194,main,362,cellpose,luxar_K8000,luxar,luxar_K8000_87538.npz,87538,144.935,19.8355,8000,5928,16.3757,160,0.788177,201,0.830579,204,0.839506,0.801653,0.859504,0.975728
ce_t194,E1 t194,1,01,194,main,362,cellpose,luxar_K4000,luxar,luxar_K4000_52062.npz,52062,243.697,19.767,4000,2638,7.28729,161,0.793103,200,0.826446,207,0.851852,0.760331,0.892562,0.961538
ce_t194,E1 t194,1,01,194,main,362,cellpose,luxar_K2000,luxar,luxar_K2000_34689.npz,34689,365.746,19.5681,2000,1155,3.19061,154,0.758621,189,0.780992,195,0.802469,0.652893,0.909091,0.964286
ce_t194,E1 t194,1,01,194,main,362,cellpose,luxar_K1000,luxar,luxar_K1000_24637.npz,24637,514.972,19.0605,1000,360,0.994475,126,0.62069,152,0.628099,163,0.670782,0.570248,0.68595,0.921212
ce_t194,E1 t194,1,01,194,main,362,cellpose,raw,raw,raw,12687360,1,120,,,,203,1,242,1,243,1,1,1,0.979757
ce_t194,E1 t194,1,01,194,main,362,cellpose,zfp,zfp,zfp_841120.npz,841120,15.0839,18.1731,,,,192,0.945813,229,0.946281,233,0.958848,0.900826,0.991736,0.916
ce_t194,E1 t194,1,01,194,main,362,cellpose,zfp,zfp,zfp_433312.npz,433312,29.28,16.4409,,,,125,0.615764,177,0.731405,185,0.761317,0.743802,0.719008,0.931579
ce_t194,E1 t194,1,01,194,main,362,cellpose,zfp,zfp,zfp_229408.npz,229408,55.3048,13.4301,,,,0,0,0,0,0,0,0,0,0
ce_t194,E1 t194,1,01,194,main,362,log,downsample,downsample,downsample_882640.npz,882640,14.3743,19.6733,,,,237,0.713855,274,0.810651,275,0.811209,0.734568,0.880682,
ce_t194,E1 t194,1,01,194,main,362,log,downsample,downsample,downsample_362496.npz,362496,35,18.8677,,,,181,0.545181,225,0.66568,226,0.666667,0.611111,0.715909,
ce_t194,E1 t194,1,01,194,main,362,log,downsample,downsample,downsample_201348.npz,201348,63.0121,18.489,,,,143,0.430723,197,0.58284,206,0.60767,0.524691,0.636364,
ce_t194,E1 t194,1,01,194,main,362,log,downsample,downsample,downsample_100300.npz,100300,126.494,17.7029,,,,127,0.38253,164,0.485207,164,0.483776,0.487654,0.482955,
ce_t194,E1 t194,1,01,194,main,362,log,downsample,downsample,downsample_45056.npz,45056,281.591,17.1907,,,,73,0.21988,108,0.319527,111,0.327434,0.314815,0.323864,
ce_t194,E1 t194,1,01,194,main,362,log,jpeg2k,jpeg2k,jpeg2k_819143.npz,819143,15.4886,32.9445,,,,333,1.00301,339,1.00296,340,1.00295,1,1.00568,
ce_t194,E1 t194,1,01,194,main,362,log,jpeg2k,jpeg2k,jpeg2k_450951.npz,450951,28.1347,27.9485,,,,333,1.00301,338,1,339,1,0.993827,1.00568,
ce_t194,E1 t194,1,01,194,main,362,log,jpeg2k,jpeg2k,jpeg2k_409608.npz,409608,30.9744,27.3965,,,,332,1,337,0.997041,338,0.99705,0.987654,1.00568,
ce_t194,E1 t194,1,01,194,main,362,log,jpeg2k,jpeg2k,jpeg2k_234480.npz,234480,54.1085,24.654,,,,333,1.00301,339,1.00296,341,1.0059,1,1.00568,
ce_t194,E1 t194,1,01,194,main,362,log,jpeg2k,jpeg2k,jpeg2k_204807.npz,204807,61.9479,24.1614,,,,334,1.00602,339,1.00296,339,1,1,1.00568,
ce_t194,E1 t194,1,01,194,main,362,log,jpeg2k,jpeg2k,jpeg2k_142016.npz,142016,89.3375,22.9247,,,,332,1,340,1.00592,340,1.00295,1.00617,1.00568,
ce_t194,E1 t194,1,01,194,main,362,log,jpeg2k,jpeg2k,jpeg2k_102356.npz,102356,123.953,22.1578,,,,335,1.00904,342,1.01183,343,1.0118,1.02469,1,
ce_t194,E1 t194,1,01,194,main,362,log,jpeg2k,jpeg2k,jpeg2k_87507.npz,87507,144.987,21.8683,,,,336,1.01205,344,1.01775,344,1.01475,1.03086,1.00568,
ce_t194,E1 t194,1,01,194,main,362,log,jpeg2k,jpeg2k,jpeg2k_52085.npz,52085,243.59,21.1573,,,,332,1,341,1.00888,343,1.0118,1.01852,1,
ce_t194,E1 t194,1,01,194,main,362,log,jpeg2k,jpeg2k,jpeg2k_51195.npz,51195,247.824,21.1385,,,,331,0.996988,340,1.00592,342,1.00885,1.01235,1,
ce_t194,E1 t194,1,01,194,main,362,log,jpeg2k,jpeg2k,jpeg2k_34647.npz,34647,366.189,20.7839,,,,336,1.01205,344,1.01775,345,1.0177,1.03704,1,
ce_t194,E1 t194,1,01,194,main,362,log,jpeg2k,jpeg2k,jpeg2k_24600.npz,24600,515.746,20.5444,,,,335,1.00904,344,1.01775,345,1.0177,1.03086,1.00568,
ce_t194,E1 t194,1,01,194,main,362,log,jpegxl,jpegxl,jpegxl_819118.npz,819118,15.4891,30.5455,,,,331,0.996988,337,0.997041,338,0.99705,0.993827,1,
ce_t194,E1 t194,1,01,194,main,362,log,jpegxl,jpegxl,jpegxl_409685.npz,409685,30.9686,25.3621,,,,333,1.00301,337,0.997041,338,0.99705,1,0.994318,
ce_t194,E1 t194,1,01,194,main,362,log,jpegxl,jpegxl,jpegxl_205114.npz,205114,61.8552,22.3027,,,,329,0.990964,337,0.997041,337,0.9941,0.993827,1,
ce_t194,E1 t194,1,01,194,main,362,log,jpegxl,jpegxl,jpegxl_154889.npz,154889,81.9126,21.7051,,,,331,0.996988,337,0.997041,338,0.99705,1.00617,0.988636,
ce_t194,E1 t194,1,01,194,main,362,log,luxar_K64000,luxar,luxar_K64000_450923.npz,450923,28.1364,21.1305,64000,41584,114.873,333,1.00301,340,1.00592,340,1.00295,1.01235,1,
ce_t194,E1 t194,1,01,194,main,362,log,luxar_K32000,luxar,luxar_K32000_234363.npz,234363,54.1355,20.3669,32000,20490,56.6022,329,0.990964,338,1,338,0.99705,0.993827,1.00568,
ce_t194,E1 t194,1,01,194,main,362,log,luxar_K16000,luxar,luxar_K16000_142147.npz,142147,89.2552,20.1078,16000,11202,30.9448,325,0.978916,331,0.97929,331,0.976401,0.969136,0.988636,
ce_t194,E1 t194,1,01,194,main,362,log,luxar_K8000,luxar,luxar_K8000_87538.npz,87538,144.935,19.8355,8000,5928,16.3757,324,0.975904,329,0.973373,329,0.970501,0.962963,0.982955,
ce_t194,E1 t194,1,01,194,main,362,log,luxar_K4000,luxar,luxar_K4000_52062.npz,52062,243.697,19.767,4000,2638,7.28729,321,0.966867,325,0.961538,325,0.958702,0.950617,0.971591,
ce_t194,E1 t194,1,01,194,main,362,log,luxar_K2000,luxar,luxar_K2000_34689.npz,34689,365.746,19.5681,2000,1155,3.19061,296,0.891566,307,0.908284,307,0.905605,0.845679,0.965909,
ce_t194,E1 t194,1,01,194,main,362,log,luxar_K1000,luxar,luxar_K1000_24637.npz,24637,514.972,19.0605,1000,360,0.994475,206,0.620482,228,0.674556,228,0.672566,0.641975,0.704545,
ce_t194,E1 t194,1,01,194,main,362,log,raw,raw,raw,12687360,1,120,,,,332,1,338,1,339,1,1,1,
ce_t194,E1 t194,1,01,194,main,362,log,zfp,zfp,zfp_841120.npz,841120,15.0839,18.1731,,,,309,0.930723,323,0.955621,323,0.952802,0.932099,0.977273,
ce_t194,E1 t194,1,01,194,main,362,log,zfp,zfp,zfp_433312.npz,433312,29.28,16.4409,,,,228,0.686747,260,0.769231,264,0.778761,0.722222,0.8125,
ce_t194,E1 t194,1,01,194,main,362,log,zfp,zfp,zfp_229408.npz,229408,55.3048,13.4301,,,,0,0,0,0,0,0,0,0,
ce_t194,E1 t194,1,01,194,main,362,watershed,downsample,downsample,downsample_882640.npz,882640,14.3743,19.6733,,,,202,0.694158,231,0.733333,240,0.75,0.723684,0.742331,0.905882
ce_t194,E1 t194,1,01,194,main,362,watershed,downsample,downsample,downsample_362496.npz,362496,35,18.8677,,,,145,0.498282,188,0.596825,196,0.6125,0.585526,0.607362,0.921569
ce_t194,E1 t194,1,01,194,main,362,watershed,downsample,downsample,downsample_201348.npz,201348,63.0121,18.489,,,,124,0.426117,169,0.536508,189,0.590625,0.565789,0.509202,0.816425
ce_t194,E1 t194,1,01,194,main,362,watershed,downsample,downsample,downsample_100300.npz,100300,126.494,17.7029,,,,108,0.371134,148,0.469841,164,0.5125,0.480263,0.460123,0.808743
ce_t194,E1 t194,1,01,194,main,362,watershed,downsample,downsample,downsample_45056.npz,45056,281.591,17.1907,,,,72,0.247423,103,0.326984,126,0.39375,0.388158,0.269939,0.746377
ce_t194,E1 t194,1,01,194,main,362,watershed,jpeg2k,jpeg2k,jpeg2k_819143.npz,819143,15.4886,32.9445,,,,294,1.01031,314,0.996825,318,0.99375,0.986842,1.00613,0.923529
ce_t194,E1 t194,1,01,194,main,362,watershed,jpeg2k,jpeg2k,jpeg2k_450951.npz,450951,28.1347,27.9485,,,,294,1.01031,314,0.996825,317,0.990625,1.00658,0.98773,0.931751
ce_t194,E1 t194,1,01,194,main,362,watershed,jpeg2k,jpeg2k,jpeg2k_409608.npz,409608,30.9744,27.3965,,,,296,1.01718,315,1,318,0.99375,1.01316,0.98773,0.931953
ce_t194,E1 t194,1,01,194,main,362,watershed,jpeg2k,jpeg2k,jpeg2k_234480.npz,234480,54.1085,24.654,,,,290,0.996564,308,0.977778,312,0.975,0.947368,1.00613,0.922156
ce_t194,E1 t194,1,01,194,main,362,watershed,jpeg2k,jpeg2k,jpeg2k_204807.npz,204807,61.9479,24.1614,,,,287,0.986254,307,0.974603,312,0.975,0.953947,0.993865,0.927492
ce_t194,E1 t194,1,01,194,main,362,watershed,jpeg2k,jpeg2k,jpeg2k_142016.npz,142016,89.3375,22.9247,,,,284,0.975945,303,0.961905,305,0.953125,0.940789,0.981595,0.92378
ce_t194,E1 t194,1,01,194,main,362,watershed,jpeg2k,jpeg2k,jpeg2k_102356.npz,102356,123.953,22.1578,,,,288,0.989691,306,0.971429,310,0.96875,0.960526,0.981595,0.916168
ce_t194,E1 t194,1,01,194,main,362,watershed,jpeg2k,jpeg2k,jpeg2k_87507.npz,87507,144.987,21.8683,,,,291,1,309,0.980952,313,0.978125,0.960526,1,0.908824
ce_t194,E1 t194,1,01,194,main,362,watershed,jpeg2k,jpeg2k,jpeg2k_52085.npz,52085,243.59,21.1573,,,,292,1.00344,308,0.977778,311,0.971875,0.967105,0.98773,0.933333
ce_t194,E1 t194,1,01,194,main,362,watershed,jpeg2k,jpeg2k,jpeg2k_51195.npz,51195,247.824,21.1385,,,,294,1.01031,310,0.984127,314,0.98125,0.973684,0.993865,0.928144
ce_t194,E1 t194,1,01,194,main,362,watershed,jpeg2k,jpeg2k,jpeg2k_34647.npz,34647,366.189,20.7839,,,,295,1.01375,310,0.984127,315,0.984375,0.967105,1,0.928144
ce_t194,E1 t194,1,01,194,main,362,watershed,jpeg2k,jpeg2k,jpeg2k_24600.npz,24600,515.746,20.5444,,,,290,0.996564,307,0.974603,308,0.9625,0.960526,0.98773,0.933131
ce_t194,E1 t194,1,01,194,main,362,watershed,jpegxl,jpegxl,jpegxl_819118.npz,819118,15.4891,30.5455,,,,293,1.00687,316,1.00317,322,1.00625,1,1.00613,0.918605
ce_t194,E1 t194,1,01,194,main,362,watershed,jpegxl,jpegxl,jpegxl_409685.npz,409685,30.9686,25.3621,,,,295,1.01375,319,1.0127,322,1.00625,1.00658,1.0184,0.930029
ce_t194,E1 t194,1,01,194,main,362,watershed,jpegxl,jpegxl,jpegxl_205114.npz,205114,61.8552,22.3027,,,,292,1.00344,312,0.990476,315,0.984375,0.993421,0.98773,0.934132
ce_t194,E1 t194,1,01,194,main,362,watershed,jpegxl,jpegxl,jpegxl_154889.npz,154889,81.9126,21.7051,,,,289,0.993127,310,0.984127,314,0.98125,0.960526,1.00613,0.933735
ce_t194,E1 t194,1,01,194,main,362,watershed,luxar_K64000,luxar,luxar_K64000_450923.npz,450923,28.1364,21.1305,64000,41584,114.873,280,0.962199,302,0.95873,309,0.965625,0.940789,0.97546,0.901493
ce_t194,E1 t194,1,01,194,main,362,watershed,luxar_K32000,luxar,luxar_K32000_234363.npz,234363,54.1355,20.3669,32000,20490,56.6022,283,0.972509,301,0.955556,307,0.959375,0.927632,0.981595,0.926154
ce_t194,E1 t194,1,01,194,main,362,watershed,luxar_K16000,luxar,luxar_K16000_142147.npz,142147,89.2552,20.1078,16000,11202,30.9448,276,0.948454,301,0.955556,307,0.959375,0.921053,0.98773,0.931889
ce_t194,E1 t194,1,01,194,main,362,watershed,luxar_K8000,luxar,luxar_K8000_87538.npz,87538,144.935,19.8355,8000,5928,16.3757,281,0.965636,299,0.949206,303,0.946875,0.914474,0.981595,0.928571
ce_t194,E1 t194,1,01,194,main,362,watershed,luxar_K4000,luxar,luxar_K4000_52062.npz,52062,243.697,19.767,4000,2638,7.28729,271,0.931271,291,0.92381,296,0.925,0.868421,0.97546,0.920886
ce_t194,E1 t194,1,01,194,main,362,watershed,luxar_K2000,luxar,luxar_K2000_34689.npz,34689,365.746,19.5681,2000,1155,3.19061,253,0.869416,273,0.866667,279,0.871875,0.782895,0.944785,0.931741
ce_t194,E1 t194,1,01,194,main,362,watershed,luxar_K1000,luxar,luxar_K1000_24637.npz,24637,514.972,19.0605,1000,360,0.994475,182,0.62543,212,0.673016,216,0.675,0.697368,0.650307,0.946429
ce_t194,E1 t194,1,01,194,main,362,watershed,raw,raw,raw,12687360,1,120,,,,291,1,315,1,320,1,1,1,0.907781
ce_t194,E1 t194,1,01,194,main,362,watershed,zfp,zfp,zfp_841120.npz,841120,15.0839,18.1731,,,,297,1.02062,309,0.980952,312,0.975,0.953947,1.00613,0.93921
ce_t194,E1 t194,1,01,194,main,362,watershed,zfp,zfp,zfp_433312.npz,433312,29.28,16.4409,,,,218,0.749141,272,0.863492,284,0.8875,0.934211,0.797546,0.860759
ce_t194,E1 t194,1,01,194,main,362,watershed,zfp,zfp,zfp_229408.npz,229408,55.3048,13.4301,,,,0,0,0,0,0,0,0,0,0
ce_s02_t150,E2 t150,2,02,150,main,190,cellpose,downsample,downsample,downsample_805800.npz,805800,14.0244,21.0679,,,,88,0.721311,109,0.721854,121,0.796053,0.717949,0.726027,0.813433
ce_s02_t150,E2 t150,2,02,150,main,190,cellpose,downsample,downsample,downsample_318976.npz,318976,35.4286,19.5291,,,,54,0.442623,92,0.609272,108,0.710526,0.461538,0.767123,0.741935
ce_s02_t150,E2 t150,2,02,150,main,190,cellpose,downsample,downsample,downsample_173808.npz,173808,65.0192,19.0195,,,,40,0.327869,62,0.410596,73,0.480263,0.269231,0.561644,0.756098
ce_s02_t150,E2 t150,2,02,150,main,190,cellpose,downsample,downsample,downsample_100300.npz,100300,112.671,18.4336,,,,30,0.245902,56,0.370861,67,0.440789,0.346154,0.39726,0.736842
ce_s02_t150,E2 t150,2,02,150,main,190,cellpose,downsample,downsample,downsample_58984.npz,58984,191.592,17.4969,,,,26,0.213115,36,0.238411,39,0.256579,0.128205,0.356164,0.818182
ce_s02_t150,E2 t150,2,02,150,main,190,cellpose,jpeg2k,jpeg2k,jpeg2k_819223.npz,819223,13.7946,33.7434,,,,127,1.04098,154,1.01987,156,1.02632,1.01282,1.0274,0.939024
ce_s02_t150,E2 t150,2,02,150,main,190,cellpose,jpeg2k,jpeg2k,jpeg2k_409474.npz,409474,27.5985,28.8856,,,,128,1.04918,155,1.02649,157,1.03289,1.01282,1.0411,0.91716
ce_s02_t150,E2 t150,2,02,150,main,190,cellpose,jpeg2k,jpeg2k,jpeg2k_239524.npz,239524,47.1805,26.5236,,,,127,1.04098,158,1.04636,159,1.04605,1.03846,1.05479,0.946108
ce_s02_t150,E2 t150,2,02,150,main,190,cellpose,jpeg2k,jpeg2k,jpeg2k_204809.npz,204809,55.1776,26.0173,,,,124,1.01639,153,1.01325,156,1.02632,1,1.0274,0.910714
ce_s02_t150,E2 t150,2,02,150,main,190,cellpose,jpeg2k,jpeg2k,jpeg2k_125533.npz,125533,90.0231,24.65,,,,116,0.95082,141,0.933775,144,0.947368,0.910256,0.958904,0.915584
ce_s02_t150,E2 t150,2,02,150,main,190,cellpose,jpeg2k,jpeg2k,jpeg2k_102405.npz,102405,110.355,24.1972,,,,119,0.97541,144,0.953642,147,0.967105,0.935897,0.972603,0.917197
ce_s02_t150,E2 t150,2,02,150,main,190,cellpose,jpeg2k,jpeg2k,jpeg2k_83428.npz,83428,135.456,23.7812,,,,125,1.02459,145,0.960265,148,0.973684,0.897436,1.0274,0.929487
ce_s02_t150,E2 t150,2,02,150,main,190,cellpose,jpeg2k,jpeg2k,jpeg2k_51167.npz,51167,220.862,23.0826,,,,121,0.991803,144,0.953642,147,0.967105,0.884615,1.0274,0.923077
ce_s02_t150,E2 t150,2,02,150,main,190,cellpose,jpeg2k,jpeg2k,jpeg2k_49838.npz,49838,226.752,23.0541,,,,122,1,143,0.94702,147,0.967105,0.884615,1.0137,0.916667
ce_s02_t150,E2 t150,2,02,150,main,190,cellpose,jpeg2k,jpeg2k,jpeg2k_42015.npz,42015,268.972,22.8859,,,,120,0.983607,146,0.966887,149,0.980263,0.935897,1,0.901235
ce_s02_t150,E2 t150,2,02,150,main,190,cellpose,jpeg2k,jpeg2k,jpeg2k_34276.npz,34276,329.702,22.703,,,,123,1.0082,142,0.940397,147,0.967105,0.974359,0.90411,0.904459
ce_s02_t150,E2 t150,2,02,150,main,190,cellpose,jpeg2k,jpeg2k,jpeg2k_29958.npz,29958,377.224,22.5871,,,,126,1.03279,140,0.927152,143,0.940789,0.948718,0.90411,0.903226
ce_s02_t150,E2 t150,2,02,150,main,190,cellpose,jpeg2k,jpeg2k,jpeg2k_25669.npz,25669,440.253,22.4672,,,,116,0.95082,136,0.900662,140,0.921053,0.897436,0.90411,0.918919
ce_s02_t150,E2 t150,2,02,150,main,190,cellpose,jpegxl,jpegxl,jpegxl_819172.npz,819172,13.7955,32.6103,,,,128,1.04918,152,1.00662,154,1.01316,1,1.0137,0.95
ce_s02_t150,E2 t150,2,02,150,main,190,cellpose,jpegxl,jpegxl,jpegxl_409263.npz,409263,27.6127,27.0949,,,,123,1.0082,151,1,153,1.00658,0.961538,1.0411,0.932099
ce_s02_t150,E2 t150,2,02,150,main,190,cellpose,jpegxl,jpegxl,jpegxl_204861.npz,204861,55.1636,24.3175,,,,125,1.02459,149,0.986755,153,1.00658,0.987179,0.986301,0.908537
ce_s02_t150,E2 t150,2,02,150,main,190,cellpose,jpegxl,jpegxl,jpegxl_102402.npz,102402,110.358,23.0967,,,,127,1.04098,147,0.97351,153,1.00658,0.974359,0.972603,0.896341
ce_s02_t150,E2 t150,2,02,150,main,190,cellpose,jpegxl,jpegxl,jpegxl_95674.npz,95674,118.118,23.0245,,,,125,1.02459,146,0.966887,152,1,0.987179,0.945205,0.863905
ce_s02_t150,E2 t150,2,02,150,main,190,cellpose,luxar_K32000,luxar,luxar_K32000_239510.npz,239510,47.1833,22.5519,32000,21857,115.037,112,0.918033,132,0.874172,143,0.940789,0.884615,0.863014,0.885906
ce_s02_t150,E2 t150,2,02,150,main,190,cellpose,luxar_K16000,luxar,luxar_K16000_125542.npz,125542,90.0166,22.0847,16000,10182,53.5895,110,0.901639,136,0.900662,142,0.934211,0.897436,0.90411,0.918919
ce_s02_t150,E2 t150,2,02,150,main,190,cellpose,luxar_K8000,luxar,luxar_K8000_83322.npz,83322,135.629,21.9436,8000,5762,30.3263,114,0.934426,132,0.874172,139,0.914474,0.897436,0.849315,0.885906
ce_s02_t150,E2 t150,2,02,150,main,190,cellpose,luxar_K4000,luxar,luxar_K4000_49866.npz,49866,226.625,21.7939,4000,2529,13.3105,117,0.959016,133,0.880795,140,0.921053,0.858974,0.90411,0.898649
ce_s02_t150,E2 t150,2,02,150,main,190,cellpose,luxar_K3000,luxar,luxar_K3000_42017.npz,42017,268.959,21.7851,3000,1825,9.60526,114,0.934426,131,0.86755,140,0.921053,0.884615,0.849315,0.909722
ce_s02_t150,E2 t150,2,02,150,main,190,cellpose,luxar_K2000,luxar,luxar_K2000_34298.npz,34298,329.49,21.5752,2000,1143,6.01579,109,0.893443,127,0.84106,138,0.907895,0.858974,0.821918,0.869863
ce_s02_t150,E2 t150,2,02,150,main,190,cellpose,luxar_K1500,luxar,luxar_K1500_29968.npz,29968,377.098,21.4347,1500,783,4.12105,102,0.836066,122,0.807947,135,0.888158,0.75641,0.863014,0.853147
ce_s02_t150,E2 t150,2,02,150,main,190,cellpose,luxar_K1000,luxar,luxar_K1000_25650.npz,25650,440.579,20.8709,1000,442,2.32632,91,0.745902,112,0.741722,120,0.789474,0.628205,0.863014,0.88189
ce_s02_t150,E2 t150,2,02,150,main,190,cellpose,raw,raw,raw,11300864,1,120,,,,122,1,151,1,152,1,1,1,0.932099
ce_s02_t150,E2 t150,2,02,150,main,190,cellpose,zfp,zfp,zfp_843024.npz,843024,13.4052,20.2752,,,,113,0.92623,144,0.953642,153,1.00658,0.974359,0.931507,0.852071
ce_s02_t150,E2 t150,2,02,150,main,190,cellpose,zfp,zfp,zfp_432912.npz,432912,26.1043,18.5235,,,,126,1.03279,155,1.02649,158,1.03947,0.974359,1.08219,0.833333
ce_s02_t150,E2 t150,2,02,150,main,190,cellpose,zfp,zfp,zfp_205072.npz,205072,55.1068,14.6048,,,,0,0,0,0,0,0,0,0,0
ce_s02_t150,E2 t150,2,02,150,main,190,log,downsample,downsample,downsample_805800.npz,805800,14.0244,21.0679,,,,130,0.747126,169,0.944134,169,0.944134,1.04762,0.852632,
ce_s02_t150,E2 t150,2,02,150,main,190,log,downsample,downsample,downsample_318976.npz,318976,35.4286,19.5291,,,,104,0.597701,149,0.832402,156,0.871508,0.845238,0.821053,
ce_s02_t150,E2 t150,2,02,150,main,190,log,downsample,downsample,downsample_173808.npz,173808,65.0192,19.0195,,,,100,0.574713,133,0.743017,137,0.765363,0.714286,0.768421,
ce_s02_t150,E2 t150,2,02,150,main,190,log,downsample,downsample,downsample_100300.npz,100300,112.671,18.4336,,,,76,0.436782,111,0.620112,115,0.642458,0.678571,0.568421,
ce_s02_t150,E2 t150,2,02,150,main,190,log,downsample,downsample,downsample_58984.npz,58984,191.592,17.4969,,,,49,0.281609,72,0.402235,74,0.413408,0.428571,0.378947,
ce_s02_t150,E2 t150,2,02,150,main,190,log,jpeg2k,jpeg2k,jpeg2k_819223.npz,819223,13.7946,33.7434,,,,172,0.988506,178,0.994413,178,0.994413,0.988095,1,
ce_s02_t150,E2 t150,2,02,150,main,190,log,jpeg2k,jpeg2k,jpeg2k_409474.npz,409474,27.5985,28.8856,,,,172,0.988506,179,1,179,1,1,1,
ce_s02_t150,E2 t150,2,02,150,main,190,log,jpeg2k,jpeg2k,jpeg2k_239524.npz,239524,47.1805,26.5236,,,,173,0.994253,180,1.00559,180,1.00559,1.0119,1,
ce_s02_t150,E2 t150,2,02,150,main,190,log,jpeg2k,jpeg2k,jpeg2k_204809.npz,204809,55.1776,26.0173,,,,171,0.982759,179,1,179,1,1,1,
ce_s02_t150,E2 t150,2,02,150,main,190,log,jpeg2k,jpeg2k,jpeg2k_125533.npz,125533,90.0231,24.65,,,,170,0.977011,178,0.994413,178,0.994413,0.988095,1,
ce_s02_t150,E2 t150,2,02,150,main,190,log,jpeg2k,jpeg2k,jpeg2k_102405.npz,102405,110.355,24.1972,,,,169,0.971264,178,0.994413,178,0.994413,0.988095,1,
ce_s02_t150,E2 t150,2,02,150,main,190,log,jpeg2k,jpeg2k,jpeg2k_83428.npz,83428,135.456,23.7812,,,,170,0.977011,179,1,179,1,1,1,
ce_s02_t150,E2 t150,2,02,150,main,190,log,jpeg2k,jpeg2k,jpeg2k_51167.npz,51167,220.862,23.0826,,,,171,0.982759,179,1,179,1,1,1,
ce_s02_t150,E2 t150,2,02,150,main,190,log,jpeg2k,jpeg2k,jpeg2k_49838.npz,49838,226.752,23.0541,,,,171,0.982759,179,1,179,1,1,1,
ce_s02_t150,E2 t150,2,02,150,main,190,log,jpeg2k,jpeg2k,jpeg2k_42015.npz,42015,268.972,22.8859,,,,170,0.977011,179,1,179,1,1,1,
ce_s02_t150,E2 t150,2,02,150,main,190,log,jpeg2k,jpeg2k,jpeg2k_34276.npz,34276,329.702,22.703,,,,173,0.994253,179,1,179,1,1,1,
ce_s02_t150,E2 t150,2,02,150,main,190,log,jpeg2k,jpeg2k,jpeg2k_29958.npz,29958,377.224,22.5871,,,,174,1,180,1.00559,180,1.00559,1.0119,1,
ce_s02_t150,E2 t150,2,02,150,main,190,log,jpeg2k,jpeg2k,jpeg2k_25669.npz,25669,440.253,22.4672,,,,174,1,181,1.01117,181,1.01117,1.02381,1,
ce_s02_t150,E2 t150,2,02,150,main,190,log,jpegxl,jpegxl,jpegxl_819172.npz,819172,13.7955,32.6103,,,,174,1,180,1.00559,180,1.00559,1.0119,1,
ce_s02_t150,E2 t150,2,02,150,main,190,log,jpegxl,jpegxl,jpegxl_409263.npz,409263,27.6127,27.0949,,,,173,0.994253,178,0.994413,178,0.994413,0.988095,1,
ce_s02_t150,E2 t150,2,02,150,main,190,log,jpegxl,jpegxl,jpegxl_204861.npz,204861,55.1636,24.3175,,,,173,0.994253,180,1.00559,180,1.00559,1.0119,1,
ce_s02_t150,E2 t150,2,02,150,main,190,log,jpegxl,jpegxl,jpegxl_102402.npz,102402,110.358,23.0967,,,,172,0.988506,178,0.994413,178,0.994413,0.988095,1,
ce_s02_t150,E2 t150,2,02,150,main,190,log,jpegxl,jpegxl,jpegxl_95674.npz,95674,118.118,23.0245,,,,172,0.988506,180,1.00559,180,1.00559,1.0119,1,
ce_s02_t150,E2 t150,2,02,150,main,190,log,luxar_K32000,luxar,luxar_K32000_239510.npz,239510,47.1833,22.5519,32000,21857,115.037,178,1.02299,186,1.03911,186,1.03911,1.08333,1,
ce_s02_t150,E2 t150,2,02,150,main,190,log,luxar_K16000,luxar,luxar_K16000_125542.npz,125542,90.0166,22.0847,16000,10182,53.5895,181,1.04023,186,1.03911,186,1.03911,1.08333,1,
ce_s02_t150,E2 t150,2,02,150,main,190,log,luxar_K8000,luxar,luxar_K8000_83322.npz,83322,135.629,21.9436,8000,5762,30.3263,180,1.03448,185,1.03352,186,1.03911,1.07143,1,
ce_s02_t150,E2 t150,2,02,150,main,190,log,luxar_K4000,luxar,luxar_K4000_49866.npz,49866,226.625,21.7939,4000,2529,13.3105,179,1.02874,185,1.03352,186,1.03911,1.07143,1,
ce_s02_t150,E2 t150,2,02,150,main,190,log,luxar_K3000,luxar,luxar_K3000_42017.npz,42017,268.959,21.7851,3000,1825,9.60526,178,1.02299,184,1.02793,185,1.03352,1.05952,1,
ce_s02_t150,E2 t150,2,02,150,main,190,log,luxar_K2000,luxar,luxar_K2000_34298.npz,34298,329.49,21.5752,2000,1143,6.01579,175,1.00575,180,1.00559,181,1.01117,1.0119,1,
ce_s02_t150,E2 t150,2,02,150,main,190,log,luxar_K1500,luxar,luxar_K1500_29968.npz,29968,377.098,21.4347,1500,783,4.12105,171,0.982759,176,0.98324,177,0.988827,0.988095,0.978947,
ce_s02_t150,E2 t150,2,02,150,main,190,log,luxar_K1000,luxar,luxar_K1000_25650.npz,25650,440.579,20.8709,1000,442,2.32632,142,0.816092,153,0.854749,153,0.854749,0.77381,0.926316,
ce_s02_t150,E2 t150,2,02,150,main,190,log,raw,raw,raw,11300864,1,120,,,,174,1,179,1,179,1,1,1,
ce_s02_t150,E2 t150,2,02,150,main,190,log,zfp,zfp,zfp_843024.npz,843024,13.4052,20.2752,,,,168,0.965517,176,0.98324,176,0.98324,0.964286,1,
ce_s02_t150,E2 t150,2,02,150,main,190,log,zfp,zfp,zfp_432912.npz,432912,26.1043,18.5235,,,,115,0.66092,144,0.804469,150,0.837989,0.702381,0.894737,
ce_s02_t150,E2 t150,2,02,150,main,190,log,zfp,zfp,zfp_205072.npz,205072,55.1068,14.6048,,,,0,0,0,0,0,0,0,0,
ce_s02_t150,E2 t150,2,02,150,main,190,watershed,downsample,downsample,downsample_805800.npz,805800,14.0244,21.0679,,,,139,0.837349,154,0.890173,156,0.901734,0.871795,0.905263,0.875
ce_s02_t150,E2 t150,2,02,150,main,190,watershed,downsample,downsample,downsample_318976.npz,318976,35.4286,19.5291,,,,93,0.560241,125,0.722543,133,0.768786,0.679487,0.757895,0.801282
ce_s02_t150,E2 t150,2,02,150,main,190,watershed,downsample,downsample,downsample_173808.npz,173808,65.0192,19.0195,,,,76,0.457831,99,0.572254,109,0.630058,0.448718,0.673684,0.727941
ce_s02_t150,E2 t150,2,02,150,main,190,watershed,downsample,downsample,downsample_100300.npz,100300,112.671,18.4336,,,,62,0.373494,81,0.468208,95,0.549133,0.487179,0.452632,0.743119
ce_s02_t150,E2 t150,2,02,150,main,190,watershed,downsample,downsample,downsample_58984.npz,58984,191.592,17.4969,,,,42,0.253012,57,0.32948,67,0.387283,0.333333,0.326316,0.662791
ce_s02_t150,E2 t150,2,02,150,main,190,watershed,jpeg2k,jpeg2k,jpeg2k_819223.npz,819223,13.7946,33.7434,,,,166,1,173,1,173,1,1,1,0.901042
ce_s02_t150,E2 t150,2,02,150,main,190,watershed,jpeg2k,jpeg2k,jpeg2k_409474.npz,409474,27.5985,28.8856,,,,166,1,172,0.99422,172,0.99422,0.987179,1,0.891192
ce_s02_t150,E2 t150,2,02,150,main,190,watershed,jpeg2k,jpeg2k,jpeg2k_239524.npz,239524,47.1805,26.5236,,,,166,1,173,1,173,1,1,1,0.865
ce_s02_t150,E2 t150,2,02,150,main,190,watershed,jpeg2k,jpeg2k,jpeg2k_204809.npz,204809,55.1776,26.0173,,,,166,1,173,1,173,1,1,1,0.878173
ce_s02_t150,E2 t150,2,02,150,main,190,watershed,jpeg2k,jpeg2k,jpeg2k_125533.npz,125533,90.0231,24.65,,,,167,1.00602,173,1,173,1,1,1,0.878173
ce_s02_t150,E2 t150,2,02,150,main,190,watershed,jpeg2k,jpeg2k,jpeg2k_102405.npz,102405,110.355,24.1972,,,,166,1,172,0.99422,172,0.99422,0.987179,1,0.891192
ce_s02_t150,E2 t150,2,02,150,main,190,watershed,jpeg2k,jpeg2k,jpeg2k_83428.npz,83428,135.456,23.7812,,,,164,0.987952,173,1,173,1,1,1,0.910526
ce_s02_t150,E2 t150,2,02,150,main,190,watershed,jpeg2k,jpeg2k,jpeg2k_51167.npz,51167,220.862,23.0826,,,,165,0.993976,171,0.988439,171,0.988439,0.974359,1,0.859296
ce_s02_t150,E2 t150,2,02,150,main,190,watershed,jpeg2k,jpeg2k,jpeg2k_49838.npz,49838,226.752,23.0541,,,,165,0.993976,171,0.988439,171,0.988439,0.974359,1,0.863636
ce_s02_t150,E2 t150,2,02,150,main,190,watershed,jpeg2k,jpeg2k,jpeg2k_42015.npz,42015,268.972,22.8859,,,,164,0.987952,172,0.99422,172,0.99422,0.987179,1,0.873096
ce_s02_t150,E2 t150,2,02,150,main,190,watershed,jpeg2k,jpeg2k,jpeg2k_34276.npz,34276,329.702,22.703,,,,164,0.987952,172,0.99422,172,0.99422,0.987179,1,0.905263
ce_s02_t150,E2 t150,2,02,150,main,190,watershed,jpeg2k,jpeg2k,jpeg2k_29958.npz,29958,377.224,22.5871,,,,163,0.981928,171,0.988439,171,0.988439,0.974359,1,0.88601
ce_s02_t150,E2 t150,2,02,150,main,190,watershed,jpeg2k,jpeg2k,jpeg2k_25669.npz,25669,440.253,22.4672,,,,164,0.987952,171,0.988439,171,0.988439,0.974359,1,0.88601
ce_s02_t150,E2 t150,2,02,150,main,190,watershed,jpegxl,jpegxl,jpegxl_819172.npz,819172,13.7955,32.6103,,,,165,0.993976,173,1,173,1,1,1,0.891753
ce_s02_t150,E2 t150,2,02,150,main,190,watershed,jpegxl,jpegxl,jpegxl_409263.npz,409263,27.6127,27.0949,,,,163,0.981928,171,0.988439,171,0.988439,0.974359,1,0.872449
ce_s02_t150,E2 t150,2,02,150,main,190,watershed,jpegxl,jpegxl,jpegxl_204861.npz,204861,55.1636,24.3175,,,,164,0.987952,171,0.988439,171,0.988439,0.974359,1,0.895288
ce_s02_t150,E2 t150,2,02,150,main,190,watershed,jpegxl,jpegxl,jpegxl_102402.npz,102402,110.358,23.0967,,,,162,0.975904,169,0.976879,169,0.976879,0.948718,1,0.903743
ce_s02_t150,E2 t150,2,02,150,main,190,watershed,jpegxl,jpegxl,jpegxl_95674.npz,95674,118.118,23.0245,,,,162,0.975904,169,0.976879,169,0.976879,0.948718,1,0.903743
ce_s02_t150,E2 t150,2,02,150,main,190,watershed,luxar_K32000,luxar,luxar_K32000_239510.npz,239510,47.1833,22.5519,32000,21857,115.037,161,0.96988,169,0.976879,169,0.976879,0.948718,1,0.866667
ce_s02_t150,E2 t150,2,02,150,main,190,watershed,luxar_K16000,luxar,luxar_K16000_125542.npz,125542,90.0166,22.0847,16000,10182,53.5895,157,0.945783,166,0.959538,166,0.959538,0.910256,1,0.887701
ce_s02_t150,E2 t150,2,02,150,main,190,watershed,luxar_K8000,luxar,luxar_K8000_83322.npz,83322,135.629,21.9436,8000,5762,30.3263,152,0.915663,162,0.936416,162,0.936416,0.858974,1,0.9
ce_s02_t150,E2 t150,2,02,150,main,190,watershed,luxar_K4000,luxar,luxar_K4000_49866.npz,49866,226.625,21.7939,4000,2529,13.3105,152,0.915663,161,0.930636,161,0.930636,0.846154,1,0.92
ce_s02_t150,E2 t150,2,02,150,main,190,watershed,luxar_K3000,luxar,luxar_K3000_42017.npz,42017,268.959,21.7851,3000,1825,9.60526,151,0.909639,159,0.919075,160,0.924855,0.820513,1,0.893258
ce_s02_t150,E2 t150,2,02,150,main,190,watershed,luxar_K2000,luxar,luxar_K2000_34298.npz,34298,329.49,21.5752,2000,1143,6.01579,153,0.921687,160,0.924855,160,0.924855,0.833333,1,0.883978
ce_s02_t150,E2 t150,2,02,150,main,190,watershed,luxar_K1500,luxar,luxar_K1500_29968.npz,29968,377.098,21.4347,1500,783,4.12105,141,0.849398,155,0.895954,156,0.901734,0.794872,0.978947,0.890805
ce_s02_t150,E2 t150,2,02,150,main,190,watershed,luxar_K1000,luxar,luxar_K1000_25650.npz,25650,440.579,20.8709,1000,442,2.32632,130,0.783133,139,0.803468,142,0.820809,0.666667,0.915789,0.86875
ce_s02_t150,E2 t150,2,02,150,main,190,watershed,raw,raw,raw,11300864,1,120,,,,166,1,173,1,173,1,1,1,0.878173
ce_s02_t150,E2 t150,2,02,150,main,190,watershed,zfp,zfp,zfp_843024.npz,843024,13.4052,20.2752,,,,162,0.975904,171,0.988439,171,0.988439,0.987179,0.989474,0.914439
ce_s02_t150,E2 t150,2,02,150,main,190,watershed,zfp,zfp,zfp_432912.npz,432912,26.1043,18.5235,,,,140,0.843373,161,0.930636,163,0.942197,0.858974,0.989474,0.847368
ce_s02_t150,E2 t150,2,02,150,main,190,watershed,zfp,zfp,zfp_205072.npz,205072,55.1068,14.6048,,,,0,0,0,0,0,0,0,0,0
ce_s02_t180,E2 t180,2,02,180,main,351,cellpose,downsample,downsample,downsample_805800.npz,805800,14.0244,20.5879,,,,127,0.582569,187,0.742063,198,0.776471,0.741935,0.742188,0.935
ce_s02_t180,E2 t180,2,02,180,main,351,cellpose,downsample,downsample,downsample_318976.npz,318976,35.4286,19.0417,,,,82,0.376147,117,0.464286,130,0.509804,0.395161,0.53125,0.847826
ce_s02_t180,E2 t180,2,02,180,main,351,cellpose,downsample,downsample,downsample_173808.npz,173808,65.0192,18.5859,,,,69,0.316514,99,0.392857,112,0.439216,0.306452,0.476562,0.86087
ce_s02_t180,E2 t180,2,02,180,main,351,cellpose,downsample,downsample,downsample_100300.npz,100300,112.671,18.1609,,,,53,0.243119,78,0.309524,94,0.368627,0.290323,0.328125,0.795918
ce_s02_t180,E2 t180,2,02,180,main,351,cellpose,downsample,downsample,downsample_58984.npz,58984,191.592,17.3118,,,,38,0.174312,57,0.22619,66,0.258824,0.185484,0.265625,0.850746
ce_s02_t180,E2 t180,2,02,180,main,351,cellpose,jpeg2k,jpeg2k,jpeg2k_819223.npz,819223,13.7946,33.0747,,,,224,1.02752,257,1.01984,258,1.01176,1.01613,1.02344,0.984674
ce_s02_t180,E2 t180,2,02,180,main,351,cellpose,jpeg2k,jpeg2k,jpeg2k_409592.npz,409592,27.5905,28.2848,,,,228,1.04587,252,1,253,0.992157,0.983871,1.01562,0.961832
ce_s02_t180,E2 t180,2,02,180,main,351,cellpose,jpeg2k,jpeg2k,jpeg2k_247503.npz,247503,45.6595,26.0179,,,,220,1.00917,247,0.980159,249,0.976471,0.943548,1.01562,0.976285
ce_s02_t180,E2 t180,2,02,180,main,351,cellpose,jpeg2k,jpeg2k,jpeg2k_204785.npz,204785,55.184,25.3533,,,,211,0.96789,236,0.936508,238,0.933333,0.870968,1,0.951613
ce_s02_t180,E2 t180,2,02,180,main,351,cellpose,jpeg2k,jpeg2k,jpeg2k_130208.npz,130208,86.7909,24.1119,,,,212,0.972477,239,0.948413,241,0.945098,0.935484,0.960938,0.967611
ce_s02_t180,E2 t180,2,02,180,main,351,cellpose,jpeg2k,jpeg2k,jpeg2k_102387.npz,102387,110.374,23.5476,,,,205,0.940367,234,0.928571,236,0.92549,0.879032,0.976562,0.95122
ce_s02_t180,E2 t180,2,02,180,main,351,cellpose,jpeg2k,jpeg2k,jpeg2k_86453.npz,86453,130.717,23.2294,,,,208,0.954128,233,0.924603,236,0.92549,0.887097,0.960938,0.94332
ce_s02_t180,E2 t180,2,02,180,main,351,cellpose,jpeg2k,jpeg2k,jpeg2k_51709.npz,51709,218.547,22.5354,,,,204,0.93578,230,0.912698,236,0.92549,0.870968,0.953125,0.934959
ce_s02_t180,E2 t180,2,02,180,main,351,cellpose,jpeg2k,jpeg2k,jpeg2k_51326.npz,51326,220.178,22.528,,,,204,0.93578,232,0.920635,237,0.929412,0.879032,0.960938,0.939271
ce_s02_t180,E2 t180,2,02,180,main,351,cellpose,jpeg2k,jpeg2k,jpeg2k_43483.npz,43483,259.892,22.3617,,,,200,0.917431,231,0.916667,236,0.92549,0.879032,0.953125,0.939024
ce_s02_t180,E2 t180,2,02,180,main,351,cellpose,jpeg2k,jpeg2k,jpeg2k_35235.npz,35235,320.728,22.1618,,,,186,0.853211,219,0.869048,222,0.870588,0.83871,0.898438,0.964758
ce_s02_t180,E2 t180,2,02,180,main,351,cellpose,jpeg2k,jpeg2k,jpeg2k_30561.npz,30561,369.781,22.0448,,,,175,0.802752,211,0.837302,215,0.843137,0.790323,0.882812,0.959091
ce_s02_t180,E2 t180,2,02,180,main,351,cellpose,jpeg2k,jpeg2k,jpeg2k_26038.npz,26038,434.014,21.9241,,,,184,0.844037,215,0.853175,219,0.858824,0.822581,0.882812,0.951327
ce_s02_t180,E2 t180,2,02,180,main,351,cellpose,jpegxl,jpegxl,jpegxl_819219.npz,819219,13.7947,32.0867,,,,216,0.990826,246,0.97619,249,0.976471,0.927419,1.02344,0.964706
ce_s02_t180,E2 t180,2,02,180,main,351,cellpose,jpegxl,jpegxl,jpegxl_409715.npz,409715,27.5823,26.5876,,,,216,0.990826,242,0.960317,243,0.952941,0.887097,1.03125,0.975806
ce_s02_t180,E2 t180,2,02,180,main,351,cellpose,jpegxl,jpegxl,jpegxl_204803.npz,204803,55.1792,23.7413,,,,215,0.986239,241,0.956349,244,0.956863,0.935484,0.976562,0.960159
ce_s02_t180,E2 t180,2,02,180,main,351,cellpose,jpegxl,jpegxl,jpegxl_106137.npz,106137,106.474,22.6148,,,,204,0.93578,233,0.924603,234,0.917647,0.862903,0.984375,0.978992
ce_s02_t180,E2 t180,2,02,180,main,351,cellpose,luxar_K32000,luxar,luxar_K32000_247533.npz,247533,45.654,22.0791,32000,22426,63.8917,198,0.908257,228,0.904762,232,0.909804,0.951613,0.859375,0.970213
ce_s02_t180,E2 t180,2,02,180,main,351,cellpose,luxar_K16000,luxar,luxar_K16000_130222.npz,130222,86.7815,21.6105,16000,10440,29.7436,187,0.857798,225,0.892857,229,0.898039,0.879032,0.90625,0.974026
ce_s02_t180,E2 t180,2,02,180,main,351,cellpose,luxar_K8000,luxar,luxar_K8000_86446.npz,86446,130.727,21.4226,8000,5925,16.8803,190,0.87156,220,0.873016,227,0.890196,0.879032,0.867188,0.944206
ce_s02_t180,E2 t180,2,02,180,main,351,cellpose,luxar_K4000,luxar,luxar_K4000_51744.npz,51744,218.4,21.2197,4000,2617,7.45584,179,0.821101,211,0.837302,216,0.847059,0.798387,0.875,0.96347
ce_s02_t180,E2 t180,2,02,180,main,351,cellpose,luxar_K3000,luxar,luxar_K3000_43474.npz,43474,259.945,21.2106,3000,1897,5.40456,168,0.770642,206,0.81746,212,0.831373,0.798387,0.835938,0.962617
ce_s02_t180,E2 t180,2,02,180,main,351,cellpose,luxar_K2000,luxar,luxar_K2000_35227.npz,35227,320.801,20.9346,2000,1205,3.43305,176,0.807339,210,0.833333,211,0.827451,0.758065,0.90625,0.976744
ce_s02_t180,E2 t180,2,02,180,main,351,cellpose,luxar_K1500,luxar,luxar_K1500_30534.npz,30534,370.108,20.6356,1500,822,2.34188,157,0.720183,197,0.781746,202,0.792157,0.701613,0.859375,0.951691
ce_s02_t180,E2 t180,2,02,180,main,351,cellpose,luxar_K1000,luxar,luxar_K1000_26047.npz,26047,433.864,20.1057,1000,458,1.30484,118,0.541284,156,0.619048,163,0.639216,0.564516,0.671875,0.934132
ce_s02_t180,E2 t180,2,02,180,main,351,cellpose,raw,raw,raw,11300864,1,120,,,,218,1,252,1,255,1,1,1,0.972973
ce_s02_t180,E2 t180,2,02,180,main,351,cellpose,zfp,zfp,zfp_843024.npz,843024,13.4052,19.7029,,,,200,0.917431,238,0.944444,243,0.952941,1.04032,0.851562,0.952
ce_s02_t180,E2 t180,2,02,180,main,351,cellpose,zfp,zfp,zfp_432912.npz,432912,26.1043,17.836,,,,203,0.931193,254,1.00794,262,1.02745,1,1.01562,0.900709
ce_s02_t180,E2 t180,2,02,180,main,351,cellpose,zfp,zfp,zfp_205072.npz,205072,55.1068,13.9688,,,,0,0,0,0,0,0,0,0,0
ce_s02_t180,E2 t180,2,02,180,main,351,log,downsample,downsample,downsample_805800.npz,805800,14.0244,20.5879,,,,239,0.737654,292,0.884848,293,0.887879,0.859873,0.907514,
ce_s02_t180,E2 t180,2,02,180,main,351,log,downsample,downsample,downsample_318976.npz,318976,35.4286,19.0417,,,,182,0.561728,242,0.733333,250,0.757576,0.738854,0.728324,
ce_s02_t180,E2 t180,2,02,180,main,351,log,downsample,downsample,downsample_173808.npz,173808,65.0192,18.5859,,,,166,0.512346,207,0.627273,217,0.657576,0.675159,0.583815,
ce_s02_t180,E2 t180,2,02,180,main,351,log,downsample,downsample,downsample_100300.npz,100300,112.671,18.1609,,,,118,0.364198,160,0.484848,163,0.493939,0.490446,0.479769,
ce_s02_t180,E2 t180,2,02,180,main,351,log,downsample,downsample,downsample_58984.npz,58984,191.592,17.3118,,,,90,0.277778,114,0.345455,117,0.354545,0.343949,0.346821,
ce_s02_t180,E2 t180,2,02,180,main,351,log,jpeg2k,jpeg2k,jpeg2k_819223.npz,819223,13.7946,33.0747,,,,326,1.00617,331,1.00303,332,1.00606,1.01274,0.99422,
ce_s02_t180,E2 t180,2,02,180,main,351,log,jpeg2k,jpeg2k,jpeg2k_409592.npz,409592,27.5905,28.2848,,,,326,1.00617,331,1.00303,331,1.00303,1.01274,0.99422,
ce_s02_t180,E2 t180,2,02,180,main,351,log,jpeg2k,jpeg2k,jpeg2k_247503.npz,247503,45.6595,26.0179,,,,327,1.00926,333,1.00909,333,1.00909,1.01911,1,
ce_s02_t180,E2 t180,2,02,180,main,351,log,jpeg2k,jpeg2k,jpeg2k_204785.npz,204785,55.184,25.3533,,,,328,1.01235,333,1.00909,333,1.00909,1.02548,0.99422,
ce_s02_t180,E2 t180,2,02,180,main,351,log,jpeg2k,jpeg2k,jpeg2k_130208.npz,130208,86.7909,24.1119,,,,328,1.01235,333,1.00909,333,1.00909,1.01911,1,
ce_s02_t180,E2 t180,2,02,180,main,351,log,jpeg2k,jpeg2k,jpeg2k_102387.npz,102387,110.374,23.5476,,,,325,1.00309,332,1.00606,332,1.00606,1.01274,1,
ce_s02_t180,E2 t180,2,02,180,main,351,log,jpeg2k,jpeg2k,jpeg2k_86453.npz,86453,130.717,23.2294,,,,326,1.00617,333,1.00909,333,1.00909,1.01911,1,
ce_s02_t180,E2 t180,2,02,180,main,351,log,jpeg2k,jpeg2k,jpeg2k_51709.npz,51709,218.547,22.5354,,,,323,0.996914,330,1,330,1,1,1,
ce_s02_t180,E2 t180,2,02,180,main,351,log,jpeg2k,jpeg2k,jpeg2k_51326.npz,51326,220.178,22.528,,,,324,1,331,1.00303,331,1.00303,1.00637,1,
ce_s02_t180,E2 t180,2,02,180,main,351,log,jpeg2k,jpeg2k,jpeg2k_43483.npz,43483,259.892,22.3617,,,,325,1.00309,332,1.00606,332,1.00606,1.01274,1,
ce_s02_t180,E2 t180,2,02,180,main,351,log,jpeg2k,jpeg2k,jpeg2k_35235.npz,35235,320.728,22.1618,,,,326,1.00617,333,1.00909,334,1.01212,1.01911,1,
ce_s02_t180,E2 t180,2,02,180,main,351,log,jpeg2k,jpeg2k,jpeg2k_30561.npz,30561,369.781,22.0448,,,,328,1.01235,334,1.01212,334,1.01212,1.02548,1,
ce_s02_t180,E2 t180,2,02,180,main,351,log,jpeg2k,jpeg2k,jpeg2k_26038.npz,26038,434.014,21.9241,,,,328,1.01235,334,1.01212,334,1.01212,1.03185,0.99422,
ce_s02_t180,E2 t180,2,02,180,main,351,log,jpegxl,jpegxl,jpegxl_819219.npz,819219,13.7947,32.0867,,,,323,0.996914,330,1,330,1,1,1,
ce_s02_t180,E2 t180,2,02,180,main,351,log,jpegxl,jpegxl,jpegxl_409715.npz,409715,27.5823,26.5876,,,,324,1,331,1.00303,331,1.00303,1.00637,1,
ce_s02_t180,E2 t180,2,02,180,main,351,log,jpegxl,jpegxl,jpegxl_204803.npz,204803,55.1792,23.7413,,,,324,1,330,1,330,1,1,1,
ce_s02_t180,E2 t180,2,02,180,main,351,log,jpegxl,jpegxl,jpegxl_106137.npz,106137,106.474,22.6148,,,,324,1,333,1.00909,333,1.00909,1.01274,1.00578,
ce_s02_t180,E2 t180,2,02,180,main,351,log,luxar_K32000,luxar,luxar_K32000_247533.npz,247533,45.654,22.0791,32000,22426,63.8917,337,1.04012,342,1.03636,342,1.03636,1.07643,1,
ce_s02_t180,E2 t180,2,02,180,main,351,log,luxar_K16000,luxar,luxar_K16000_130222.npz,130222,86.7815,21.6105,16000,10440,29.7436,333,1.02778,339,1.02727,339,1.02727,1.06369,0.99422,
ce_s02_t180,E2 t180,2,02,180,main,351,log,luxar_K8000,luxar,luxar_K8000_86446.npz,86446,130.727,21.4226,8000,5925,16.8803,331,1.0216,336,1.01818,336,1.01818,1.06369,0.976879,
ce_s02_t180,E2 t180,2,02,180,main,351,log,luxar_K4000,luxar,luxar_K4000_51744.npz,51744,218.4,21.2197,4000,2617,7.45584,330,1.01852,333,1.00909,333,1.00909,1.03822,0.982659,
ce_s02_t180,E2 t180,2,02,180,main,351,log,luxar_K3000,luxar,luxar_K3000_43474.npz,43474,259.945,21.2106,3000,1897,5.40456,324,1,328,0.993939,328,0.993939,1,0.988439,
ce_s02_t180,E2 t180,2,02,180,main,351,log,luxar_K2000,luxar,luxar_K2000_35227.npz,35227,320.801,20.9346,2000,1205,3.43305,301,0.929012,308,0.933333,308,0.933333,0.898089,0.965318,
ce_s02_t180,E2 t180,2,02,180,main,351,log,luxar_K1500,luxar,luxar_K1500_30534.npz,30534,370.108,20.6356,1500,822,2.34188,280,0.864198,288,0.872727,288,0.872727,0.840764,0.901734,
ce_s02_t180,E2 t180,2,02,180,main,351,log,luxar_K1000,luxar,luxar_K1000_26047.npz,26047,433.864,20.1057,1000,458,1.30484,205,0.632716,219,0.663636,222,0.672727,0.56051,0.757225,
ce_s02_t180,E2 t180,2,02,180,main,351,log,raw,raw,raw,11300864,1,120,,,,324,1,330,1,330,1,1,1,
ce_s02_t180,E2 t180,2,02,180,main,351,log,zfp,zfp,zfp_843024.npz,843024,13.4052,19.7029,,,,316,0.975309,327,0.990909,327,0.990909,0.993631,0.988439,
ce_s02_t180,E2 t180,2,02,180,main,351,log,zfp,zfp,zfp_432912.npz,432912,26.1043,17.836,,,,222,0.685185,284,0.860606,290,0.878788,0.802548,0.913295,
ce_s02_t180,E2 t180,2,02,180,main,351,log,zfp,zfp,zfp_205072.npz,205072,55.1068,13.9688,,,,0,0,0,0,0,0,0,0,
ce_s02_t180,E2 t180,2,02,180,main,351,watershed,downsample,downsample,downsample_805800.npz,805800,14.0244,20.5879,,,,181,0.639576,235,0.79932,242,0.820339,0.806452,0.794118,0.890152
ce_s02_t180,E2 t180,2,02,180,main,351,watershed,downsample,downsample,downsample_318976.npz,318976,35.4286,19.0417,,,,127,0.448763,167,0.568027,179,0.60678,0.564516,0.570588,0.878947
ce_s02_t180,E2 t180,2,02,180,main,351,watershed,downsample,downsample,downsample_173808.npz,173808,65.0192,18.5859,,,,115,0.40636,152,0.517007,163,0.552542,0.5,0.529412,0.826087
ce_s02_t180,E2 t180,2,02,180,main,351,watershed,downsample,downsample,downsample_100300.npz,100300,112.671,18.1609,,,,103,0.363958,129,0.438776,147,0.498305,0.435484,0.441176,0.796296
ce_s02_t180,E2 t180,2,02,180,main,351,watershed,downsample,downsample,downsample_58984.npz,58984,191.592,17.3118,,,,69,0.243816,94,0.319728,110,0.372881,0.346774,0.3,0.783333
ce_s02_t180,E2 t180,2,02,180,main,351,watershed,jpeg2k,jpeg2k,jpeg2k_819223.npz,819223,13.7946,33.0747,,,,288,1.01767,299,1.01701,299,1.01356,1.04032,1,0.937304
ce_s02_t180,E2 t180,2,02,180,main,351,watershed,jpeg2k,jpeg2k,jpeg2k_409592.npz,409592,27.5905,28.2848,,,,287,1.01413,298,1.01361,298,1.01017,1.04032,0.994118,0.937107
ce_s02_t180,E2 t180,2,02,180,main,351,watershed,jpeg2k,jpeg2k,jpeg2k_247503.npz,247503,45.6595,26.0179,,,,290,1.02473,301,1.02381,301,1.02034,1.04839,1.00588,0.909366
ce_s02_t180,E2 t180,2,02,180,main,351,watershed,jpeg2k,jpeg2k,jpeg2k_204785.npz,204785,55.184,25.3533,,,,290,1.02473,300,1.02041,300,1.01695,1.04032,1.00588,0.909091
ce_s02_t180,E2 t180,2,02,180,main,351,watershed,jpeg2k,jpeg2k,jpeg2k_130208.npz,130208,86.7909,24.1119,,,,286,1.0106,296,1.0068,297,1.00678,1.02419,0.994118,0.916409
ce_s02_t180,E2 t180,2,02,180,main,351,watershed,jpeg2k,jpeg2k,jpeg2k_102387.npz,102387,110.374,23.5476,,,,288,1.01767,299,1.01701,300,1.01695,1.04839,0.994118,0.917178
ce_s02_t180,E2 t180,2,02,180,main,351,watershed,jpeg2k,jpeg2k,jpeg2k_86453.npz,86453,130.717,23.2294,,,,287,1.01413,299,1.01701,300,1.01695,1.04032,1,0.928571
ce_s02_t180,E2 t180,2,02,180,main,351,watershed,jpeg2k,jpeg2k,jpeg2k_51709.npz,51709,218.547,22.5354,,,,287,1.01413,299,1.01701,301,1.02034,1.04839,0.994118,0.906061
ce_s02_t180,E2 t180,2,02,180,main,351,watershed,jpeg2k,jpeg2k,jpeg2k_51326.npz,51326,220.178,22.528,,,,287,1.01413,300,1.02041,302,1.02373,1.05645,0.994118,0.909091
ce_s02_t180,E2 t180,2,02,180,main,351,watershed,jpeg2k,jpeg2k,jpeg2k_43483.npz,43483,259.892,22.3617,,,,284,1.00353,296,1.0068,297,1.00678,1.03226,0.988235,0.910769
ce_s02_t180,E2 t180,2,02,180,main,351,watershed,jpeg2k,jpeg2k,jpeg2k_35235.npz,35235,320.728,22.1618,,,,281,0.992933,294,1,296,1.00339,1.02419,0.982353,0.904615
ce_s02_t180,E2 t180,2,02,180,main,351,watershed,jpeg2k,jpeg2k,jpeg2k_30561.npz,30561,369.781,22.0448,,,,284,1.00353,295,1.0034,297,1.00678,1.02419,0.988235,0.921875
ce_s02_t180,E2 t180,2,02,180,main,351,watershed,jpeg2k,jpeg2k,jpeg2k_26038.npz,26038,434.014,21.9241,,,,280,0.989399,293,0.996599,294,0.99661,1.01613,0.982353,0.927215
ce_s02_t180,E2 t180,2,02,180,main,351,watershed,jpegxl,jpegxl,jpegxl_819219.npz,819219,13.7947,32.0867,,,,284,1.00353,294,1,294,0.99661,1.01613,0.988235,0.910217
ce_s02_t180,E2 t180,2,02,180,main,351,watershed,jpegxl,jpegxl,jpegxl_409715.npz,409715,27.5823,26.5876,,,,283,1,295,1.0034,296,1.00339,1.02419,0.988235,0.921875
ce_s02_t180,E2 t180,2,02,180,main,351,watershed,jpegxl,jpegxl,jpegxl_204803.npz,204803,55.1792,23.7413,,,,283,1,292,0.993197,294,0.99661,0.983871,1,0.9125
ce_s02_t180,E2 t180,2,02,180,main,351,watershed,jpegxl,jpegxl,jpegxl_106137.npz,106137,106.474,22.6148,,,,280,0.989399,291,0.989796,294,0.99661,0.983871,0.994118,0.892638
ce_s02_t180,E2 t180,2,02,180,main,351,watershed,luxar_K32000,luxar,luxar_K32000_247533.npz,247533,45.654,22.0791,32000,22426,63.8917,274,0.968198,285,0.969388,285,0.966102,0.943548,0.988235,0.925325
ce_s02_t180,E2 t180,2,02,180,main,351,watershed,luxar_K16000,luxar,luxar_K16000_130222.npz,130222,86.7815,21.6105,16000,10440,29.7436,263,0.929329,273,0.928571,276,0.935593,0.854839,0.982353,0.928571
ce_s02_t180,E2 t180,2,02,180,main,351,watershed,luxar_K8000,luxar,luxar_K8000_86446.npz,86446,130.727,21.4226,8000,5925,16.8803,262,0.925795,272,0.92517,273,0.925424,0.830645,0.994118,0.922034
ce_s02_t180,E2 t180,2,02,180,main,351,watershed,luxar_K4000,luxar,luxar_K4000_51744.npz,51744,218.4,21.2197,4000,2617,7.45584,256,0.904594,266,0.904762,267,0.905085,0.822581,0.964706,0.917241
ce_s02_t180,E2 t180,2,02,180,main,351,watershed,luxar_K3000,luxar,luxar_K3000_43474.npz,43474,259.945,21.2106,3000,1897,5.40456,253,0.893993,263,0.894558,263,0.891525,0.806452,0.958824,0.91958
ce_s02_t180,E2 t180,2,02,180,main,351,watershed,luxar_K2000,luxar,luxar_K2000_35227.npz,35227,320.801,20.9346,2000,1205,3.43305,235,0.830389,249,0.846939,254,0.861017,0.717742,0.941176,0.929104
ce_s02_t180,E2 t180,2,02,180,main,351,watershed,luxar_K1500,luxar,luxar_K1500_30534.npz,30534,370.108,20.6356,1500,822,2.34188,227,0.80212,241,0.819728,242,0.820339,0.741935,0.876471,0.91635
ce_s02_t180,E2 t180,2,02,180,main,351,watershed,luxar_K1000,luxar,luxar_K1000_26047.npz,26047,433.864,20.1057,1000,458,1.30484,183,0.646643,205,0.697279,210,0.711864,0.612903,0.758824,0.895197
ce_s02_t180,E2 t180,2,02,180,main,351,watershed,raw,raw,raw,11300864,1,120,,,,283,1,294,1,295,1,1,1,0.93038
ce_s02_t180,E2 t180,2,02,180,main,351,watershed,zfp,zfp,zfp_843024.npz,843024,13.4052,19.7029,,,,278,0.982332,292,0.993197,293,0.99322,1.02419,0.970588,0.921136
ce_s02_t180,E2 t180,2,02,180,main,351,watershed,zfp,zfp,zfp_432912.npz,432912,26.1043,17.836,,,,222,0.784452,256,0.870748,272,0.922034,0.806452,0.917647,0.839344
ce_s02_t180,E2 t180,2,02,180,main,351,watershed,zfp,zfp,zfp_205072.npz,205072,55.1068,13.9688,,,,0,0,0,0,0,0,0,0,0
