val_psnr,val_mse,val_mae,val_corr,num_params,bytes,compression,fit_seconds,full_psnr,full_ssim,full_mae,full_corr,psnr_per_kparam,pred_cell_count,target_cell_count,cell_count_error,cell_count_relative_error,match_radius_voxels,matched_peaks,precision,recall,cell_f1,localization_rmse_voxels,mean_match_distance_voxels,detection_mode,init_strategy,parameterization,num_gaussians,init_scale,iterations,seed,stage,stage_axis
20.099382835684082,0.00977376103401184,0.07186774909496307,0.848816202395326,250,1000,4194.304,37.50374960899353,20.114360336307126,0.3545789582154482,0.07175540924072266,0.8497037660702149,80.4574413452285,6,15,9,0.6,9.945,4,0.6666666666666666,0.26666666666666666,0.3809523809523809,5.612485885620117,5.004727363586426,mip,intensity_weighted,isotropic,50,2.0,1500,0,0,baseline
20.32097871755182,0.009287570603191853,0.06970371305942535,0.8562615566959623,250,1000,4194.304,55.26201605796814,20.3438806642622,0.3563174561837841,0.06953833997249603,0.8573507371193356,81.3755226570488,7,15,8,0.5333333333333333,9.945,5,0.7142857142857143,0.3333333333333333,0.4545454545454545,6.3087239265441895,6.115072727203369,mip,intensity_weighted,isotropic,50,2.0,1500,1,0,baseline
20.601530596888246,0.008706566877663136,0.06733400374650955,0.8662792149139824,250,1000,4194.304,39.464165687561035,20.64250520689322,0.36498422059093494,0.06713786721229553,0.8680678635964398,82.57002082757288,10,15,5,0.3333333333333333,9.945,8,0.8,0.5333333333333333,0.64,5.5677642822265625,5.082834243774414,mip,intensity_weighted,isotropic,50,2.0,1500,2,0,baseline
19.573527056472567,0.011031823232769966,0.0764768123626709,0.8281389634514763,250,1000,4194.304,42.14193320274353,19.55674186277926,0.34442639398268876,0.07663198560476303,0.8277802190601944,78.22696745111703,6,15,9,0.6,9.945,4,0.6666666666666666,0.26666666666666666,0.3809523809523809,6.422616481781006,5.758269309997559,mip,random,isotropic,50,2.0,1500,0,1,init_strategy
19.62256310035822,0.01090796384960413,0.0765090212225914,0.8306814280787392,250,1000,4194.304,37.5900604724884,19.617405728044382,0.34017735479409134,0.07653503119945526,0.8308950155701383,78.46962291217753,6,15,9,0.6,9.945,3,0.5,0.2,0.28571428571428575,7.571877479553223,7.486169815063477,mip,random,isotropic,50,2.0,1500,1,1,init_strategy
20.016735220730787,0.009961539879441261,0.0706837847828865,0.8452966048832345,250,1000,4194.304,48.006587982177734,20.040687072173483,0.3483047087570021,0.07045619934797287,0.8466895526451713,80.16274828869393,7,15,8,0.5333333333333333,9.945,2,0.2857142857142857,0.13333333333333333,0.18181818181818182,8.306623458862305,8.301162719726562,mip,random,isotropic,50,2.0,1500,2,1,init_strategy
20.099382835684082,0.00977376103401184,0.07186774909496307,0.848816202395326,250,1000,4194.304,41.22552442550659,20.114360336307126,0.3545789582154482,0.07175540924072266,0.8497037660702149,80.4574413452285,6,15,9,0.6,9.945,4,0.6666666666666666,0.26666666666666666,0.3809523809523809,5.612485885620117,5.004727363586426,mip,intensity_weighted,isotropic,50,2.0,1500,0,1,init_strategy
20.32097871755182,0.009287570603191853,0.06970371305942535,0.8562615566959623,250,1000,4194.304,40.764702558517456,20.3438806642622,0.3563174561837841,0.06953833997249603,0.8573507371193356,81.3755226570488,7,15,8,0.5333333333333333,9.945,5,0.7142857142857143,0.3333333333333333,0.4545454545454545,6.3087239265441895,6.115072727203369,mip,intensity_weighted,isotropic,50,2.0,1500,1,1,init_strategy
20.601530596888246,0.008706566877663136,0.06733400374650955,0.8662792149139824,250,1000,4194.304,53.20875144004822,20.64250520689322,0.36498422059093494,0.06713786721229553,0.8680678635964398,82.57002082757288,10,15,5,0.3333333333333333,9.945,8,0.8,0.5333333333333333,0.64,5.5677642822265625,5.082834243774414,mip,intensity_weighted,isotropic,50,2.0,1500,2,1,init_strategy
21.22353330346796,0.007544781547039747,0.06721038371324539,0.887141931970705,250,1000,4194.304,47.70129609107971,21.281860362260637,0.3857769662747261,0.06691904366016388,0.888955487533647,85.12744144904255,11,15,4,0.26666666666666666,9.945,10,0.9090909090909091,0.6666666666666666,0.7692307692307692,1.095445156097412,0.800000011920929,mip,local_maxima,isotropic,50,2.0,1500,0,1,init_strategy
21.233246315253105,0.007527926471084356,0.06694565713405609,0.8862158770202381,250,1000,4194.304,37.95296764373779,21.29255337691758,0.3828489167056122,0.06659708172082901,0.8880947560582765,85.17021350767033,10,15,5,0.3333333333333333,9.945,9,0.9,0.6,0.7200000000000001,1.201850414276123,0.9151186347007751,mip,local_maxima,isotropic,50,2.0,1500,1,1,init_strategy
21.295522069042768,0.007420749869197607,0.06661590933799744,0.8874165692289445,250,1000,4194.304,42.399471282958984,21.353712496334474,0.3860236988604638,0.06631067395210266,0.8892387899675337,85.4148499853379,11,15,4,0.26666666666666666,9.945,10,0.9090909090909091,0.6666666666666666,0.7692307692307692,1.140175461769104,0.8236067891120911,mip,local_maxima,isotropic,50,2.0,1500,2,1,init_strategy
21.22353330346796,0.007544781547039747,0.06721038371324539,0.887141931970705,250,1000,4194.304,41.825451135635376,21.281860362260637,0.3857769662747261,0.06691904366016388,0.888955487533647,85.12744144904255,11,15,4,0.26666666666666666,9.945,10,0.9090909090909091,0.6666666666666666,0.7692307692307692,1.095445156097412,0.800000011920929,mip,local_maxima,isotropic,50,2.0,1500,0,2,parameterization
21.233246315253105,0.007527926471084356,0.06694565713405609,0.8862158770202381,250,1000,4194.304,42.67064642906189,21.29255337691758,0.3828489167056122,0.06659708172082901,0.8880947560582765,85.17021350767033,10,15,5,0.3333333333333333,9.945,9,0.9,0.6,0.7200000000000001,1.201850414276123,0.9151186347007751,mip,local_maxima,isotropic,50,2.0,1500,1,2,parameterization
21.295522069042768,0.007420749869197607,0.06661590933799744,0.8874165692289445,250,1000,4194.304,40.19434666633606,21.353712496334474,0.3860236988604638,0.06631067395210266,0.8892387899675337,85.4148499853379,11,15,4,0.26666666666666666,9.945,10,0.9090909090909091,0.6666666666666666,0.7692307692307692,1.140175461769104,0.8236067891120911,mip,local_maxima,isotropic,50,2.0,1500,2,2,parameterization
24.52135574800166,0.0035307293292135,0.04603706672787666,0.9474383788925507,350,1400,2995.9314285714286,37.85000920295715,24.5050763055478,0.4565433107306908,0.04613599181175232,0.9473884171816385,70.01450373013657,8,15,7,0.4666666666666667,9.945,7,0.875,0.4666666666666667,0.608695652173913,1.1952285766601562,0.8571428656578064,mip,local_maxima,diagonal,50,2.0,1500,0,2,parameterization
24.226146370115806,0.0037790737114846706,0.04704836755990982,0.9435549669478888,350,1400,2995.9314285714286,37.572386741638184,24.22061839392852,0.44714131539561197,0.047139011323451996,0.9436569949820518,69.20176683979577,9,15,6,0.4,9.945,8,0.8888888888888888,0.5333333333333333,0.6666666666666667,1.0,0.75,mip,local_maxima,diagonal,50,2.0,1500,1,2,parameterization
24.50684308044626,0.003542547579854727,0.04618440195918083,0.946838962978654,350,1400,2995.9314285714286,40.74396896362305,24.492354566570317,0.45519366769998443,0.046280160546302795,0.946814282287259,69.97815590448663,9,15,6,0.4,9.945,8,0.8888888888888888,0.5333333333333333,0.6666666666666667,1.172603964805603,0.875,mip,local_maxima,diagonal,50,2.0,1500,2,2,parameterization
24.79203059098904,0.0033173931296914816,0.044594332575798035,0.9505265352997011,500,2000,2097.152,41.0605685710907,24.784639478998002,0.4607919010467575,0.044648222625255585,0.9505814966734389,49.569278957996005,9,15,6,0.4,9.945,8,0.8888888888888888,0.5333333333333333,0.6666666666666667,0.9354143738746643,0.625,mip,local_maxima,full,50,2.0,1500,0,2,parameterization
24.617719448146943,0.003453250275924802,0.04495177045464516,0.94843353952174,500,2000,2097.152,42.06120753288269,24.620200610190686,0.4575644983616171,0.045002952218055725,0.948609212848392,49.24040122038137,10,15,5,0.3333333333333333,9.945,9,0.9,0.6,0.7200000000000001,0.9428090453147888,0.6666666865348816,mip,local_maxima,full,50,2.0,1500,1,2,parameterization
24.763178341306755,0.003339505521580577,0.044763028621673584,0.9499225792237851,500,2000,2097.152,42.892650842666626,24.75020831699274,0.4592010607794591,0.044840775430202484,0.9499157392626283,49.50041663398548,9,15,6,0.4,9.945,8,0.8888888888888888,0.5333333333333333,0.6666666666666667,1.1180340051651,0.75,mip,local_maxima,full,50,2.0,1500,2,2,parameterization
19.916405378735288,0.01019434817135334,0.07556513696908951,0.843168111179344,125,500,8388.608,28.93351173400879,19.95787622960172,0.3670599014065126,0.07529763132333755,0.8450836366080876,159.66300983681376,10,15,5,0.3333333333333333,9.945,8,0.8,0.5333333333333333,0.64,1.457737922668457,1.2062852382659912,mip,local_maxima,isotropic,25,2.0,1500,0,3,num_gaussians
20.005649742730217,0.009986999444663525,0.07535926252603531,0.8459075707156114,125,500,8388.608,27.891538619995117,20.055063351840907,0.3681677566521982,0.07498630881309509,0.8481375054425168,160.44050681472726,10,15,5,0.3333333333333333,9.945,8,0.8,0.5333333333333333,0.64,2.0615527629852295,1.589347004890442,mip,local_maxima,isotropic,25,2.0,1500,1,3,num_gaussians
20.021542431526747,0.009950519539415836,0.0752975195646286,0.8462663927395541,125,500,8388.608,29.059040546417236,20.06571652245483,0.36689029643400506,0.07495611906051636,0.8483362376387933,160.52573217963865,10,15,5,0.3333333333333333,9.945,8,0.8,0.5333333333333333,0.64,1.5811388492584229,1.3090169429779053,mip,local_maxima,isotropic,25,2.0,1500,2,3,num_gaussians
21.22353330346796,0.007544781547039747,0.06721038371324539,0.887141931970705,250,1000,4194.304,49.31992697715759,21.281860362260637,0.3857769662747261,0.06691904366016388,0.888955487533647,85.12744144904255,11,15,4,0.26666666666666666,9.945,10,0.9090909090909091,0.6666666666666666,0.7692307692307692,1.095445156097412,0.800000011920929,mip,local_maxima,isotropic,50,2.0,1500,0,3,num_gaussians
21.233246315253105,0.007527926471084356,0.06694565713405609,0.8862158770202381,250,1000,4194.304,51.49708318710327,21.29255337691758,0.3828489167056122,0.06659708172082901,0.8880947560582765,85.17021350767033,10,15,5,0.3333333333333333,9.945,9,0.9,0.6,0.7200000000000001,1.201850414276123,0.9151186347007751,mip,local_maxima,isotropic,50,2.0,1500,1,3,num_gaussians
21.295522069042768,0.007420749869197607,0.06661590933799744,0.8874165692289445,250,1000,4194.304,44.6961452960968,21.353712496334474,0.3860236988604638,0.06631067395210266,0.8892387899675337,85.4148499853379,11,15,4,0.26666666666666666,9.945,10,0.9090909090909091,0.6666666666666666,0.7692307692307692,1.140175461769104,0.8236067891120911,mip,local_maxima,isotropic,50,2.0,1500,2,3,num_gaussians
21.981054066870342,0.006337158847600222,0.05978879705071449,0.9039498597131105,500,2000,2097.152,70.75430274009705,22.036972053116624,0.3980781938940524,0.05957689881324768,0.9054283851856977,44.07394410623325,12,15,3,0.2,9.945,11,0.9166666666666666,0.7333333333333333,0.8148148148148148,1.0871145725250244,0.8181818127632141,mip,local_maxima,isotropic,100,2.0,1500,0,3,num_gaussians
21.884528970635962,0.00647958368062973,0.06055314466357231,0.9009879455586821,500,2000,2097.152,66.49384140968323,21.942012259724876,0.394466931822301,0.060287173837423325,0.9025667276724186,43.88402451944975,10,15,5,0.3333333333333333,9.945,9,0.9,0.6,0.7200000000000001,1.201850414276123,0.9151186347007751,mip,local_maxima,isotropic,100,2.0,1500,1,3,num_gaussians
21.622912226258304,0.006881906650960445,0.06335654109716415,0.8949332394095467,500,2000,2097.152,63.922234773635864,21.67769004443369,0.3922924608199038,0.06306295096874237,0.8965250288111624,43.35538008886738,12,15,3,0.2,9.945,10,0.8333333333333334,0.6666666666666666,0.7407407407407408,1.1832159757614136,0.8650280833244324,mip,local_maxima,isotropic,100,2.0,1500,2,3,num_gaussians
22.823426556868895,0.005219841841608286,0.05302046984434128,0.9213164333335373,1250,5000,838.8608,164.0572543144226,22.88463212219389,0.4137651074105419,0.05282100290060043,0.9226132673430328,18.30770569775511,12,15,3,0.2,9.945,11,0.9166666666666666,0.7333333333333333,0.8148148148148148,1.0871145725250244,0.7649284601211548,mip,local_maxima,isotropic,250,2.0,1500,0,3,num_gaussians
22.80901356740587,0.005237193778157234,0.053176507353782654,0.9214385927693584,1250,5000,838.8608,154.90152978897095,22.875559369974177,0.4133873809838563,0.05292043089866638,0.922803483654715,18.30044749597934,13,15,2,0.13333333333333333,9.945,11,0.8461538461538461,0.7333333333333333,0.7857142857142856,1.7320507764816284,1.2629928588867188,mip,local_maxima,isotropic,250,2.0,1500,1,3,num_gaussians
22.81852557823111,0.00522573571652174,0.052797723561525345,0.9207108125027508,1250,5000,838.8608,153.57750868797302,22.87785461712771,0.4139187780009904,0.052590206265449524,0.9220129847557871,18.30228369370217,12,15,3,0.2,9.945,11,0.9166666666666666,0.7333333333333333,0.8148148148148148,1.279204249382019,0.9682074189186096,mip,local_maxima,isotropic,250,2.0,1500,2,3,num_gaussians
21.93498193212641,0.00640474446117878,0.06021421402692795,0.9032421930599586,1250,5000,838.8608,141.65156602859497,21.978075425133166,0.40102192002792053,0.06003428250551224,0.9044133736485501,17.582460340106532,12,15,3,0.2,9.945,9,0.75,0.6,0.6666666666666665,1.201850414276123,0.7777777910232544,mip,local_maxima,isotropic,250,1.0,1500,0,4,init_scale
22.23389804353612,0.005978747271001339,0.05714121460914612,0.9094833588802498,1250,5000,838.8608,147.44030117988586,22.28261583551188,0.4047983257174893,0.05696244537830353,0.9106954934096438,17.826092668409505,12,15,3,0.2,9.945,10,0.8333333333333334,0.6666666666666666,0.7407407407407408,1.7606816291809082,1.1892921924591064,mip,local_maxima,isotropic,250,1.0,1500,1,4,init_scale
22.03627483777488,0.006257091648876667,0.05938885360956192,0.9048516020682768,1250,5000,838.8608,136.7304220199585,22.084271391267567,0.40134596617247886,0.05924099683761597,0.9061345109455893,17.667417113014054,11,15,4,0.26666666666666666,9.945,10,0.9090909090909091,0.6666666666666666,0.7692307692307692,1.2247449159622192,0.8236067891120911,mip,local_maxima,isotropic,250,1.0,1500,2,4,init_scale
22.823426556868895,0.005219841841608286,0.05302046984434128,0.9213164333335373,1250,5000,838.8608,128.51510000228882,22.88463212219389,0.4137651074105419,0.05282100290060043,0.9226132673430328,18.30770569775511,12,15,3,0.2,9.945,11,0.9166666666666666,0.7333333333333333,0.8148148148148148,1.0871145725250244,0.7649284601211548,mip,local_maxima,isotropic,250,2.0,1500,0,4,init_scale
22.80901356740587,0.005237193778157234,0.053176507353782654,0.9214385927693584,1250,5000,838.8608,131.07713413238525,22.875559369974177,0.4133873809838563,0.05292043089866638,0.922803483654715,18.30044749597934,13,15,2,0.13333333333333333,9.945,11,0.8461538461538461,0.7333333333333333,0.7857142857142856,1.7320507764816284,1.2629928588867188,mip,local_maxima,isotropic,250,2.0,1500,1,4,init_scale
22.81852557823111,0.00522573571652174,0.052797723561525345,0.9207108125027508,1250,5000,838.8608,135.64935851097107,22.87785461712771,0.4139187780009904,0.052590206265449524,0.9220129847557871,18.30228369370217,12,15,3,0.2,9.945,11,0.9166666666666666,0.7333333333333333,0.8148148148148148,1.279204249382019,0.9682074189186096,mip,local_maxima,isotropic,250,2.0,1500,2,4,init_scale
22.845580620258854,0.005193282384425402,0.05293462425470352,0.9220912744417205,1250,5000,838.8608,275.1270649433136,22.90951932230059,0.4144404062631785,0.05270911008119583,0.9234243457604039,18.327615457840473,11,15,4,0.26666666666666666,9.945,10,0.9090909090909091,0.6666666666666666,0.7692307692307692,1.3038405179977417,0.9650281667709351,mip,local_maxima,isotropic,250,4.0,1500,0,4,init_scale
22.844838069625713,0.0051941704005002975,0.052880629897117615,0.9220118916263177,1250,5000,838.8608,225.78125071525574,22.911835755659034,0.4144604141225954,0.05263129621744156,0.923385847391789,18.32946860452723,12,15,3,0.2,9.945,11,0.9166666666666666,0.7333333333333333,0.8148148148148148,1.8340219259262085,1.2056732177734375,mip,local_maxima,isotropic,250,4.0,1500,1,4,init_scale
22.869398561322186,0.005164878908544779,0.052599284797906876,0.9216547211526916,1250,5000,838.8608,186.62767887115479,22.92939697764474,0.413827910969417,0.05239427834749222,0.9229468123706257,18.34351758211579,11,15,4,0.26666666666666666,9.945,10,0.9090909090909091,0.6666666666666666,0.7692307692307692,1.3416407108306885,1.0064494609832764,mip,local_maxima,isotropic,250,4.0,1500,2,4,init_scale
22.410418900335443,0.005740610882639885,0.05610154569149017,0.9155630553026635,1250,5000,838.8608,86.021311044693,22.47216350831827,0.4108113353933463,0.05585765093564987,0.9168570500392481,17.977730806654616,12,15,3,0.2,9.945,10,0.8333333333333334,0.6666666666666666,0.7407407407407408,1.140175461769104,0.8414213061332703,mip,local_maxima,isotropic,250,2.0,800,0,5,iterations
22.282797136830975,0.005911807529628277,0.057352207601070404,0.9130548701489818,1250,5000,838.8608,89.49574089050293,22.34838147037989,0.40844478057848704,0.05709265545010567,0.9144609537882794,17.878705176303914,12,15,3,0.2,9.945,10,0.8333333333333334,0.6666666666666666,0.7407407407407408,1.4491376876831055,1.1650282144546509,mip,local_maxima,isotropic,250,2.0,800,1,5,iterations
22.432860378882012,0.005711023695766926,0.05560440197587013,0.9131624398489627,1250,5000,838.8608,95.07510209083557,22.491743585258263,0.40871271136730813,0.055407822132110596,0.9145501914928212,17.99339486820661,11,15,4,0.26666666666666666,9.945,9,0.8181818181818182,0.6,0.6923076923076923,1.3333333730697632,0.9611424207687378,mip,local_maxima,isotropic,250,2.0,800,2,5,iterations
22.823426556868895,0.005219841841608286,0.05302046984434128,0.9213164333335373,1250,5000,838.8608,155.3211793899536,22.88463212219389,0.4137651074105419,0.05282100290060043,0.9226132673430328,18.30770569775511,12,15,3,0.2,9.945,11,0.9166666666666666,0.7333333333333333,0.8148148148148148,1.0871145725250244,0.7649284601211548,mip,local_maxima,isotropic,250,2.0,1500,0,5,iterations
22.80901356740587,0.005237193778157234,0.053176507353782654,0.9214385927693584,1250,5000,838.8608,169.88014674186707,22.875559369974177,0.4133873809838563,0.05292043089866638,0.922803483654715,18.30044749597934,13,15,2,0.13333333333333333,9.945,11,0.8461538461538461,0.7333333333333333,0.7857142857142856,1.7320507764816284,1.2629928588867188,mip,local_maxima,isotropic,250,2.0,1500,1,5,iterations
22.81852557823111,0.00522573571652174,0.052797723561525345,0.9207108125027508,1250,5000,838.8608,172.6042332649231,22.87785461712771,0.4139187780009904,0.052590206265449524,0.9220129847557871,18.30228369370217,12,15,3,0.2,9.945,11,0.9166666666666666,0.7333333333333333,0.8148148148148148,1.279204249382019,0.9682074189186096,mip,local_maxima,isotropic,250,2.0,1500,2,5,iterations
23.02263888189943,0.004985814448446035,0.05173638090491295,0.9266165189228547,1250,5000,838.8608,310.5176959037781,23.084285092260327,0.4189282707290531,0.05148749053478241,0.9277832682218176,18.46742807380826,14,15,1,0.06666666666666667,9.945,12,0.8571428571428571,0.8,0.8275862068965518,1.9364917278289795,1.2516469955444336,mip,local_maxima,isotropic,250,2.0,3000,0,5,iterations
23.131595276636645,0.0048622856847941875,0.05061960592865944,0.9265273608217299,1250,5000,838.8608,392.6608135700226,23.188928270605956,0.4187759711878154,0.05042914301156998,0.9276929228837725,18.551142616484764,15,15,0,0.0,9.945,14,0.9333333333333333,0.9333333333333333,0.9333333333333333,1.3363062143325806,1.0309983491897583,mip,local_maxima,isotropic,250,2.0,3000,1,5,iterations
23.052463603425576,0.004951692186295986,0.05134155601263046,0.9253928347063278,1250,5000,838.8608,604.1907532215118,23.10743627266327,0.41800344339528267,0.05111761763691902,0.9265255086684406,18.48594901813062,13,15,2,0.13333333333333333,9.945,12,0.9230769230769231,0.8,0.8571428571428571,1.7559422254562378,1.1375234127044678,mip,local_maxima,isotropic,250,2.0,3000,2,5,iterations
