n_cand,psnr,gt_bright_rank@50,gt_log_rank@50,gt_log_rank@50_faint,gt_log_rank@50_bright,gt_bright_rank@100,gt_log_rank@100,gt_log_rank@100_faint,gt_log_rank@100_bright,gt_bright_rank@200,gt_log_rank@200,gt_log_rank@200_faint,gt_log_rank@200_bright,survival,survival_faint,survival_bright,method,bytes,ratio,bits_per_voxel,params
457,120.0,5,9,1,8,10,16,4,12,18,22,8,14,1.0,1.0,1.0,raw,2097152,1.0,16.0,{}
336,22.601913452148438,5,5,2,3,10,13,3,10,19,22,10,12,0.76,0.68,0.84,jpeg2k,22734,92.24738277469869,0.1734466552734375,"{""level_db"": 57.723541259765625, ""target_bytes"": 22732, ""size_matched"": true}"
454,27.656295776367188,6,8,2,6,10,15,4,11,18,22,9,13,0.96,0.96,0.96,jpegxl,22734,92.24738277469869,0.1734466552734375,"{""distance"": 3.428392028808594, ""target_bytes"": 22732, ""size_matched"": true}"
2051,8.624467849731445,1,1,0,1,1,4,2,2,3,9,6,3,0.11,0.14,0.08,zfp,22544,93.02484031227822,0.1719970703125,"{""bits_per_value"": 0.1734375, ""target_bytes"": 22732, ""size_matched"": true}"
205,18.816240310668945,3,1,0,1,7,6,4,2,12,12,7,5,0.42,0.38,0.46,downsample,15000,139.81013333333334,0.11444091796875,"{""factor"": 5, ""target_bytes"": 22732, ""size_matched"": false}"
346,23.096168518066406,5,5,1,4,11,14,4,10,21,22,10,12,0.78,0.72,0.84,jpeg2k,25291,82.920880945791,0.19295501708984375,"{""level_db"": 58.292083740234375, ""target_bytes"": 25292, ""size_matched"": true}"
428,28.21048355102539,6,7,1,6,11,14,5,9,18,23,9,14,0.93,0.92,0.94,jpegxl,25289,82.92743880738661,0.19293975830078125,"{""distance"": 2.949462890625, ""target_bytes"": 25292, ""size_matched"": true}"
2051,8.624467849731445,1,1,0,1,1,4,2,2,3,9,6,3,0.11,0.14,0.08,zfp,24592,85.27781392322707,0.1876220703125,"{""bits_per_value"": 0.19296875, ""target_bytes"": 25292, ""size_matched"": true}"
243,20.14361572265625,4,3,1,2,9,8,5,3,15,13,8,5,0.45,0.4,0.5,downsample,32768,64.0,0.25,"{""factor"": 4, ""target_bytes"": 25292, ""size_matched"": false}"
349,24.125064849853516,6,8,3,5,11,15,5,10,19,20,9,11,0.8,0.74,0.86,jpeg2k,30741,68.2200318792492,0.23453521728515625,"{""level_db"": 59.408111572265625, ""target_bytes"": 30720, ""size_matched"": true}"
451,29.06322479248047,5,9,2,7,10,15,5,10,18,23,9,14,0.97,1.0,0.94,jpegxl,30721,68.26444451678006,0.23438262939453125,"{""distance"": 2.230307769775391, ""target_bytes"": 30720, ""size_matched"": true}"
401,15.70005989074707,2,4,2,2,5,6,3,3,13,13,7,6,0.25,0.3,0.2,zfp,30736,68.23112961998959,0.2344970703125,"{""bits_per_value"": 0.234375, ""target_bytes"": 30720, ""size_matched"": true}"
243,20.14361572265625,4,3,1,2,9,8,5,3,15,13,8,5,0.45,0.4,0.5,downsample,32768,64.0,0.25,"{""factor"": 4, ""target_bytes"": 30720, ""size_matched"": true}"
360,25.924259185791016,7,9,2,7,10,17,5,12,17,22,8,14,0.95,0.94,0.96,jpeg2k,42407,49.45296767043177,0.32353973388671875,"{""level_db"": 61.292724609375, ""target_bytes"": 42393, ""size_matched"": true}"
451,30.06171226501465,5,9,2,7,11,15,4,11,19,22,8,14,0.99,1.0,0.98,jpegxl,42404,49.456466371097065,0.323516845703125,"{""distance"": 1.4509057998657229, ""target_bytes"": 42393, ""size_matched"": true}"
410,18.139665603637695,5,6,1,5,8,11,4,7,17,16,6,10,0.61,0.5,0.72,zfp,43024,48.74377091855708,0.3282470703125,"{""bits_per_value"": 0.3234375, ""target_bytes"": 42393, ""size_matched"": true}"
243,20.14361572265625,4,3,1,2,9,8,5,3,15,13,8,5,0.45,0.4,0.5,downsample,32768,64.0,0.25,"{""factor"": 4, ""target_bytes"": 42393, ""size_matched"": false}"
375,28.463851928710938,8,9,2,7,10,17,5,12,17,22,8,14,0.99,1.0,0.98,jpeg2k,62460,33.57592058917707,0.476531982421875,"{""level_db"": 63.74237060546875, ""target_bytes"": 62464, ""size_matched"": true}"
451,30.99091339111328,5,9,2,7,10,15,5,10,17,22,8,14,0.97,0.98,0.96,jpegxl,62471,33.57000848393655,0.47661590576171875,"{""distance"": 0.8856513977050782, ""target_bytes"": 62464, ""size_matched"": true}"
513,20.765302658081055,3,7,1,6,9,13,3,10,17,21,8,13,0.8,0.74,0.86,zfp,63504,33.02393550012598,0.4844970703125,"{""bits_per_value"": 0.4765625, ""target_bytes"": 62464, ""size_matched"": true}"
310,21.579999923706055,6,4,1,3,10,10,2,8,18,17,8,9,0.52,0.48,0.56,downsample,74088,28.30623042867941,0.56524658203125,"{""factor"": 3, ""target_bytes"": 62464, ""size_matched"": false}"
