experiment,variant,budget,scale_mode,scale_grad,rot,fixed_scale,psnr,mae,ssim,splat_kb,comp
ablation_lund_N750_aniso_control_postfit_brightness,axis_aligned_anisotropic,750.0,free,free,identity,,23.4621,0.0519,0.378,23.4,6204.1
ablation_lund_N750_aniso_control_postfit_brightness,fixed_isotropic,750.0,fixed,mean,identity,,19.3274,0.08668,0.2899,23.4,6204.1
ablation_lund_N750_aniso_control_postfit_brightness,full_anisotropic,750.0,free,free,train,,24.1637,0.047524,0.3814,23.4,6204.1
ablation_lund_N750_aniso_control_postfit_brightness,learned_isotropic,750.0,isotropic,mean,identity,,22.8624,0.054466,0.3571,23.4,6204.1
ablation_lund_N750_quality_search,full_anisotropic,750.0,free,free,train,,24.3965,0.046211,0.3816,23.4,6204.1
ablation_lund_roi_64_128_128,axis_aligned_anisotropic,100.0,free,free,identity,,22.8902,0.056054,0.3056,3.1,1310.7
ablation_lund_roi_64_128_128,axis_aligned_anisotropic,50.0,free,free,identity,,22.1266,0.060642,0.2876,1.6,2621.4
ablation_lund_roi_64_128_128,fixed_isotropic,100.0,fixed,mean,identity,2.0,4.0199,0.61193,0.004,3.1,1310.7
ablation_lund_roi_64_128_128,fixed_isotropic,50.0,fixed,mean,identity,2.0,3.9381,0.619493,0.0026,1.6,2621.4
ablation_lund_roi_64_128_128,full_anisotropic,100.0,free,free,train,,23.3977,0.053181,0.3233,3.1,1310.7
ablation_lund_roi_64_128_128,full_anisotropic,50.0,free,free,train,,22.5957,0.057655,0.3012,1.6,2621.4
ablation_lund_roi_64_128_128,learned_isotropic,100.0,isotropic,mean,identity,,20.7282,0.068699,0.2367,3.1,1310.7
ablation_lund_roi_64_128_128,learned_isotropic,50.0,isotropic,mean,identity,,19.5604,0.078145,0.2171,1.6,2621.4
ablation_lund_roi_64_128_128_(50-100)_PeakLocMax,axis_aligned_anisotropic,100.0,free,free,identity,,17.597,0.095528,0.2052,3.1,1310.7
ablation_lund_roi_64_128_128_(50-100)_PeakLocMax,axis_aligned_anisotropic,50.0,free,free,identity,,17.5981,0.096134,0.2169,1.6,2621.4
ablation_lund_roi_64_128_128_(50-100)_PeakLocMax,fixed_isotropic,100.0,fixed,mean,identity,2.0,4.0885,0.608617,0.0178,3.1,1310.7
ablation_lund_roi_64_128_128_(50-100)_PeakLocMax,fixed_isotropic,50.0,fixed,mean,identity,2.0,3.9753,0.617679,0.0082,1.6,2621.4
ablation_lund_roi_64_128_128_(50-100)_PeakLocMax,full_anisotropic,100.0,free,free,train,,22.4906,0.057864,0.3284,3.1,1310.7
ablation_lund_roi_64_128_128_(50-100)_PeakLocMax,full_anisotropic,50.0,free,free,train,,21.857,0.061903,0.3159,1.6,2621.4
ablation_lund_roi_64_128_128_(50-100)_PeakLocMax,learned_isotropic,100.0,isotropic,mean,identity,,17.6328,0.097558,0.2,3.1,1310.7
ablation_lund_roi_64_128_128_(50-100)_PeakLocMax,learned_isotropic,50.0,isotropic,mean,identity,,17.5614,0.099349,0.1993,1.6,2621.4
ablation_lund_roi_64_128_128_(50-100)_PeakLocMax_3kiter,axis_aligned_anisotropic,100.0,free,free,identity,,23.7272,0.050741,0.3324,3.1,1310.7
ablation_lund_roi_64_128_128_(50-100)_PeakLocMax_3kiter,axis_aligned_anisotropic,50.0,free,free,identity,,22.9287,0.055037,0.3224,1.6,2621.4
ablation_lund_roi_64_128_128_(50-100)_PeakLocMax_3kiter,fixed_isotropic,100.0,fixed,mean,identity,2.0,4.0968,0.60822,0.0186,3.1,1310.7
ablation_lund_roi_64_128_128_(50-100)_PeakLocMax_3kiter,fixed_isotropic,50.0,fixed,mean,identity,2.0,3.9798,0.617398,0.0085,1.6,2621.4
ablation_lund_roi_64_128_128_(50-100)_PeakLocMax_3kiter,full_anisotropic,100.0,free,free,train,,24.4875,0.047088,0.3514,3.1,1310.7
ablation_lund_roi_64_128_128_(50-100)_PeakLocMax_3kiter,full_anisotropic,50.0,free,free,train,,23.8231,0.050007,0.3342,1.6,2621.4
ablation_lund_roi_64_128_128_(50-100)_PeakLocMax_3kiter,learned_isotropic,100.0,isotropic,mean,identity,,20.2862,0.073281,0.2433,3.1,1310.7
ablation_lund_roi_64_128_128_(50-100)_PeakLocMax_3kiter,learned_isotropic,50.0,isotropic,mean,identity,,19.395,0.080389,0.2187,1.6,2621.4
ablation_lund_roi_64_128_128_(50-100)_PeakLocMax_LocalComponent_mxscale12_Amp,axis_aligned_anisotropic,100.0,free,free,identity,,11.2195,0.150175,0.1983,3.1,1310.7
ablation_lund_roi_64_128_128_(50-100)_PeakLocMax_LocalComponent_mxscale12_Amp,axis_aligned_anisotropic,50.0,free,free,identity,,13.5715,0.12223,0.1888,1.6,2621.4
ablation_lund_roi_64_128_128_(50-100)_PeakLocMax_LocalComponent_mxscale12_Amp,fixed_isotropic,100.0,fixed,mean,identity,,-7.488,0.918669,0.0601,3.1,1310.7
ablation_lund_roi_64_128_128_(50-100)_PeakLocMax_LocalComponent_mxscale12_Amp,fixed_isotropic,50.0,fixed,mean,identity,,-4.0505,0.724863,0.0407,1.6,2621.4
ablation_lund_roi_64_128_128_(50-100)_PeakLocMax_LocalComponent_mxscale12_Amp,full_anisotropic,100.0,free,free,train,,11.0997,0.107581,0.2113,3.1,1310.7
ablation_lund_roi_64_128_128_(50-100)_PeakLocMax_LocalComponent_mxscale12_Amp,full_anisotropic,50.0,free,free,train,,14.7943,0.099615,0.2107,1.6,2621.4
ablation_lund_roi_64_128_128_(50-100)_PeakLocMax_LocalComponent_mxscale12_Amp,learned_isotropic,100.0,isotropic,mean,identity,,10.2914,0.13629,0.1975,3.1,1310.7
ablation_lund_roi_64_128_128_(50-100)_PeakLocMax_LocalComponent_mxscale12_Amp,learned_isotropic,50.0,isotropic,mean,identity,,11.5148,0.109098,0.1968,1.6,2621.4
ablation_lund_roi_64_128_128_(50-100)_PeakLocMax_LocalComponent_mxscale12_Amp_3kiter,axis_aligned_anisotropic,100.0,free,free,identity,,17.4408,0.091659,0.2229,3.1,1310.7
ablation_lund_roi_64_128_128_(50-100)_PeakLocMax_LocalComponent_mxscale12_Amp_3kiter,axis_aligned_anisotropic,50.0,free,free,identity,,19.6734,0.07211,0.2775,1.6,2621.4
ablation_lund_roi_64_128_128_(50-100)_PeakLocMax_LocalComponent_mxscale12_Amp_3kiter,fixed_isotropic,100.0,fixed,mean,identity,,-1.9995,0.556956,0.0743,3.1,1310.7
ablation_lund_roi_64_128_128_(50-100)_PeakLocMax_LocalComponent_mxscale12_Amp_3kiter,fixed_isotropic,50.0,fixed,mean,identity,,2.3723,0.496821,0.0557,1.6,2621.4
ablation_lund_roi_64_128_128_(50-100)_PeakLocMax_LocalComponent_mxscale12_Amp_3kiter,full_anisotropic,100.0,free,free,train,,18.5117,0.057837,0.3211,3.1,1310.7
ablation_lund_roi_64_128_128_(50-100)_PeakLocMax_LocalComponent_mxscale12_Amp_3kiter,full_anisotropic,50.0,free,free,train,,20.4422,0.062975,0.3083,1.6,2621.4
ablation_lund_roi_64_128_128_(50-100)_PeakLocMax_LocalComponent_mxscale12_Amp_3kiter,learned_isotropic,100.0,isotropic,mean,identity,,15.8437,0.106414,0.2099,3.1,1310.7
ablation_lund_roi_64_128_128_(50-100)_PeakLocMax_LocalComponent_mxscale12_Amp_3kiter,learned_isotropic,50.0,isotropic,mean,identity,,16.3103,0.09094,0.2009,1.6,2621.4
ablation_lund_roi_64_128_128_(50-100)_PeakLocMax_LocalComponent_mxscale12_Amp_MinD12,axis_aligned_anisotropic,100.0,free,free,identity,,23.6032,0.051871,0.3265,3.1,1310.7
ablation_lund_roi_64_128_128_(50-100)_PeakLocMax_LocalComponent_mxscale12_Amp_MinD12,axis_aligned_anisotropic,50.0,free,free,identity,,22.2464,0.059266,0.313,1.6,2621.4
ablation_lund_roi_64_128_128_(50-100)_PeakLocMax_LocalComponent_mxscale12_Amp_MinD12,fixed_isotropic,100.0,fixed,mean,identity,,15.7404,0.128837,0.1769,3.1,1310.7
ablation_lund_roi_64_128_128_(50-100)_PeakLocMax_LocalComponent_mxscale12_Amp_MinD12,fixed_isotropic,50.0,fixed,mean,identity,,8.2468,0.318454,0.0984,1.6,2621.4
ablation_lund_roi_64_128_128_(50-100)_PeakLocMax_LocalComponent_mxscale12_Amp_MinD12,full_anisotropic,100.0,free,free,train,,24.0038,0.0498,0.3355,3.1,1310.7
ablation_lund_roi_64_128_128_(50-100)_PeakLocMax_LocalComponent_mxscale12_Amp_MinD12,full_anisotropic,50.0,free,free,train,,23.2042,0.053888,0.3261,1.6,2621.4
ablation_lund_roi_64_128_128_(50-100)_PeakLocMax_LocalComponent_mxscale12_Amp_MinD12,learned_isotropic,100.0,isotropic,mean,identity,,21.4843,0.063533,0.2543,3.1,1310.7
ablation_lund_roi_64_128_128_(50-100)_PeakLocMax_LocalComponent_mxscale12_Amp_MinD12,learned_isotropic,50.0,isotropic,mean,identity,,19.0837,0.084347,0.2198,1.6,2621.4
ablation_lund_roi_64_128_128_(50-100)_PeakLocMax_LocalComponent_mxscale12_Amp_MinD12_2kIter,axis_aligned_anisotropic,100.0,free,free,identity,,24.1385,0.049068,0.3367,3.1,1310.7
ablation_lund_roi_64_128_128_(50-100)_PeakLocMax_LocalComponent_mxscale12_Amp_MinD12_2kIter,axis_aligned_anisotropic,50.0,free,free,identity,,23.1295,0.053702,0.3215,1.6,2621.4
ablation_lund_roi_64_128_128_(50-100)_PeakLocMax_LocalComponent_mxscale12_Amp_MinD12_2kIter,fixed_isotropic,100.0,fixed,mean,identity,,16.56,0.117445,0.1872,3.1,1310.7
ablation_lund_roi_64_128_128_(50-100)_PeakLocMax_LocalComponent_mxscale12_Amp_MinD12_2kIter,fixed_isotropic,50.0,fixed,mean,identity,,10.0294,0.260682,0.1197,1.6,2621.4
ablation_lund_roi_64_128_128_(50-100)_PeakLocMax_LocalComponent_mxscale12_Amp_MinD12_2kIter,full_anisotropic,100.0,free,free,train,,24.5288,0.046761,0.346,3.1,1310.7
ablation_lund_roi_64_128_128_(50-100)_PeakLocMax_LocalComponent_mxscale12_Amp_MinD12_2kIter,full_anisotropic,50.0,free,free,train,,23.8854,0.050183,0.3351,1.6,2621.4
ablation_lund_roi_64_128_128_(50-100)_PeakLocMax_LocalComponent_mxscale12_Amp_MinD12_2kIter,learned_isotropic,100.0,isotropic,mean,identity,,21.8467,0.060767,0.2621,3.1,1310.7
ablation_lund_roi_64_128_128_(50-100)_PeakLocMax_LocalComponent_mxscale12_Amp_MinD12_2kIter,learned_isotropic,50.0,isotropic,mean,identity,,20.3243,0.07313,0.2363,1.6,2621.4
ablation_lund_roi_64_128_128_(50-100)_PeakLocMax_LocalComponent_mxscale15,axis_aligned_anisotropic,100.0,free,free,identity,,17.5548,0.095365,0.1928,3.1,1310.7
ablation_lund_roi_64_128_128_(50-100)_PeakLocMax_LocalComponent_mxscale15,axis_aligned_anisotropic,50.0,free,free,identity,,17.5241,0.09548,0.1921,1.6,2621.4
ablation_lund_roi_64_128_128_(50-100)_PeakLocMax_LocalComponent_mxscale15,fixed_isotropic,100.0,fixed,mean,identity,,9.7538,0.248443,0.1383,3.1,1310.7
ablation_lund_roi_64_128_128_(50-100)_PeakLocMax_LocalComponent_mxscale15,fixed_isotropic,50.0,fixed,mean,identity,,7.093,0.372941,0.0845,1.6,2621.4
ablation_lund_roi_64_128_128_(50-100)_PeakLocMax_LocalComponent_mxscale15,full_anisotropic,100.0,free,free,train,,22.4334,0.058255,0.3075,3.1,1310.7
ablation_lund_roi_64_128_128_(50-100)_PeakLocMax_LocalComponent_mxscale15,full_anisotropic,50.0,free,free,train,,21.7468,0.062553,0.3104,1.6,2621.4
ablation_lund_roi_64_128_128_(50-100)_PeakLocMax_LocalComponent_mxscale15,learned_isotropic,100.0,isotropic,mean,identity,,17.6018,0.096612,0.1939,3.1,1310.7
ablation_lund_roi_64_128_128_(50-100)_PeakLocMax_LocalComponent_mxscale15,learned_isotropic,50.0,isotropic,mean,identity,,17.5726,0.097015,0.193,1.6,2621.4
ablation_lund_roi_64_128_128_(50-100)_PeakLocMax_LocalComponent_mxscale15_3kIter,axis_aligned_anisotropic,100.0,free,free,identity,,18.8183,0.084482,0.1966,3.1,1310.7
ablation_lund_roi_64_128_128_(50-100)_PeakLocMax_LocalComponent_mxscale15_3kIter,axis_aligned_anisotropic,50.0,free,free,identity,,21.3713,0.065255,0.2545,1.6,2621.4
ablation_lund_roi_64_128_128_(50-100)_PeakLocMax_LocalComponent_mxscale15_3kIter,fixed_isotropic,100.0,fixed,mean,identity,,15.5022,0.130949,0.1767,3.1,1310.7
ablation_lund_roi_64_128_128_(50-100)_PeakLocMax_LocalComponent_mxscale15_3kIter,fixed_isotropic,50.0,fixed,mean,identity,,9.6274,0.273664,0.1064,1.6,2621.4
ablation_lund_roi_64_128_128_(50-100)_PeakLocMax_LocalComponent_mxscale15_3kIter,full_anisotropic,100.0,free,free,train,,23.8885,0.0499,0.3277,3.1,1310.7
ablation_lund_roi_64_128_128_(50-100)_PeakLocMax_LocalComponent_mxscale15_3kIter,full_anisotropic,50.0,free,free,train,,23.5074,0.051374,0.3207,1.6,2621.4
ablation_lund_roi_64_128_128_(50-100)_PeakLocMax_LocalComponent_mxscale15_3kIter,learned_isotropic,100.0,isotropic,mean,identity,,19.3358,0.079786,0.2105,3.1,1310.7
ablation_lund_roi_64_128_128_(50-100)_PeakLocMax_LocalComponent_mxscale15_3kIter,learned_isotropic,50.0,isotropic,mean,identity,,19.0177,0.082418,0.2045,1.6,2621.4
ablation_lund_roi_64_128_128_(50-100)_PeakLocMax_scale12_3kIter,axis_aligned_anisotropic,100.0,free,free,identity,,18.8739,0.083766,0.1972,3.1,1310.7
ablation_lund_roi_64_128_128_(50-100)_PeakLocMax_scale12_3kIter,axis_aligned_anisotropic,50.0,free,free,identity,,18.7838,0.084499,0.1958,1.6,2621.4
ablation_lund_roi_64_128_128_(50-100)_PeakLocMax_scale12_3kIter,fixed_isotropic,100.0,fixed,mean,identity,12.0,19.0816,0.086107,0.2217,3.1,1310.7
ablation_lund_roi_64_128_128_(50-100)_PeakLocMax_scale12_3kIter,fixed_isotropic,50.0,fixed,mean,identity,12.0,14.9386,0.134596,0.1801,1.6,2621.4
ablation_lund_roi_64_128_128_(50-100)_PeakLocMax_scale12_3kIter,full_anisotropic,100.0,free,free,train,,23.8446,0.04985,0.3284,3.1,1310.7
ablation_lund_roi_64_128_128_(50-100)_PeakLocMax_scale12_3kIter,full_anisotropic,50.0,free,free,train,,23.5195,0.051174,0.3208,1.6,2621.4
ablation_lund_roi_64_128_128_(50-100)_PeakLocMax_scale12_3kIter,learned_isotropic,100.0,isotropic,mean,identity,,18.9579,0.082418,0.1992,3.1,1310.7
ablation_lund_roi_64_128_128_(50-100)_PeakLocMax_scale12_3kIter,learned_isotropic,50.0,isotropic,mean,identity,,18.8196,0.08398,0.1978,1.6,2621.4
ablation_lund_roi_64_128_128_(50-100)_PeakLocMax_scale15,axis_aligned_anisotropic,100.0,free,free,identity,,17.3424,0.095934,0.1906,3.1,1310.7
ablation_lund_roi_64_128_128_(50-100)_PeakLocMax_scale15,axis_aligned_anisotropic,50.0,free,free,identity,,17.3094,0.096893,0.1902,1.6,2621.4
ablation_lund_roi_64_128_128_(50-100)_PeakLocMax_scale15,fixed_isotropic,100.0,fixed,mean,identity,15.0,11.6256,0.213384,0.1213,3.1,1310.7
ablation_lund_roi_64_128_128_(50-100)_PeakLocMax_scale15,fixed_isotropic,50.0,fixed,mean,identity,15.0,10.5993,0.242609,0.106,1.6,2621.4
ablation_lund_roi_64_128_128_(50-100)_PeakLocMax_scale15,full_anisotropic,100.0,free,free,train,,22.5056,0.057411,0.3167,3.1,1310.7
ablation_lund_roi_64_128_128_(50-100)_PeakLocMax_scale15,full_anisotropic,50.0,free,free,train,,18.9434,0.083002,0.2004,1.6,2621.4
ablation_lund_roi_64_128_128_(50-100)_PeakLocMax_scale15,learned_isotropic,100.0,isotropic,mean,identity,,17.4021,0.098308,0.1924,3.1,1310.7
ablation_lund_roi_64_128_128_(50-100)_PeakLocMax_scale15,learned_isotropic,50.0,isotropic,mean,identity,,17.3329,0.098094,0.1919,1.6,2621.4
ablation_lund_roi_64_128_128_(50-100)_PeakLocMax_scaleLocMomnt15_maxscale15_2kiter,axis_aligned_anisotropic,100.0,free,free,identity,,21.1648,0.067308,0.2567,3.1,1310.7
ablation_lund_roi_64_128_128_(50-100)_PeakLocMax_scaleLocMomnt15_maxscale15_2kiter,axis_aligned_anisotropic,50.0,free,free,identity,,22.4603,0.058019,0.313,1.6,2621.4
ablation_lund_roi_64_128_128_(50-100)_PeakLocMax_scaleLocMomnt15_maxscale15_2kiter,fixed_isotropic,100.0,fixed,mean,identity,,5.355,0.500656,0.0538,3.1,1310.7
ablation_lund_roi_64_128_128_(50-100)_PeakLocMax_scaleLocMomnt15_maxscale15_2kiter,fixed_isotropic,50.0,fixed,mean,identity,,4.5792,0.563534,0.0337,1.6,2621.4
ablation_lund_roi_64_128_128_(50-100)_PeakLocMax_scaleLocMomnt15_maxscale15_2kiter,full_anisotropic,100.0,free,free,train,,23.9816,0.049705,0.3409,3.1,1310.7
ablation_lund_roi_64_128_128_(50-100)_PeakLocMax_scaleLocMomnt15_maxscale15_2kiter,full_anisotropic,50.0,free,free,train,,23.283,0.053161,0.3234,1.6,2621.4
ablation_lund_roi_64_128_128_(50-100)_PeakLocMax_scaleLocMomnt15_maxscale15_2kiter,learned_isotropic,100.0,isotropic,mean,identity,,18.6731,0.086871,0.2044,3.1,1310.7
ablation_lund_roi_64_128_128_(50-100)_PeakLocMax_scaleLocMomnt15_maxscale15_2kiter,learned_isotropic,50.0,isotropic,mean,identity,,18.5794,0.087753,0.2029,1.6,2621.4
ablation_lund_roi_64_128_128_(50-100)_PeakLocMax_scaleLocMomnt9,axis_aligned_anisotropic,100.0,free,free,identity,,17.5428,0.095962,0.2033,3.1,1310.7
ablation_lund_roi_64_128_128_(50-100)_PeakLocMax_scaleLocMomnt9,axis_aligned_anisotropic,50.0,free,free,identity,,17.5669,0.096233,0.2096,1.6,2621.4
ablation_lund_roi_64_128_128_(50-100)_PeakLocMax_scaleLocMomnt9,fixed_isotropic,100.0,fixed,mean,identity,2.0,4.0885,0.608617,0.0178,3.1,1310.7
ablation_lund_roi_64_128_128_(50-100)_PeakLocMax_scaleLocMomnt9,fixed_isotropic,50.0,fixed,mean,identity,2.0,3.9753,0.617679,0.0082,1.6,2621.4
ablation_lund_roi_64_128_128_(50-100)_PeakLocMax_scaleLocMomnt9,full_anisotropic,100.0,free,free,train,,22.7136,0.056493,0.3242,3.1,1310.7
ablation_lund_roi_64_128_128_(50-100)_PeakLocMax_scaleLocMomnt9,full_anisotropic,50.0,free,free,train,,21.7532,0.063024,0.3123,1.6,2621.4
ablation_lund_roi_64_128_128_(50-100)_PeakLocMax_scaleLocMomnt9,learned_isotropic,100.0,isotropic,mean,identity,,17.6408,0.096665,0.2001,3.1,1310.7
ablation_lund_roi_64_128_128_(50-100)_PeakLocMax_scaleLocMomnt9,learned_isotropic,50.0,isotropic,mean,identity,,17.5495,0.099274,0.1992,1.6,2621.4
ablation_lund_roi_64_128_128_(50-100)_PeakPlusSupport_Auto_LocalComponent_mxscale12_Amp_MinD12_2kiter_allVoxels,axis_aligned_anisotropic,100.0,free,free,identity,,24.0112,0.049575,0.3346,3.1,1310.7
ablation_lund_roi_64_128_128_(50-100)_PeakPlusSupport_Auto_LocalComponent_mxscale12_Amp_MinD12_2kiter_allVoxels,axis_aligned_anisotropic,50.0,free,free,identity,,22.7678,0.056109,0.3105,1.6,2621.4
ablation_lund_roi_64_128_128_(50-100)_PeakPlusSupport_Auto_LocalComponent_mxscale12_Amp_MinD12_2kiter_allVoxels,fixed_isotropic,100.0,fixed,mean,identity,,16.0529,0.124659,0.1808,3.1,1310.7
ablation_lund_roi_64_128_128_(50-100)_PeakPlusSupport_Auto_LocalComponent_mxscale12_Amp_MinD12_2kiter_allVoxels,fixed_isotropic,50.0,fixed,mean,identity,,8.3525,0.314895,0.0952,1.6,2621.4
ablation_lund_roi_64_128_128_(50-100)_PeakPlusSupport_Auto_LocalComponent_mxscale12_Amp_MinD12_2kiter_allVoxels,full_anisotropic,100.0,free,free,train,,24.177,0.048823,0.3403,3.1,1310.7
ablation_lund_roi_64_128_128_(50-100)_PeakPlusSupport_Auto_LocalComponent_mxscale12_Amp_MinD12_2kiter_allVoxels,full_anisotropic,50.0,free,free,train,,23.076,0.054487,0.3197,1.6,2621.4
ablation_lund_roi_64_128_128_(50-100)_PeakPlusSupport_Auto_LocalComponent_mxscale12_Amp_MinD12_2kiter_allVoxels,learned_isotropic,100.0,isotropic,mean,identity,,21.5796,0.06267,0.2556,3.1,1310.7
ablation_lund_roi_64_128_128_(50-100)_PeakPlusSupport_Auto_LocalComponent_mxscale12_Amp_MinD12_2kiter_allVoxels,learned_isotropic,50.0,isotropic,mean,identity,,19.244,0.082755,0.2211,1.6,2621.4
ablation_lund_roi_64_128_128_2k_iter,axis_aligned_anisotropic,100.0,free,free,identity,,24.0151,0.049687,0.3362,3.1,1310.7
ablation_lund_roi_64_128_128_2k_iter,axis_aligned_anisotropic,50.0,free,free,identity,,23.4806,0.052127,0.3223,1.6,2621.4
ablation_lund_roi_64_128_128_2k_iter,fixed_isotropic,100.0,fixed,mean,identity,2.0,4.0246,0.611611,0.005,3.1,1310.7
ablation_lund_roi_64_128_128_2k_iter,fixed_isotropic,50.0,fixed,mean,identity,2.0,3.941,0.619373,0.0033,1.6,2621.4
ablation_lund_roi_64_128_128_2k_iter,full_anisotropic,100.0,free,free,train,,24.2431,0.048486,0.3426,3.1,1310.7
ablation_lund_roi_64_128_128_2k_iter,full_anisotropic,50.0,free,free,train,,23.7807,0.050809,0.3321,1.6,2621.4
ablation_lund_roi_64_128_128_2k_iter,learned_isotropic,100.0,isotropic,mean,identity,,21.2391,0.06437,0.2462,3.1,1310.7
ablation_lund_roi_64_128_128_2k_iter,learned_isotropic,50.0,isotropic,mean,identity,,20.2516,0.07208,0.2273,1.6,2621.4
ablation_lund_roi_64_128_128_50_100_PeakPlusSupport_Auto_LocalComponent_Amp_MinD12,axis_aligned_anisotropic,100.0,free,free,identity,,23.5773,0.052012,0.3285,3.1,1310.7
ablation_lund_roi_64_128_128_50_100_PeakPlusSupport_Auto_LocalComponent_Amp_MinD12,axis_aligned_anisotropic,50.0,free,free,identity,,21.1665,0.064633,0.3058,1.6,2621.4
ablation_lund_roi_64_128_128_50_100_PeakPlusSupport_Auto_LocalComponent_Amp_MinD12,fixed_isotropic,100.0,fixed,mean,identity,,15.6901,0.129519,0.1795,3.1,1310.7
ablation_lund_roi_64_128_128_50_100_PeakPlusSupport_Auto_LocalComponent_Amp_MinD12,fixed_isotropic,50.0,fixed,mean,identity,,8.1616,0.32161,0.1015,1.6,2621.4
ablation_lund_roi_64_128_128_50_100_PeakPlusSupport_Auto_LocalComponent_Amp_MinD12,full_anisotropic,100.0,free,free,train,,23.9066,0.050304,0.3379,3.1,1310.7
ablation_lund_roi_64_128_128_50_100_PeakPlusSupport_Auto_LocalComponent_Amp_MinD12,full_anisotropic,50.0,free,free,train,,22.834,0.055609,0.329,1.6,2621.4
ablation_lund_roi_64_128_128_50_100_PeakPlusSupport_Auto_LocalComponent_Amp_MinD12,learned_isotropic,100.0,isotropic,mean,identity,,21.2687,0.064829,0.252,3.1,1310.7
ablation_lund_roi_64_128_128_50_100_PeakPlusSupport_Auto_LocalComponent_Amp_MinD12,learned_isotropic,50.0,isotropic,mean,identity,,18.2912,0.090457,0.2121,1.6,2621.4
ablation_lund_roi_64_128_128_50_100_PeakPlusSupport_Auto_LocalComponent_Amp_MinD12_2kiter,axis_aligned_anisotropic,100.0,free,free,identity,,24.2426,0.048578,0.3411,3.1,1310.7
ablation_lund_roi_64_128_128_50_100_PeakPlusSupport_Auto_LocalComponent_Amp_MinD12_2kiter,axis_aligned_anisotropic,50.0,free,free,identity,,23.1144,0.053433,0.3144,1.6,2621.4
ablation_lund_roi_64_128_128_50_100_PeakPlusSupport_Auto_LocalComponent_Amp_MinD12_2kiter,fixed_isotropic,100.0,fixed,mean,identity,,16.6119,0.116496,0.1914,3.1,1310.7
ablation_lund_roi_64_128_128_50_100_PeakPlusSupport_Auto_LocalComponent_Amp_MinD12_2kiter,fixed_isotropic,50.0,fixed,mean,identity,,9.9581,0.262795,0.1188,1.6,2621.4
ablation_lund_roi_64_128_128_50_100_PeakPlusSupport_Auto_LocalComponent_Amp_MinD12_2kiter,full_anisotropic,100.0,free,free,train,,24.4166,0.047498,0.3481,3.1,1310.7
ablation_lund_roi_64_128_128_50_100_PeakPlusSupport_Auto_LocalComponent_Amp_MinD12_2kiter,full_anisotropic,50.0,free,free,train,,23.845,0.050107,0.335,1.6,2621.4
ablation_lund_roi_64_128_128_50_100_PeakPlusSupport_Auto_LocalComponent_Amp_MinD12_2kiter,learned_isotropic,100.0,isotropic,mean,identity,,21.6227,0.062033,0.2578,3.1,1310.7
ablation_lund_roi_64_128_128_50_100_PeakPlusSupport_Auto_LocalComponent_Amp_MinD12_2kiter,learned_isotropic,50.0,isotropic,mean,identity,,19.9487,0.07548,0.2297,1.6,2621.4
ablation_lund_roi_full_(200-300)_PeakLocMax_LocalComponent_mxscale12_Amp_MinD12_3kIter,axis_aligned_anisotropic,200.0,free,free,identity,,21.4297,0.061375,,6.2,23265.3
ablation_lund_roi_full_(200-300)_PeakLocMax_LocalComponent_mxscale12_Amp_MinD12_3kIter,axis_aligned_anisotropic,300.0,free,free,identity,,22.5945,0.05338,,9.4,15510.2
ablation_lund_roi_full_(200-300)_PeakLocMax_LocalComponent_mxscale12_Amp_MinD12_3kIter,fixed_isotropic,200.0,fixed,mean,identity,,7.4367,0.361025,,6.2,23265.3
ablation_lund_roi_full_(200-300)_PeakLocMax_LocalComponent_mxscale12_Amp_MinD12_3kIter,fixed_isotropic,300.0,fixed,mean,identity,,7.9036,0.337023,,9.4,15510.2
ablation_lund_roi_full_(200-300)_PeakLocMax_LocalComponent_mxscale12_Amp_MinD12_3kIter,full_anisotropic,200.0,free,free,train,,22.733,0.052628,,6.2,23265.3
ablation_lund_roi_full_(200-300)_PeakLocMax_LocalComponent_mxscale12_Amp_MinD12_3kIter,full_anisotropic,300.0,free,free,train,,23.8107,0.047037,,9.4,15510.2
ablation_lund_roi_full_(200-300)_PeakLocMax_LocalComponent_mxscale12_Amp_MinD12_3kIter,learned_isotropic,200.0,isotropic,mean,identity,,17.9924,0.096958,,6.2,23265.3
ablation_lund_roi_full_(200-300)_PeakLocMax_LocalComponent_mxscale12_Amp_MinD12_3kIter,learned_isotropic,300.0,isotropic,mean,identity,,19.308,0.079926,,9.4,15510.2
ablation_lund_roi_Full_(50-100)_PeakLocMax,axis_aligned_anisotropic,100.0,free,free,identity,,16.5992,0.111169,,3.1,46530.6
ablation_lund_roi_Full_(50-100)_PeakLocMax,axis_aligned_anisotropic,50.0,free,free,identity,,10.0425,0.258391,,1.6,93061.1
ablation_lund_roi_Full_(50-100)_PeakLocMax,fixed_isotropic,100.0,fixed,mean,identity,2.0,6.6331,0.403906,,3.1,46530.6
ablation_lund_roi_Full_(50-100)_PeakLocMax,fixed_isotropic,50.0,fixed,mean,identity,2.0,6.6329,0.40391,,1.6,93061.1
ablation_lund_roi_Full_(50-100)_PeakLocMax,full_anisotropic,100.0,free,free,train,,17.9089,0.092374,,3.1,46530.6
ablation_lund_roi_Full_(50-100)_PeakLocMax,full_anisotropic,50.0,free,free,train,,10.7157,0.22338,,1.6,93061.1
ablation_lund_roi_Full_(50-100)_PeakLocMax,learned_isotropic,100.0,isotropic,mean,identity,,14.7556,0.142529,,3.1,46530.6
ablation_lund_roi_Full_(50-100)_PeakLocMax,learned_isotropic,50.0,isotropic,mean,identity,,9.8232,0.268282,,1.6,93061.1
ablation_lund_roi_full_(50-100)_PeakLocMax_LocalComponent_mxscale12_Amp_MinD12,axis_aligned_anisotropic,100.0,free,free,identity,,19.8106,0.074234,,3.1,46530.6
ablation_lund_roi_full_(50-100)_PeakLocMax_LocalComponent_mxscale12_Amp_MinD12,axis_aligned_anisotropic,50.0,free,free,identity,,18.9986,0.083218,,1.6,93061.1
ablation_lund_roi_full_(50-100)_PeakLocMax_LocalComponent_mxscale12_Amp_MinD12,fixed_isotropic,100.0,fixed,mean,identity,,6.9796,0.385968,,3.1,46530.6
ablation_lund_roi_full_(50-100)_PeakLocMax_LocalComponent_mxscale12_Amp_MinD12,fixed_isotropic,50.0,fixed,mean,identity,,6.8158,0.394902,,1.6,93061.1
ablation_lund_roi_full_(50-100)_PeakLocMax_LocalComponent_mxscale12_Amp_MinD12,full_anisotropic,100.0,free,free,train,,20.7011,0.06515,,3.1,46530.6
ablation_lund_roi_full_(50-100)_PeakLocMax_LocalComponent_mxscale12_Amp_MinD12,full_anisotropic,50.0,free,free,train,,20.0182,0.072588,,1.6,93061.1
ablation_lund_roi_full_(50-100)_PeakLocMax_LocalComponent_mxscale12_Amp_MinD12,learned_isotropic,100.0,isotropic,mean,identity,,16.6815,0.117543,,3.1,46530.6
ablation_lund_roi_full_(50-100)_PeakLocMax_LocalComponent_mxscale12_Amp_MinD12,learned_isotropic,50.0,isotropic,mean,identity,,16.4225,0.122267,,1.6,93061.1
ablation_lund_roi_full_250_500_PeakPlusSupport_Auto_LocalComponent_Amp_MinD12_3kiter,axis_aligned_anisotropic,250.0,free,free,identity,,22.9749,0.051777,,7.8,18612.2
ablation_lund_roi_full_250_500_PeakPlusSupport_Auto_LocalComponent_Amp_MinD12_3kiter,axis_aligned_anisotropic,500.0,free,free,identity,,24.8534,0.043175,,15.6,9306.1
ablation_lund_roi_full_250_500_PeakPlusSupport_Auto_LocalComponent_Amp_MinD12_3kiter,fixed_isotropic,250.0,fixed,mean,identity,,12.9871,0.177109,,7.8,18612.2
ablation_lund_roi_full_250_500_PeakPlusSupport_Auto_LocalComponent_Amp_MinD12_3kiter,fixed_isotropic,500.0,fixed,mean,identity,,17.6222,0.103751,,15.6,9306.1
ablation_lund_roi_full_250_500_PeakPlusSupport_Auto_LocalComponent_Amp_MinD12_3kiter,full_anisotropic,250.0,free,free,train,,24.075,0.045869,,7.8,18612.2
ablation_lund_roi_full_250_500_PeakPlusSupport_Auto_LocalComponent_Amp_MinD12_3kiter,full_anisotropic,500.0,free,free,train,,25.2434,0.041383,,15.6,9306.1
ablation_lund_roi_full_250_500_PeakPlusSupport_Auto_LocalComponent_Amp_MinD12_3kiter,learned_isotropic,250.0,isotropic,mean,identity,,20.1398,0.071795,,7.8,18612.2
ablation_lund_roi_full_250_500_PeakPlusSupport_Auto_LocalComponent_Amp_MinD12_3kiter,learned_isotropic,500.0,isotropic,mean,identity,,22.0895,0.05797,,15.6,9306.1
ablation_lund_roi_full_250_500_PeakPlusSupport_Auto_LocalComponent_Amp_MinD12_50kVox_3kiter,axis_aligned_anisotropic,250.0,free,free,identity,,23.3493,0.049708,,7.8,18612.2
ablation_lund_roi_full_250_500_PeakPlusSupport_Auto_LocalComponent_Amp_MinD12_50kVox_3kiter,axis_aligned_anisotropic,500.0,free,free,identity,,25.2127,0.041569,,15.6,9306.1
ablation_lund_roi_full_250_500_PeakPlusSupport_Auto_LocalComponent_Amp_MinD12_50kVox_3kiter,fixed_isotropic,250.0,fixed,mean,identity,,13.2372,0.173512,,7.8,18612.2
ablation_lund_roi_full_250_500_PeakPlusSupport_Auto_LocalComponent_Amp_MinD12_50kVox_3kiter,fixed_isotropic,500.0,fixed,mean,identity,,17.8988,0.100795,,15.6,9306.1
ablation_lund_roi_full_250_500_PeakPlusSupport_Auto_LocalComponent_Amp_MinD12_50kVox_3kiter,full_anisotropic,250.0,free,free,train,,24.5217,0.043833,,7.8,18612.2
ablation_lund_roi_full_250_500_PeakPlusSupport_Auto_LocalComponent_Amp_MinD12_50kVox_3kiter,full_anisotropic,500.0,free,free,train,,25.5747,0.039915,,15.6,9306.1
ablation_lund_roi_full_250_500_PeakPlusSupport_Auto_LocalComponent_Amp_MinD12_50kVox_3kiter,learned_isotropic,250.0,isotropic,mean,identity,,20.3986,0.06916,,7.8,18612.2
ablation_lund_roi_full_250_500_PeakPlusSupport_Auto_LocalComponent_Amp_MinD12_50kVox_3kiter,learned_isotropic,500.0,isotropic,mean,identity,,22.3328,0.055796,,15.6,9306.1
ablation_lund_roi_full_500_750_coarse_auto,axis_aligned_anisotropic,500.0,free,free,identity,,24.5702,0.044351,0.3964,15.6,9306.1
ablation_lund_roi_full_500_750_coarse_auto,axis_aligned_anisotropic,750.0,free,free,identity,,25.3762,0.04147,0.4124,23.4,6204.1
ablation_lund_roi_full_500_750_coarse_auto,full_anisotropic,500.0,free,free,train,,25.1773,0.04186,0.4066,15.6,9306.1
ablation_lund_roi_full_500_750_coarse_auto,full_anisotropic,750.0,free,free,train,,25.5922,0.040652,0.4164,23.4,6204.1
ablation_lund_roi_full_500_750_coarse_auto,learned_isotropic,500.0,isotropic,mean,identity,,21.9391,0.058131,0.3485,15.6,9306.1
ablation_lund_roi_full_500_750_FullAuto,axis_aligned_anisotropic,500.0,free,free,identity,,25.2854,0.041213,0.4088,15.6,9306.1
ablation_lund_roi_full_500_750_FullAuto,axis_aligned_anisotropic,750.0,free,free,identity,,25.3316,0.040815,0.4099,23.4,6204.1
ablation_lund_roi_full_500_750_FullAuto,fixed_isotropic,500.0,fixed,mean,identity,2.0,5.3969,0.405917,0.0047,15.6,9306.1
ablation_lund_roi_full_500_750_FullAuto,fixed_isotropic,750.0,fixed,mean,identity,2.0,5.0091,0.407098,0.0049,23.4,6204.1
ablation_lund_roi_full_500_750_FullAuto,full_anisotropic,500.0,free,free,train,,25.6483,0.039691,0.4177,15.6,9306.1
ablation_lund_roi_full_500_750_FullAuto,full_anisotropic,750.0,free,free,train,,25.7118,0.039417,0.4188,23.4,6204.1
ablation_lund_roi_full_500_750_FullAuto,learned_isotropic,500.0,isotropic,mean,identity,,22.6183,0.054422,0.3538,15.6,9306.1
ablation_lund_roi_full_500_750_FullAuto,learned_isotropic,750.0,isotropic,mean,identity,,23.2665,0.050767,0.3616,23.4,6204.1
ablation_lund_roi_full_500_750_FullAuto_aniso_control,axis_aligned_anisotropic,500.0,free,free,identity,,23.9611,0.047324,0.3746,15.6,9306.1
ablation_lund_roi_full_500_750_FullAuto_aniso_control,axis_aligned_anisotropic,750.0,free,free,identity,,24.317,0.045816,0.3809,23.4,6204.1
ablation_lund_roi_full_500_750_FullAuto_aniso_control,fixed_isotropic,500.0,fixed,mean,identity,2.0,5.3969,0.405917,0.0047,15.6,9306.1
ablation_lund_roi_full_500_750_FullAuto_aniso_control,fixed_isotropic,750.0,fixed,mean,identity,2.0,5.0091,0.407098,0.0049,23.4,6204.1
ablation_lund_roi_full_500_750_FullAuto_aniso_control,full_anisotropic,500.0,free,free,train,,24.2221,0.046123,0.3786,15.6,9306.1
ablation_lund_roi_full_500_750_FullAuto_aniso_control,full_anisotropic,750.0,free,free,train,,24.5571,0.044612,0.3849,23.4,6204.1
ablation_lund_roi_full_500_750_FullAuto_aniso_control,learned_isotropic,500.0,isotropic,mean,identity,,22.6183,0.054422,0.3538,15.6,9306.1
ablation_lund_roi_full_500_750_FullAuto_aniso_control,learned_isotropic,750.0,isotropic,mean,identity,,23.2665,0.050767,0.3616,23.4,6204.1
ablation_lund_roi_full_500_750_FullAuto_MIP,full_anisotropic,500.0,free,free,train,,25.6164,0.040005,0.416,15.6,9306.1
ablation_lund_roi_full_500_750_mixed_ratio_cap_50kvoxel_3kiter,axis_aligned_anisotropic,500.0,free,free,identity,,23.5597,0.049735,0.3735,15.6,9306.1
ablation_lund_roi_full_500_750_mixed_ratio_cap_50kvoxel_3kiter,axis_aligned_anisotropic,750.0,free,free,identity,,24.666,0.044969,0.3886,23.4,6204.1
ablation_lund_roi_full_500_750_mixed_ratio_cap_50kvoxel_3kiter,fixed_isotropic,500.0,fixed,mean,identity,,17.9826,0.100813,0.2572,15.6,9306.1
ablation_lund_roi_full_500_750_mixed_ratio_cap_50kvoxel_3kiter,fixed_isotropic,750.0,fixed,mean,identity,,19.6903,0.082938,0.2895,23.4,6204.1
ablation_lund_roi_full_500_750_mixed_ratio_cap_50kvoxel_3kiter,full_anisotropic,500.0,free,free,train,,23.9286,0.047629,0.3773,15.6,9306.1
ablation_lund_roi_full_500_750_mixed_ratio_cap_50kvoxel_3kiter,full_anisotropic,750.0,free,free,train,,24.8815,0.043965,0.392,23.4,6204.1
ablation_lund_roi_full_500_750_mixed_ratio_cap_50kvoxel_3kiter,learned_isotropic,500.0,isotropic,mean,identity,,22.2963,0.056952,0.3506,15.6,9306.1
ablation_lund_roi_full_500_750_mixed_ratio_cap_50kvoxel_3kiter,learned_isotropic,750.0,isotropic,mean,identity,,23.2624,0.051802,0.3609,23.4,6204.1
ablation_lund_roi_full_500_750_mixed_sampling_auto_mip_loss_50kVoxel_3kiter,axis_aligned_anisotropic,500.0,free,free,identity,,25.102,0.042766,0.4071,15.6,9306.1
ablation_lund_roi_full_500_750_mixed_sampling_auto_mip_loss_50kVoxel_3kiter,axis_aligned_anisotropic,750.0,free,free,identity,,25.5653,0.040914,0.4151,23.4,6204.1
ablation_lund_roi_full_500_750_mixed_sampling_auto_mip_loss_50kVoxel_3kiter,fixed_isotropic,500.0,fixed,mean,identity,,17.9816,0.100943,0.2574,15.6,9306.1
ablation_lund_roi_full_500_750_mixed_sampling_auto_mip_loss_50kVoxel_3kiter,fixed_isotropic,750.0,fixed,mean,identity,,19.6645,0.083306,0.289,23.4,6204.1
ablation_lund_roi_full_500_750_mixed_sampling_auto_mip_loss_50kVoxel_3kiter,full_anisotropic,500.0,free,free,train,,25.4494,0.04115,0.414,15.6,9306.1
ablation_lund_roi_full_500_750_mixed_sampling_auto_mip_loss_50kVoxel_3kiter,full_anisotropic,750.0,free,free,train,,25.7582,0.040107,0.4196,23.4,6204.1
ablation_lund_roi_full_500_750_mixed_sampling_auto_mip_loss_50kVoxel_3kiter,learned_isotropic,500.0,isotropic,mean,identity,,22.21,0.058082,0.3475,15.6,9306.1
ablation_lund_roi_full_500_750_mixed_sampling_auto_mip_loss_50kVoxel_3kiter,learned_isotropic,750.0,isotropic,mean,identity,,23.1852,0.052638,0.3587,23.4,6204.1
ablation_lund_roi_full_750_1000_mixed_sampling_50kVox_3kiter,axis_aligned_anisotropic,1000.0,free,free,identity,,25.4832,0.040652,0.4156,31.2,4653.1
ablation_lund_roi_full_750_1000_mixed_sampling_50kVox_3kiter,axis_aligned_anisotropic,750.0,free,free,identity,,25.6228,0.040405,0.4151,23.4,6204.1
ablation_lund_roi_full_750_1000_mixed_sampling_50kVox_3kiter,fixed_isotropic,1000.0,fixed,mean,identity,,20.0523,0.078531,0.2999,31.2,4653.1
ablation_lund_roi_full_750_1000_mixed_sampling_50kVox_3kiter,fixed_isotropic,750.0,fixed,mean,identity,,19.6903,0.082938,0.2895,23.4,6204.1
ablation_lund_roi_full_750_1000_mixed_sampling_50kVox_3kiter,full_anisotropic,1000.0,free,free,train,,25.5711,0.040083,0.4185,31.2,4653.1
ablation_lund_roi_full_750_1000_mixed_sampling_50kVox_3kiter,full_anisotropic,750.0,free,free,train,,25.8513,0.039402,0.4218,23.4,6204.1
ablation_lund_roi_full_750_1000_mixed_sampling_50kVox_3kiter,learned_isotropic,1000.0,isotropic,mean,identity,,23.4465,0.050533,0.3642,31.2,4653.1
ablation_lund_roi_full_750_1000_mixed_sampling_50kVox_3kiter,learned_isotropic,750.0,isotropic,mean,identity,,23.2624,0.051802,0.3609,23.4,6204.1
ablation_lund_roi_full_750_1000_PeakPlusSupport_Auto_LocalComponent_Amp_MinD12_50kVox_3kiter,axis_aligned_anisotropic,1000.0,free,free,identity,,25.3523,0.040452,0.4161,31.2,4653.1
ablation_lund_roi_full_750_1000_PeakPlusSupport_Auto_LocalComponent_Amp_MinD12_50kVox_3kiter,axis_aligned_anisotropic,750.0,free,free,identity,,25.6482,0.039973,0.4156,23.4,6204.1
ablation_lund_roi_full_750_1000_PeakPlusSupport_Auto_LocalComponent_Amp_MinD12_50kVox_3kiter,fixed_isotropic,1000.0,fixed,mean,identity,,19.7728,0.080109,0.2988,31.2,4653.1
ablation_lund_roi_full_750_1000_PeakPlusSupport_Auto_LocalComponent_Amp_MinD12_50kVox_3kiter,fixed_isotropic,750.0,fixed,mean,identity,,19.5624,0.08368,0.2878,23.4,6204.1
ablation_lund_roi_full_750_1000_PeakPlusSupport_Auto_LocalComponent_Amp_MinD12_50kVox_3kiter,full_anisotropic,1000.0,free,free,train,,25.4319,0.039638,0.4209,31.2,4653.1
ablation_lund_roi_full_750_1000_PeakPlusSupport_Auto_LocalComponent_Amp_MinD12_50kVox_3kiter,full_anisotropic,750.0,free,free,train,,25.9251,0.038823,0.4236,23.4,6204.1
ablation_lund_roi_full_750_1000_PeakPlusSupport_Auto_LocalComponent_Amp_MinD12_50kVox_3kiter,learned_isotropic,1000.0,isotropic,mean,identity,,23.3912,0.049902,0.3662,31.2,4653.1
ablation_lund_roi_full_750_1000_PeakPlusSupport_Auto_LocalComponent_Amp_MinD12_50kVox_3kiter,learned_isotropic,750.0,isotropic,mean,identity,,23.3637,0.050534,0.3637,23.4,6204.1
ablation_lund_roi_full_750_mixed_auto_mip_ratio6_from_start,full_anisotropic,750.0,free,free,train,,25.1909,0.042823,0.4004,23.4,6204.1
ablation_lund_roi_full_AdaptiveCellBudget_gpc115,axis_aligned_anisotropic,1154.0,free,free,identity,,24.0791,0.044514,0.39,36.1,4032.1
ablation_lund_roi_full_AdaptiveCellBudget_gpc115,axis_aligned_anisotropic,1443.0,free,free,identity,,22.5143,0.044309,0.3941,45.1,3224.6
ablation_lund_roi_full_AdaptiveCellBudget_gpc115,axis_aligned_anisotropic,1804.0,free,free,identity,,21.5431,0.045453,0.3936,56.4,2579.3
ablation_lund_roi_full_AdaptiveCellBudget_gpc115,axis_aligned_anisotropic,301.0,free,free,identity,,22.4891,0.053837,0.3553,9.4,15458.7
ablation_lund_roi_full_AdaptiveCellBudget_gpc115,axis_aligned_anisotropic,377.0,free,free,identity,,23.2953,0.049866,0.3665,11.8,12342.3
ablation_lund_roi_full_AdaptiveCellBudget_gpc115,axis_aligned_anisotropic,472.0,free,free,identity,,23.9257,0.0474,0.3748,14.8,9858.2
ablation_lund_roi_full_AdaptiveCellBudget_gpc115,axis_aligned_anisotropic,738.0,free,free,identity,,24.3006,0.045864,0.3809,23.1,6305.0
ablation_lund_roi_full_AdaptiveCellBudget_gpc115,axis_aligned_anisotropic,923.0,free,free,identity,,24.5973,0.044387,0.3864,28.8,5041.2
ablation_lund_roi_full_AdaptiveCellBudget_gpc115,fixed_isotropic,301.0,fixed,mean,identity,2.0,5.6511,0.405683,0.0038,9.4,15458.7
ablation_lund_roi_full_AdaptiveCellBudget_gpc115,full_anisotropic,301.0,free,free,train,,22.8559,0.051634,0.3605,9.4,15458.7
ablation_lund_roi_full_AdaptiveCellBudget_gpc115,full_anisotropic,377.0,free,free,train,,23.5715,0.048539,0.3703,11.8,12342.3
ablation_lund_roi_full_AdaptiveCellBudget_gpc115,full_anisotropic,472.0,free,free,train,,24.1406,0.046402,0.3777,14.8,9858.2
ablation_lund_roi_full_AdaptiveCellBudget_gpc115,full_anisotropic,590.0,free,free,train,,24.4621,0.044999,0.3833,18.4,7886.5
ablation_lund_roi_full_AdaptiveCellBudget_gpc115,full_anisotropic,738.0,free,free,train,,24.5364,0.044706,0.3845,23.1,6305.0
ablation_lund_roi_full_AdaptiveCellBudget_gpc115,learned_isotropic,1804.0,isotropic,mean,identity,,21.268,0.048743,0.3751,56.4,2579.3
ablation_lund_roi_full_AdaptiveCellBudget_gpc115,learned_isotropic,2255.0,isotropic,mean,identity,,19.6354,0.052448,0.3712,70.5,2063.4
ablation_lund_roi_full_AdaptiveCellBudget_gpc115,learned_isotropic,301.0,isotropic,mean,identity,,21.6484,0.05971,0.3419,9.4,15458.7
ablation_lund_roi_full_AdaptiveCellBudget_gpc115,learned_isotropic,377.0,isotropic,mean,identity,,22.1497,0.056932,0.3491,11.8,12342.3
ablation_lund_roi_full_AdaptiveCellBudget_gpc115,learned_isotropic,472.0,isotropic,mean,identity,,22.5916,0.054694,0.3535,14.8,9858.2
ablation_lund_roi_full_CellAwareAuto,axis_aligned_anisotropic,275.0,free,free,identity,,22.2061,0.055444,0.3511,8.6,16920.2
ablation_lund_roi_full_CellAwareAuto,axis_aligned_anisotropic,371.0,free,free,identity,,23.2865,0.04989,0.3662,11.6,12541.9
ablation_lund_roi_full_CellAwareAuto,fixed_isotropic,275.0,fixed,mean,identity,2.0,5.8506,0.405432,0.0037,8.6,16920.2
ablation_lund_roi_full_CellAwareAuto,fixed_isotropic,371.0,fixed,mean,identity,2.0,5.4263,0.406358,0.0041,11.6,12541.9
ablation_lund_roi_full_CellAwareAuto,full_anisotropic,275.0,free,free,train,,22.7346,0.052285,0.3583,8.6,16920.2
ablation_lund_roi_full_CellAwareAuto,full_anisotropic,371.0,free,free,train,,23.518,0.04871,0.3693,11.6,12541.9
ablation_lund_roi_full_CellAwareAuto,learned_isotropic,275.0,isotropic,mean,identity,,21.4758,0.060791,0.3397,8.6,16920.2
ablation_lund_roi_full_CellAwareAuto,learned_isotropic,371.0,isotropic,mean,identity,,22.1336,0.056781,0.3491,11.6,12541.9
ablation_synthetic_(50-100),axis_aligned_anisotropic,100.0,free,free,identity,,42.8215,0.001162,0.9878,3.1,1310.7
ablation_synthetic_(50-100),axis_aligned_anisotropic,50.0,free,free,identity,,29.2856,0.006949,0.8904,1.6,2621.4
ablation_synthetic_(50-100),fixed_isotropic,100.0,fixed,mean,identity,2.0,27.598,0.01332,0.7788,3.1,1310.7
ablation_synthetic_(50-100),fixed_isotropic,50.0,fixed,mean,identity,2.0,25.4867,0.01604,0.741,1.6,2621.4
ablation_synthetic_(50-100),full_anisotropic,100.0,free,free,train,,38.9645,0.002364,0.9727,3.1,1310.7
ablation_synthetic_(50-100),full_anisotropic,50.0,free,free,train,,29.5688,0.007458,0.8859,1.6,2621.4
ablation_synthetic_(50-100),learned_isotropic,100.0,isotropic,mean,identity,,37.6503,0.003924,0.9585,3.1,1310.7
ablation_synthetic_(50-100),learned_isotropic,50.0,isotropic,mean,identity,,28.5905,0.009295,0.8617,1.6,2621.4
ablation_synthetic_(50-100)_newAMP,axis_aligned_anisotropic,100.0,free,free,identity,,37.3219,0.002602,0.9647,3.1,1310.7
ablation_synthetic_(50-100)_newAMP,axis_aligned_anisotropic,50.0,free,free,identity,,28.8511,0.007869,0.8746,1.6,2621.4
ablation_synthetic_(50-100)_newAMP,fixed_isotropic,100.0,fixed,mean,identity,2.0,27.4274,0.013592,0.7738,3.1,1310.7
ablation_synthetic_(50-100)_newAMP,fixed_isotropic,50.0,fixed,mean,identity,2.0,25.3207,0.016221,0.739,1.6,2621.4
ablation_synthetic_(50-100)_newAMP,full_anisotropic,100.0,free,free,train,,39.1393,0.002383,0.9742,3.1,1310.7
ablation_synthetic_(50-100)_newAMP,full_anisotropic,50.0,free,free,train,,29.0238,0.007584,0.887,1.6,2621.4
ablation_synthetic_(50-100)_newAMP,learned_isotropic,100.0,isotropic,mean,identity,,33.9744,0.005877,0.918,3.1,1310.7
ablation_synthetic_(50-100)_newAMP,learned_isotropic,50.0,isotropic,mean,identity,,28.3558,0.009697,0.8534,1.6,2621.4
ablation_synthetic_(50-100)_PeakLocMax,axis_aligned_anisotropic,100.0,free,free,identity,,53.0543,0.00038,0.9987,3.1,1310.7
ablation_synthetic_(50-100)_PeakLocMax,axis_aligned_anisotropic,50.0,free,free,identity,,46.0342,0.000633,0.9956,1.6,2621.4
ablation_synthetic_(50-100)_PeakLocMax,fixed_isotropic,100.0,fixed,mean,identity,2.0,28.2324,0.012597,0.7947,3.1,1310.7
ablation_synthetic_(50-100)_PeakLocMax,fixed_isotropic,50.0,fixed,mean,identity,2.0,26.8041,0.01475,0.7591,1.6,2621.4
ablation_synthetic_(50-100)_PeakLocMax,full_anisotropic,100.0,free,free,train,,50.6804,0.000589,0.9979,3.1,1310.7
ablation_synthetic_(50-100)_PeakLocMax,full_anisotropic,50.0,free,free,train,,48.0141,0.000601,0.9963,1.6,2621.4
ablation_synthetic_(50-100)_PeakLocMax,learned_isotropic,100.0,isotropic,mean,identity,,38.6139,0.003712,0.9666,3.1,1310.7
ablation_synthetic_(50-100)_PeakLocMax,learned_isotropic,50.0,isotropic,mean,identity,,36.4723,0.004852,0.9509,1.6,2621.4
ablation_synthetic_(50-100)_PeakLocMax_3kiter,axis_aligned_anisotropic,100.0,free,free,identity,,54.1514,0.000196,0.9993,3.1,1310.7
ablation_synthetic_(50-100)_PeakLocMax_3kiter,axis_aligned_anisotropic,50.0,free,free,identity,,46.1741,0.000617,0.9957,1.6,2621.4
ablation_synthetic_(50-100)_PeakLocMax_3kiter,fixed_isotropic,100.0,fixed,mean,identity,2.0,28.2679,0.012581,0.795,3.1,1310.7
ablation_synthetic_(50-100)_PeakLocMax_3kiter,fixed_isotropic,50.0,fixed,mean,identity,2.0,26.802,0.014754,0.7594,1.6,2621.4
ablation_synthetic_(50-100)_PeakLocMax_3kiter,full_anisotropic,100.0,free,free,train,,55.1204,0.000214,0.9994,3.1,1310.7
ablation_synthetic_(50-100)_PeakLocMax_3kiter,full_anisotropic,50.0,free,free,train,,48.3549,0.000519,0.9966,1.6,2621.4
ablation_synthetic_(50-100)_PeakLocMax_3kiter,learned_isotropic,100.0,isotropic,mean,identity,,38.9308,0.00355,0.9684,3.1,1310.7
ablation_synthetic_(50-100)_PeakLocMax_3kiter,learned_isotropic,50.0,isotropic,mean,identity,,36.4245,0.004891,0.9507,1.6,2621.4
ablation_synthetic_(50-100)_PeakLocMax_AMP,axis_aligned_anisotropic,100.0,free,free,identity,,46.7246,0.000847,0.9962,3.1,1310.7
ablation_synthetic_(50-100)_PeakLocMax_AMP,axis_aligned_anisotropic,50.0,free,free,identity,,41.2944,0.000992,0.9898,1.6,2621.4
ablation_synthetic_(50-100)_PeakLocMax_AMP,fixed_isotropic,100.0,fixed,mean,identity,2.0,28.1685,0.012679,0.7938,3.1,1310.7
ablation_synthetic_(50-100)_PeakLocMax_AMP,fixed_isotropic,50.0,fixed,mean,identity,2.0,26.8022,0.014753,0.7591,1.6,2621.4
ablation_synthetic_(50-100)_PeakLocMax_AMP,full_anisotropic,100.0,free,free,train,,47.2846,0.000856,0.9966,3.1,1310.7
ablation_synthetic_(50-100)_PeakLocMax_AMP,full_anisotropic,50.0,free,free,train,,41.8435,0.000926,0.9906,1.6,2621.4
ablation_synthetic_(50-100)_PeakLocMax_AMP,learned_isotropic,100.0,isotropic,mean,identity,,38.1154,0.004022,0.9629,3.1,1310.7
ablation_synthetic_(50-100)_PeakLocMax_AMP,learned_isotropic,50.0,isotropic,mean,identity,,35.656,0.005062,0.9459,1.6,2621.4
ablation_synthetic_(50-100)_PeakLocMax_LocalComponent_mxscale12_Amp_MinD12,axis_aligned_anisotropic,100.0,free,free,identity,,45.096,0.001046,0.9893,3.1,1310.7
ablation_synthetic_(50-100)_PeakLocMax_LocalComponent_mxscale12_Amp_MinD12,axis_aligned_anisotropic,50.0,free,free,identity,,33.5905,0.004954,0.9038,1.6,2621.4
ablation_synthetic_(50-100)_PeakLocMax_LocalComponent_mxscale12_Amp_MinD12,fixed_isotropic,100.0,fixed,mean,identity,,32.8593,0.00869,0.8649,3.1,1310.7
ablation_synthetic_(50-100)_PeakLocMax_LocalComponent_mxscale12_Amp_MinD12,fixed_isotropic,50.0,fixed,mean,identity,,30.6559,0.009309,0.8629,1.6,2621.4
ablation_synthetic_(50-100)_PeakLocMax_LocalComponent_mxscale12_Amp_MinD12,full_anisotropic,100.0,free,free,train,,41.2968,0.001902,0.9783,3.1,1310.7
ablation_synthetic_(50-100)_PeakLocMax_LocalComponent_mxscale12_Amp_MinD12,full_anisotropic,50.0,free,free,train,,34.1148,0.004486,0.9357,1.6,2621.4
ablation_synthetic_(50-100)_PeakLocMax_LocalComponent_mxscale12_Amp_MinD12,learned_isotropic,100.0,isotropic,mean,identity,,36.7184,0.004427,0.9542,3.1,1310.7
ablation_synthetic_(50-100)_PeakLocMax_LocalComponent_mxscale12_Amp_MinD12,learned_isotropic,50.0,isotropic,mean,identity,,31.4962,0.007376,0.8999,1.6,2621.4
ablation_synthetic_(50-100)_PeakLocMax_scaleLocMomnt,axis_aligned_anisotropic,100.0,free,free,identity,,47.1102,0.000645,0.9971,3.1,1310.7
ablation_synthetic_(50-100)_PeakLocMax_scaleLocMomnt,axis_aligned_anisotropic,50.0,free,free,identity,,45.9703,0.000647,0.9955,1.6,2621.4
ablation_synthetic_(50-100)_PeakLocMax_scaleLocMomnt,fixed_isotropic,100.0,fixed,mean,identity,2.0,28.2324,0.012597,0.7947,3.1,1310.7
ablation_synthetic_(50-100)_PeakLocMax_scaleLocMomnt,fixed_isotropic,50.0,fixed,mean,identity,2.0,26.8041,0.01475,0.7591,1.6,2621.4
ablation_synthetic_(50-100)_PeakLocMax_scaleLocMomnt,full_anisotropic,100.0,free,free,train,,49.1375,0.000742,0.9972,3.1,1310.7
ablation_synthetic_(50-100)_PeakLocMax_scaleLocMomnt,full_anisotropic,50.0,free,free,train,,47.6386,0.000673,0.9958,1.6,2621.4
ablation_synthetic_(50-100)_PeakLocMax_scaleLocMomnt,learned_isotropic,100.0,isotropic,mean,identity,,38.593,0.003725,0.9664,3.1,1310.7
ablation_synthetic_(50-100)_PeakLocMax_scaleLocMomnt,learned_isotropic,50.0,isotropic,mean,identity,,36.4723,0.004852,0.9509,1.6,2621.4
ablation_synthetic_(50-100)_PeakPlusSupport_Auto,axis_aligned_anisotropic,100.0,free,free,identity,,53.8185,0.000323,0.999,3.1,1310.7
ablation_synthetic_(50-100)_PeakPlusSupport_Auto,axis_aligned_anisotropic,50.0,free,free,identity,,46.1305,0.000591,0.996,1.6,2621.4
ablation_synthetic_(50-100)_PeakPlusSupport_Auto,fixed_isotropic,100.0,fixed,mean,identity,,33.846,0.008371,0.8705,3.1,1310.7
ablation_synthetic_(50-100)_PeakPlusSupport_Auto,fixed_isotropic,50.0,fixed,mean,identity,,32.8325,0.008612,0.8766,1.6,2621.4
ablation_synthetic_(50-100)_PeakPlusSupport_Auto,full_anisotropic,100.0,free,free,train,,48.9205,0.000638,0.9973,3.1,1310.7
ablation_synthetic_(50-100)_PeakPlusSupport_Auto,full_anisotropic,50.0,free,free,train,,48.1044,0.000584,0.9968,1.6,2621.4
ablation_synthetic_(50-100)_PeakPlusSupport_Auto,learned_isotropic,100.0,isotropic,mean,identity,,37.6555,0.00426,0.9597,3.1,1310.7
ablation_synthetic_(50-100)_PeakPlusSupport_Auto,learned_isotropic,50.0,isotropic,mean,identity,,36.4413,0.004948,0.9494,1.6,2621.4
ablation_synthetic_(50-100)_random,axis_aligned_anisotropic,100.0,free,free,identity,,31.5026,0.005714,0.9157,3.1,1310.7
ablation_synthetic_(50-100)_random,axis_aligned_anisotropic,50.0,free,free,identity,,27.2485,0.011864,0.7948,1.6,2621.4
ablation_synthetic_(50-100)_random,fixed_isotropic,100.0,fixed,mean,identity,2.0,25.9042,0.015354,0.755,3.1,1310.7
ablation_synthetic_(50-100)_random,fixed_isotropic,50.0,fixed,mean,identity,2.0,24.7215,0.017227,0.7298,1.6,2621.4
ablation_synthetic_(50-100)_random,full_anisotropic,100.0,free,free,train,,31.9679,0.006135,0.9192,3.1,1310.7
ablation_synthetic_(50-100)_random,full_anisotropic,50.0,free,free,train,,27.5063,0.011666,0.8069,1.6,2621.4
ablation_synthetic_(50-100)_random,learned_isotropic,100.0,isotropic,mean,identity,,29.7553,0.008656,0.88,3.1,1310.7
ablation_synthetic_(50-100)_random,learned_isotropic,50.0,isotropic,mean,identity,,26.8931,0.01369,0.7664,1.6,2621.4
ablation_synthetic_(50-100)_random_5kiter,axis_aligned_anisotropic,100.0,free,free,identity,,33.6492,0.002896,0.9596,3.1,1310.7
ablation_synthetic_(50-100)_random_5kiter,axis_aligned_anisotropic,50.0,free,free,identity,,28.0977,0.010252,0.8179,1.6,2621.4
ablation_synthetic_(50-100)_random_5kiter,fixed_isotropic,100.0,fixed,mean,identity,2.0,26.5772,0.014588,0.7639,3.1,1310.7
ablation_synthetic_(50-100)_random_5kiter,fixed_isotropic,50.0,fixed,mean,identity,2.0,25.1143,0.01676,0.7333,1.6,2621.4
ablation_synthetic_(50-100)_random_5kiter,full_anisotropic,100.0,free,free,train,,33.6087,0.003579,0.9554,3.1,1310.7
ablation_synthetic_(50-100)_random_5kiter,full_anisotropic,50.0,free,free,train,,28.361,0.010769,0.828,1.6,2621.4
ablation_synthetic_(50-100)_random_5kiter,learned_isotropic,100.0,isotropic,mean,identity,,31.5397,0.006773,0.9129,3.1,1310.7
ablation_synthetic_(50-100)_random_5kiter,learned_isotropic,50.0,isotropic,mean,identity,,27.1483,0.013435,0.7696,1.6,2621.4
ablation_synthetic_50_100_FullAuto,axis_aligned_anisotropic,100.0,free,free,identity,,42.2526,0.00118,0.9891,3.1,1310.7
ablation_synthetic_50_100_FullAuto,axis_aligned_anisotropic,50.0,free,free,identity,,35.8677,0.002628,0.9632,1.6,2621.4
ablation_synthetic_50_100_FullAuto,fixed_isotropic,100.0,fixed,mean,identity,2.0,28.0507,0.012852,0.7891,3.1,1310.7
ablation_synthetic_50_100_FullAuto,fixed_isotropic,50.0,fixed,mean,identity,2.0,26.5317,0.014975,0.7547,1.6,2621.4
ablation_synthetic_50_100_FullAuto,full_anisotropic,100.0,free,free,train,,39.0445,0.002347,0.9744,3.1,1310.7
ablation_synthetic_50_100_FullAuto,full_anisotropic,50.0,free,free,train,,35.2893,0.003612,0.9477,1.6,2621.4
ablation_synthetic_50_100_FullAuto,learned_isotropic,100.0,isotropic,mean,identity,,35.8505,0.004918,0.9465,3.1,1310.7
ablation_synthetic_50_100_FullAuto,learned_isotropic,50.0,isotropic,mean,identity,,32.5921,0.007337,0.8887,1.6,2621.4
densify_ablation,axis_aligned_anisotropic,,free,free,identity,,23.8971,0.049326,0.3279,1.0,4228.1
densify_ablation,fixed_isotropic,,fixed,mean,identity,2.0,4.2437,0.593892,0.019,6.3,652.1
densify_ablation,full_anisotropic,,free,free,train,,24.253,0.048006,0.3413,1.0,4228.1
densify_ablation,learned_isotropic,,isotropic,mean,identity,,20.4062,0.071131,0.2361,1.5,2730.7
densify_lund_roi_no_Gcap_3k_iter,axis_aligned_anisotropic,,free,free,identity,,24.2753,0.047712,0.3392,2.1,1927.5
densify_lund_roi_no_Gcap_3k_iter,fixed_isotropic,,fixed,mean,identity,2.0,3.9834,0.616022,0.0068,2.1,1927.5
densify_lund_roi_no_Gcap_3k_iter,full_anisotropic,,free,free,train,,24.5876,0.0465,0.3476,2.1,1927.5
densify_lund_roi_no_Gcap_3k_iter,learned_isotropic,,isotropic,mean,identity,,20.9242,0.0664,0.2483,2.1,1927.5
densify_lund_roi_no_Gcap_3k_iter_Plat,axis_aligned_anisotropic,,free,free,identity,,24.0103,0.048549,0.3337,1.2,3542.5
densify_lund_roi_no_Gcap_3k_iter_Plat,fixed_isotropic,,fixed,mean,identity,2.0,4.2146,0.595445,0.0151,6.3,652.1
densify_lund_roi_no_Gcap_3k_iter_Plat,full_anisotropic,,free,free,train,,24.3549,0.047433,0.3452,1.6,2520.6
densify_lund_roi_no_Gcap_3k_iter_Plat,learned_isotropic,,isotropic,mean,identity,,20.8454,0.067499,0.2472,1.8,2299.5
densify_lund_roi_no_Gcap_3k_iter_Plat_inherit,axis_aligned_anisotropic,,free,free,identity,,24.0103,0.048549,0.3337,1.2,3542.5
densify_lund_roi_no_Gcap_3k_iter_Plat_inherit,fixed_isotropic,,fixed,mean,identity,2.0,4.2146,0.595445,0.0151,6.3,652.1
densify_lund_roi_no_Gcap_3k_iter_Plat_inherit,full_anisotropic,,free,free,train,,24.3329,0.04755,0.3439,1.5,2730.7
densify_lund_roi_no_Gcap_3k_iter_Plat_inherit,learned_isotropic,,isotropic,mean,identity,,20.8454,0.067499,0.2472,1.8,2299.5
densify_lund_roi_no_Gcap_3k_iter_Plat_inherit_newAMP,axis_aligned_anisotropic,,free,free,identity,,23.6283,0.050226,0.326,1.1,3855.1
densify_lund_roi_no_Gcap_3k_iter_Plat_inherit_newAMP,fixed_isotropic,,fixed,mean,identity,2.0,4.2146,0.595365,0.0145,6.3,652.1
densify_lund_roi_no_Gcap_3k_iter_Plat_inherit_newAMP,full_anisotropic,,free,free,train,,24.1718,0.048078,0.341,1.2,3542.5
densify_lund_roi_no_Gcap_3k_iter_Plat_inherit_newAMP,learned_isotropic,,isotropic,mean,identity,,19.9553,0.074329,0.2255,1.5,2730.7
densify_lund_roi_no_Gcap_3k_iter_Plat_inherit_newAMP_VOX,axis_aligned_anisotropic,,free,free,identity,,23.9369,0.049139,0.3296,0.9,4519.7
densify_lund_roi_no_Gcap_3k_iter_Plat_inherit_newAMP_VOX,fixed_isotropic,,fixed,mean,identity,2.0,4.2392,0.594093,0.0177,6.3,652.1
densify_lund_roi_no_Gcap_3k_iter_Plat_inherit_newAMP_VOX,full_anisotropic,,free,free,train,,24.2817,0.047797,0.3431,1.1,3855.1
densify_lund_roi_no_Gcap_3k_iter_Plat_inherit_newAMP_VOX,learned_isotropic,,isotropic,mean,identity,,20.5481,0.069984,0.2401,1.6,2520.6
densify_lund_roi_no_Gcap_3k_iter_Plat_inherit_newAMP_VOX2k,axis_aligned_anisotropic,,free,free,identity,,23.5068,0.05094,0.3264,1.1,3855.1
densify_lund_roi_no_Gcap_3k_iter_Plat_inherit_newAMP_VOX2k,fixed_isotropic,,fixed,mean,identity,2.0,4.1879,0.597209,0.0126,6.3,652.1
densify_lund_roi_no_Gcap_3k_iter_Plat_inherit_newAMP_VOX2k,full_anisotropic,,free,free,train,,23.9396,0.049316,0.3344,1.2,3276.8
densify_lund_roi_no_Gcap_3k_iter_Plat_inherit_newAMP_VOX2k,learned_isotropic,,isotropic,mean,identity,,19.922,0.074466,0.2249,1.6,2520.6
densify_lund_roi_no_Gcap_3k_iter_Plat_inherit_VOX10k,axis_aligned_anisotropic,,free,free,identity,,24.5689,0.046745,0.3471,4.2,985.5
densify_lund_roi_no_Gcap_3k_iter_Plat_inherit_VOX10k,axis_aligned_anisotropic,,free,free,identity,,24.2182,0.048267,0.3389,2.5,1659.1
densify_lund_roi_no_Gcap_3k_iter_Plat_inherit_VOX10k,fixed_isotropic,,fixed,mean,identity,2.0,4.8125,0.547581,0.0398,15.4,265.9
densify_lund_roi_no_Gcap_3k_iter_Plat_inherit_VOX10k,fixed_isotropic,,fixed,mean,identity,2.0,4.5695,0.566195,0.0312,11.8,347.7
densify_lund_roi_no_Gcap_3k_iter_Plat_inherit_VOX10k,full_anisotropic,,free,free,train,,24.8604,0.045261,0.3559,5.0,819.2
densify_lund_roi_no_Gcap_3k_iter_Plat_inherit_VOX10k,full_anisotropic,,free,free,train,,24.5921,0.046597,0.3497,2.7,1524.1
densify_lund_roi_no_Gcap_3k_iter_Plat_inherit_VOX10k,learned_isotropic,,isotropic,mean,identity,,22.134,0.058744,0.2672,5.5,744.7
densify_lund_roi_no_Gcap_3k_iter_Plat_inherit_VOX10k,learned_isotropic,,isotropic,mean,identity,,21.2655,0.064217,0.2493,2.2,1820.4
densify_lund_roi_no_Gcap_5k_iter_Plat_inherit,axis_aligned_anisotropic,,free,free,identity,,24.8332,0.045416,0.3527,4.0,1032.1
densify_lund_roi_no_Gcap_5k_iter_Plat_inherit,fixed_isotropic,,fixed,mean,identity,2.0,5.4733,0.493513,0.0513,28.4,144.2
densify_lund_roi_no_Gcap_5k_iter_Plat_inherit,full_anisotropic,,free,free,train,,24.8944,0.04515,0.3597,5.2,784.9
densify_lund_roi_no_Gcap_5k_iter_Plat_inherit,learned_isotropic,,isotropic,mean,identity,,22.5754,0.056736,0.2832,4.3,943.0
densify_synthetic_no_cap,axis_aligned_anisotropic,,free,free,identity,,26.3671,0.012496,0.7986,1.1,3855.1
densify_synthetic_no_cap,fixed_isotropic,,fixed,mean,identity,2.0,24.7015,0.017206,0.7263,1.1,3855.1
densify_synthetic_no_cap,full_anisotropic,,free,free,train,,26.4637,0.012487,0.8033,1.1,3855.1
densify_synthetic_no_cap,learned_isotropic,,isotropic,mean,identity,,26.092,0.016353,0.6913,1.1,3855.1
densify_synthetic_no_cap_3k_iter,axis_aligned_anisotropic,,free,free,identity,,28.1902,0.01089,0.7562,2.1,1927.5
densify_synthetic_no_cap_3k_iter,fixed_isotropic,,fixed,mean,identity,2.0,25.4307,0.015323,0.7556,2.1,1927.5
densify_synthetic_no_cap_3k_iter,full_anisotropic,,free,free,train,,28.0613,0.010373,0.8275,2.1,1927.5
densify_synthetic_no_cap_3k_iter,learned_isotropic,,isotropic,mean,identity,,27.6902,0.01443,0.6606,2.1,1927.5
