region,loss,seed,S_A,S_B,recall,precision,f1,K_object,K_support,scale_kept,scale_lost,scale_keptB,scale_lostB,scale_median,psnr_nucleus,psnr_background,psnr_global,val_psnr,experiment,git_commit,git_dirty,metrics_fingerprint,timestamp,python,cfg_loss_mode,cfg_seed,cfg_region,cfg_k,cfg_iters,cfg_init,cfg_parameterization,cfg_init_scale,cfg_lr_position
z0y528x144,mse,0,0.7619047619047619,0.4444444444444444,0.6666666666666666,0.6451612903225806,0.6557377049180327,31,219,9.246162414550781,12.414194107055664,11.904839515686035,12.020160675048828,9.143264770507812,24.119183636375546,24.51013483392485,24.489991705178582,24.463393160637228,loss_weighting,e0f6063,True,0e1028ce85fc,2026-08-27T18:19:21,3.11.9,mse,0,z0y528x144,250,3000,coverage,full,2.0,0.0016
z0y528x144,mse,1,0.6666666666666666,0.1111111111111111,0.5,0.6,0.5454545454545454,30,220,7.632615089416504,11.500061988830566,7.110492706298828,10.588993072509766,9.047317504882812,24.041229121680374,24.484158601074032,24.461206147064477,24.43986966470538,loss_weighting,e0f6063,True,0e1028ce85fc,2026-08-27T18:26:36,3.11.9,mse,1,z0y528x144,250,3000,coverage,full,2.0,0.0016
z0y528x144,mse,2,0.6666666666666666,0.5555555555555556,0.6333333333333333,0.6785714285714286,0.6551724137931035,32,218,8.505340576171875,12.963933944702148,7.405508518218994,11.24793529510498,9.233394622802734,23.929465234221837,24.51704969709278,24.486108064332793,24.462625984226406,loss_weighting,e0f6063,True,0e1028ce85fc,2026-08-27T18:34:37,3.11.9,mse,2,z0y528x144,250,3000,coverage,full,2.0,0.0016
z0y528x144,log,0,0.7142857142857143,0.6666666666666666,0.7,0.5833333333333334,0.6363636363636365,31,219,8.504077911376953,10.315765380859375,10.264666557312012,11.927018165588379,7.8546857833862305,23.239916455658825,24.175511094131355,24.124289344317035,24.106486692706156,loss_weighting,e0f6063,True,0e1028ce85fc,2026-08-27T18:40:13,3.11.9,log,0,z0y528x144,250,3000,coverage,full,2.0,0.0016
z0y528x144,log,1,0.7142857142857143,0.3333333333333333,0.6,0.6206896551724138,0.6101694915254238,30,220,8.278159141540527,9.739848136901855,7.6203083992004395,8.080789566040039,8.263847351074219,22.722609348927033,23.935751836528777,23.86722526577017,23.850116718220292,loss_weighting,e0f6063,True,0e1028ce85fc,2026-08-27T18:45:29,3.11.9,log,1,z0y528x144,250,3000,coverage,full,2.0,0.0016
z0y528x144,log,2,0.6666666666666666,0.7777777777777778,0.7,0.6176470588235294,0.65625,32,218,8.650762557983398,7.74074125289917,9.083270072937012,6.056206226348877,7.344980239868164,22.812521610085593,24.024019711726954,23.955598058549,23.947273778387107,loss_weighting,e0f6063,True,0e1028ce85fc,2026-08-27T18:50:41,3.11.9,log,2,z0y528x144,250,3000,coverage,full,2.0,0.0016
z0y624x144,mse,0,0.75,0.38461538461538464,0.6060606060606061,0.6896551724137931,0.6451612903225807,33,217,8.24920654296875,11.998307228088379,7.820191860198975,13.573183059692383,9.171182632446289,24.26305390019692,24.641667220742978,24.62167808887585,24.62305081864332,loss_weighting,e0f6063,True,0e1028ce85fc,2026-08-27T18:55:41,3.11.9,mse,0,z0y624x144,250,3000,coverage,full,2.0,0.0016
z0y624x144,mse,1,0.65,0.3076923076923077,0.5151515151515151,0.6296296296296297,0.5666666666666667,34,216,8.975929260253906,11.277878761291504,11.802926063537598,11.924372673034668,9.331002235412598,24.2418686380725,24.67915362485987,24.6559165498233,24.65096102505857,loss_weighting,e0f6063,True,0e1028ce85fc,2026-08-27T19:00:54,3.11.9,mse,1,z0y624x144,250,3000,coverage,full,2.0,0.0016
z0y624x144,mse,2,0.75,0.3076923076923077,0.5757575757575758,0.6333333333333333,0.6031746031746033,38,212,7.1344146728515625,11.615997314453125,6.795666694641113,11.704961776733398,8.55694580078125,24.236527680373605,24.608235802407414,24.588625307039006,24.57514414775,loss_weighting,e0f6063,True,0e1028ce85fc,2026-08-27T19:05:58,3.11.9,mse,2,z0y624x144,250,3000,coverage,full,2.0,0.0016
z0y624x144,log,0,0.8,0.46153846153846156,0.6666666666666666,0.6470588235294118,0.6567164179104478,33,217,7.823971271514893,8.638983726501465,8.064778327941895,9.87965202331543,8.607193946838379,23.362029962716782,24.17269672862465,24.127791526840127,24.141756400673504,loss_weighting,e0f6063,True,0e1028ce85fc,2026-08-27T19:11:12,3.11.9,log,0,z0y624x144,250,3000,coverage,full,2.0,0.0016
z0y624x144,log,1,0.75,0.3076923076923077,0.5757575757575758,0.6333333333333333,0.6031746031746033,34,216,7.167238712310791,11.731668472290039,6.521353721618652,13.666050910949707,8.625377655029297,22.913713526612042,23.875780443563315,23.821578478546645,23.822107981752314,loss_weighting,e0f6063,True,0e1028ce85fc,2026-08-27T19:16:21,3.11.9,log,1,z0y624x144,250,3000,coverage,full,2.0,0.0016
z0y624x144,log,2,0.75,0.6153846153846154,0.696969696969697,0.6388888888888888,0.6666666666666666,38,212,6.471121788024902,8.032280921936035,6.504105567932129,8.72078800201416,5.973569869995117,23.765192768379137,24.30738769256333,24.278238959433335,24.269933352483385,loss_weighting,e0f6063,True,0e1028ce85fc,2026-08-27T19:21:29,3.11.9,log,2,z0y624x144,250,3000,coverage,full,2.0,0.0016
z0y240x336,mse,0,0.9523809523809523,0.5,0.88,0.7857142857142857,0.830188679245283,28,222,5.831408500671387,16.4334716796875,8.985966682434082,14.080622673034668,5.610803127288818,22.999850658628958,25.555407158715326,25.413277892735398,25.414372118560806,loss_weighting,e0f6063,True,0e1028ce85fc,2026-08-27T19:26:34,3.11.9,mse,0,z0y240x336,250,3000,coverage,full,2.0,0.0016
z0y240x336,mse,1,1.0,0.25,0.88,0.8148148148148148,0.8461538461538461,29,221,6.4375104904174805,12.397701263427734,9.116122245788574,12.397701263427734,5.587514877319336,22.623215530150595,25.505970388344426,25.339312200803832,25.33281843864724,loss_weighting,e0f6063,True,0e1028ce85fc,2026-08-27T19:32:25,3.11.9,mse,1,z0y240x336,250,3000,coverage,full,2.0,0.0016
z0y240x336,mse,2,0.9523809523809523,0.5,0.88,0.9166666666666666,0.8979591836734694,29,221,5.642773151397705,14.410666465759277,5.605104923248291,15.807611465454102,5.670019626617432,23.018357655712464,25.594264827724015,25.450659104617934,25.453863797587324,loss_weighting,e0f6063,True,0e1028ce85fc,2026-08-27T19:37:42,3.11.9,mse,2,z0y240x336,250,3000,coverage,full,2.0,0.0016
z0y240x336,log,0,0.9047619047619048,0.5,0.84,0.7241379310344828,0.7777777777777777,29,221,6.322092056274414,13.68232250213623,8.923089981079102,14.698629379272461,5.931331634521484,20.96620893835614,25.27405261493399,24.978424183978913,24.999358330603215,loss_weighting,e0f6063,True,0e1028ce85fc,2026-08-27T19:43:26,3.11.9,log,0,z0y240x336,250,3000,coverage,full,2.0,0.0016
z0y240x336,log,1,0.8571428571428571,0.25,0.76,0.7307692307692307,0.7450980392156863,29,221,6.630622863769531,10.423550605773926,6.136707782745361,10.870647430419922,6.136707782745361,20.480096656740436,25.234906947372785,24.89031379856489,24.91322331351927,loss_weighting,e0f6063,True,0e1028ce85fc,2026-08-27T19:48:33,3.11.9,log,1,z0y240x336,250,3000,coverage,full,2.0,0.0016
z0y240x336,log,2,0.9047619047619048,0.75,0.88,0.7333333333333333,0.8,29,221,6.5396318435668945,6.420359134674072,9.216897010803223,3.271042823791504,5.7348456382751465,21.86054600796986,25.332941686871976,25.117544251245015,25.118153393969983,loss_weighting,e0f6063,True,0e1028ce85fc,2026-08-27T19:53:46,3.11.9,log,2,z0y240x336,250,3000,coverage,full,2.0,0.0016
z0y528x240,mse,0,0.8823529411764706,0.2,0.7272727272727273,0.6666666666666666,0.6956521739130435,26,224,7.299051284790039,8.20426082611084,3.8769619464874268,8.292032241821289,6.6449384689331055,23.677349364088457,24.54008512197952,24.50524150891863,24.49679765487996,loss_weighting,e0f6063,True,0e1028ce85fc,2026-08-27T19:58:54,3.11.9,mse,0,z0y528x240,250,3000,coverage,full,2.0,0.0016
z0y528x240,mse,1,0.7647058823529411,0.6,0.7272727272727273,0.5714285714285714,0.64,25,225,9.631121635437012,13.017284393310547,8.031991004943848,8.317913055419922,8.469697952270508,23.649647403359623,24.464272118594714,24.43155099701343,24.416448016743644,loss_weighting,e0f6063,True,0e1028ce85fc,2026-08-27T20:04:03,3.11.9,mse,1,z0y528x240,250,3000,coverage,full,2.0,0.0016
z0y528x240,mse,2,0.7647058823529411,0.6,0.7272727272727273,0.6153846153846154,0.6666666666666667,26,224,8.160341262817383,13.248549461364746,4.867683410644531,11.240938186645508,7.909226894378662,23.603034284779774,24.4746890119956,24.439449207318354,24.420485287610138,loss_weighting,e0f6063,True,0e1028ce85fc,2026-08-27T20:09:04,3.11.9,mse,2,z0y528x240,250,3000,coverage,full,2.0,0.0016
z0y528x240,log,0,0.9411764705882353,0.6,0.8636363636363636,0.6551724137931034,0.7450980392156864,26,224,7.005185604095459,6.648777008056641,6.515890598297119,6.089409828186035,6.152286052703857,22.994449992633612,24.181718660021623,24.131955251014276,24.12564187595788,loss_weighting,e0f6063,True,0e1028ce85fc,2026-08-27T20:15:08,3.11.9,log,0,z0y528x240,250,3000,coverage,full,2.0,0.0016
z0y528x240,log,1,0.6470588235294118,0.6,0.6363636363636364,0.45161290322580644,0.5283018867924528,25,225,9.09577465057373,12.265884399414062,10.014654159545898,7.723093032836914,10.540631294250488,22.32176836586094,23.944729596134586,23.87319144791704,23.865413516451866,loss_weighting,e0f6063,True,0e1028ce85fc,2026-08-27T20:21:45,3.11.9,log,1,z0y528x240,250,3000,coverage,full,2.0,0.0016
z0y528x240,log,2,0.7058823529411765,0.6,0.6818181818181818,0.5172413793103449,0.5882352941176471,26,224,8.849104881286621,8.207051277160645,7.790531635284424,3.9907567501068115,7.690163612365723,22.568787573005572,23.907849054808587,23.85073364303753,23.819804674440373,loss_weighting,e0f6063,True,0e1028ce85fc,2026-08-27T20:27:30,3.11.9,log,2,z0y528x240,250,3000,coverage,full,2.0,0.0016
