k,parameterization,seed,psnr,val_psnr,ssim,cell_f1,recall,precision,rmse_vox,pred_cells,target_cells
50,isotropic,0,21.55354088449477,21.50787657842212,0.3908914347840279,0.6829268292682927,0.5833333333333334,0.8235294117647058,1.2535663843154907,17,24
50,isotropic,1,21.58147769306185,21.531124861100864,0.389695568278859,0.744186046511628,0.6666666666666666,0.8421052631578947,1.198957920074463,19,24
50,isotropic,2,21.60337171830755,21.556874115106623,0.3914589490190248,0.7000000000000001,0.5833333333333334,0.875,1.2535663843154907,16,24
50,isotropic,3,21.63987714631477,21.59228995667489,0.3909340483010994,0.65,0.5416666666666666,0.8125,1.240347385406494,16,24
50,isotropic,4,21.604642716645085,21.55440367414401,0.3909689095396124,0.744186046511628,0.6666666666666666,0.8421052631578947,1.2247449159622192,19,24
50,diagonal,0,24.914773523702955,24.92064865196236,0.4659017224935337,0.7804878048780487,0.6666666666666666,0.9411764705882352,0.829156219959259,17,24
50,diagonal,1,25.1673006474158,25.1745076335059,0.4689235793617853,0.8292682926829268,0.7083333333333334,1.0,2.142016649246216,17,24
50,diagonal,2,25.0635582725082,25.07313660029936,0.4658984227354332,0.7692307692307693,0.625,1.0,0.930949330329895,15,24
50,diagonal,3,25.22184622273449,25.227067417399,0.4705348248703481,0.7906976744186046,0.7083333333333334,0.8947368421052632,1.697749376296997,19,24
50,diagonal,4,24.9951740250804,25.00433143502082,0.4664557897253137,0.7317073170731708,0.625,0.8823529411764706,0.8563488125801086,17,24
50,full,0,25.395743220978183,25.383213361374423,0.4726425946564911,0.7317073170731708,0.625,0.8823529411764706,0.8944271802902222,17,24
50,full,1,25.477916306917564,25.472572378030254,0.4759819883245159,0.7317073170731708,0.625,0.8823529411764706,0.7745966911315918,17,24
50,full,2,25.51758387076262,25.51480088622182,0.4745128916615874,0.8,0.6666666666666666,1.0,1.9364917278289795,16,24
50,full,3,25.47307901992316,25.454725433292303,0.4722484366503832,0.6976744186046512,0.625,0.7894736842105263,0.7745966911315918,19,24
50,full,4,25.43990301994167,25.434193570961074,0.4732121571419814,0.7804878048780487,0.6666666666666666,0.9411764705882352,0.8660253882408142,17,24
100,isotropic,0,22.23771862273597,22.19485341377989,0.402718117724443,0.744186046511628,0.6666666666666666,0.8421052631578947,2.106537342071533,19,24
100,isotropic,1,22.21112967604999,22.168753736704826,0.4015483961615175,0.744186046511628,0.6666666666666666,0.8421052631578947,1.2247449159622192,19,24
100,isotropic,2,21.98157873888361,21.9396124464498,0.399422312300533,0.761904761904762,0.6666666666666666,0.8888888888888888,2.25,18,24
100,isotropic,3,22.308788731614463,22.264911494248672,0.4026198211533791,0.7317073170731708,0.625,0.8823529411764706,2.3523037433624268,17,24
100,isotropic,4,22.255459083347585,22.21127403108063,0.4026333540472739,0.7555555555555556,0.7083333333333334,0.8095238095238095,2.1004199981689453,21,24
100,diagonal,0,25.03662235453525,25.0274237055839,0.4711260518723685,0.8260869565217391,0.7916666666666666,0.8636363636363636,2.762531280517578,22,24
100,diagonal,1,25.21648979557427,25.21689414727524,0.4711279113626386,0.744186046511628,0.6666666666666666,0.8421052631578947,1.346291184425354,19,24
100,diagonal,2,25.319477238052844,25.31391145784657,0.4746484117824888,0.8095238095238096,0.7083333333333334,0.9444444444444444,2.196253538131714,18,24
100,diagonal,3,25.19119348686093,25.17182286491975,0.4699789764962682,0.8695652173913043,0.8333333333333334,0.9090909090909092,3.074085235595703,22,24
100,diagonal,4,25.263240486181115,25.26027317932125,0.472775706221168,0.7727272727272727,0.7083333333333334,0.85,1.9250668287277224,20,24
100,full,0,25.544087629486626,25.52336079656788,0.4796604313058122,0.7999999999999999,0.75,0.8571428571428571,2.054804801940918,21,24
100,full,1,25.554908261869645,25.55135260230486,0.478419350233937,0.8837209302325582,0.7916666666666666,1.0,2.523573160171509,19,24
100,full,2,25.53760519973342,25.533712932829147,0.4766297606797481,0.7906976744186046,0.7083333333333334,0.8947368421052632,2.222875595092773,19,24
100,full,3,25.54435185451457,25.54013414827559,0.4769871830522931,0.8372093023255814,0.75,0.9473684210526316,2.4944381713867188,19,24
100,full,4,25.500376200090603,25.49075180211372,0.4792689588528417,0.8095238095238096,0.7083333333333334,0.9444444444444444,2.9305689334869385,18,24
250,isotropic,0,23.084285092260327,23.02263888189943,0.4189282707290531,0.7391304347826088,0.7083333333333334,0.7727272727272727,2.0,22,24
250,isotropic,1,23.18892827060596,23.131595276636645,0.4187759711878154,0.816326530612245,0.8333333333333334,0.8,2.4289915561676025,25,24
250,isotropic,2,23.10743627266327,23.052463603425576,0.4180034433952826,0.7826086956521738,0.75,0.8181818181818182,2.3687784671783447,22,24
250,isotropic,3,23.19346207938629,23.134103190445224,0.4176700824331323,0.7391304347826088,0.7083333333333334,0.7727272727272727,2.634611129760742,22,24
250,isotropic,4,23.098456843669737,23.0379336889486,0.4185427184248133,0.8333333333333334,0.8333333333333334,0.8333333333333334,3.4205262660980225,24,24
250,diagonal,0,25.340273477754533,25.33266136264598,0.47448471287868,0.8260869565217391,0.7916666666666666,0.8636363636363636,1.8918105363845823,22,24
250,diagonal,1,25.39352309806452,25.3929531928052,0.4741377341580902,0.7727272727272727,0.7083333333333334,0.85,2.9305689334869385,20,24
250,diagonal,2,25.310306897984315,25.30992191502801,0.473879340269119,0.744186046511628,0.6666666666666666,0.8421052631578947,2.106537342071533,19,24
250,diagonal,3,25.38433392410192,25.386265197983487,0.4751428659937077,0.9090909090909092,0.8333333333333334,1.0,2.974895000457764,20,24
250,diagonal,4,25.279438269649862,25.27610207758501,0.4750971221049536,0.7999999999999999,0.75,0.8571428571428571,2.3687784671783447,21,24
250,full,0,25.49977523833772,25.4868952014752,0.4779375987337386,0.8695652173913043,0.8333333333333334,0.9090909090909092,2.6076810359954834,22,24
250,full,1,25.546897066748283,25.533697746798417,0.4771234966047857,0.6976744186046512,0.625,0.7894736842105263,0.930949330329895,19,24
250,full,2,25.53301226128205,25.52375904081893,0.4768111465457464,0.8181818181818182,0.75,0.9,3.613247156143189,20,24
250,full,3,25.569173570608257,25.563432261585017,0.4771767295792358,0.9333333333333332,0.875,1.0,2.886751174926758,21,24
250,full,4,25.443675953010384,25.430811260543106,0.4778010593755752,0.8936170212765957,0.875,0.9130434782608696,3.0079259872436523,23,24
