region,nucleus,n_gaussians
z0y528x144,0,1
z0y528x144,1,1
z0y528x144,2,1
z0y528x144,3,1
z0y528x144,4,1
z0y528x144,5,1
z0y528x144,6,1
z0y528x144,7,1
z0y528x144,8,1
z0y528x144,9,1
z0y528x144,10,1
z0y528x144,11,2
z0y528x144,12,1
z0y528x144,13,1
z0y528x144,14,1
z0y528x144,15,1
z0y528x144,16,1
z0y528x144,17,1
z0y528x144,18,1
z0y528x144,19,1
z0y528x144,20,1
z0y528x144,21,1
z0y528x144,22,1
z0y528x144,23,1
z0y528x144,24,1
z0y528x144,25,1
z0y528x144,26,1
z0y528x144,27,1
z0y528x144,28,1
z0y528x144,29,1
z0y624x144,0,1
z0y624x144,1,1
z0y624x144,2,1
z0y624x144,3,1
z0y624x144,4,1
z0y624x144,5,1
z0y624x144,6,1
z0y624x144,7,1
z0y624x144,8,1
z0y624x144,9,1
z0y624x144,10,1
z0y624x144,11,1
z0y624x144,12,1
z0y624x144,13,1
z0y624x144,14,1
z0y624x144,15,1
z0y624x144,16,1
z0y624x144,17,1
z0y624x144,18,1
z0y624x144,19,1
z0y624x144,20,1
z0y624x144,21,1
z0y624x144,22,1
z0y624x144,23,1
z0y624x144,24,1
z0y624x144,25,1
z0y624x144,26,1
z0y624x144,27,1
z0y624x144,28,1
z0y624x144,29,1
z0y624x144,30,1
z0y624x144,31,1
z0y624x144,32,1
