group,luxar,bytes,ratio,luxar_psnr,luxar_kept_faint,luxar_kept_bright,jpeg2k_psnr,jpeg2k_kept_faint,downsample_psnr,downsample_kept_faint,jpegxl_psnr,jpegxl_kept_faint,zfp_psnr,zfp_kept_faint
CE t150,luxar_K1000,23958,529.6,19.6,0.723,0.948,11.53,0.53,16.56,0.217,,,,
CE t150,luxar_K2000,33188,382.3,19.87,0.976,1.0,14.83,0.819,,,,,,
CE t150,luxar_K4000,50298,252.2,20.01,1.048,1.0,19.18,0.663,,,,,,
CE t150,luxar_K8000,85203,148.9,20.03,1.024,1.0,20.25,0.819,,,,,,
CE t150,luxar_K16000,135138,93.9,20.29,1.036,1.0,21.39,1.036,,,,,,
CE t150,luxar_K32000,224127,56.6,20.52,1.012,1.0,22.97,1.036,,,22.27,1.024,,
CE t150,luxar_K64000,427309,29.7,21.3,1.036,0.99,26.08,1.012,,,25.83,1.012,16.74,0.711
CE t194,luxar_K1000,24637,515.0,19.06,0.561,0.674,11.92,0.484,16.46,0.172,,,,
CE t194,luxar_K2000,34689,365.7,19.57,0.809,0.966,14.37,0.599,,,,,,
CE t194,luxar_K4000,52062,243.7,19.77,0.955,0.977,18.52,0.567,,,,,,
CE t194,luxar_K8000,87538,144.9,19.84,0.962,0.989,19.95,0.643,,,,,,
CE t194,luxar_K16000,142147,89.3,20.11,0.968,0.989,21.14,0.783,,,,,,
CE t194,luxar_K32000,234363,54.1,20.37,0.968,1.011,22.91,0.943,,,22.22,1.019,,
CE t194,luxar_K64000,450923,28.1,21.13,1.006,1.006,26.09,0.975,,,26.0,1.013,16.72,0.694
DRO t000,luxar_K250,22752,92.2,17.95,1.125,0.643,22.6,1.25,,,27.66,1.125,8.62,0.75
DRO t000,luxar_K500,25303,82.9,18.66,1.5,0.643,23.1,1.25,,,28.21,1.125,8.62,0.75
DRO t000,luxar_K1000,30693,68.3,20.7,1.25,0.929,24.44,1.0,,,29.3,1.0,16.27,0.875
DRO t000,luxar_K2000,42349,49.5,21.85,1.0,0.929,25.92,1.0,,,30.06,1.0,18.14,0.75
DRO t000,luxar_K4000,62435,33.6,23.94,0.875,1.0,28.73,1.0,,,31.11,1.0,20.87,0.875
