n_cand,psnr,gt_bright_rank@1.0x,gt_log_rank@1.0x,gt_log_rank@1.0x_faint,gt_log_rank@1.0x_bright,gt_bright_rank@1.5x,gt_log_rank@1.5x,gt_log_rank@1.5x_faint,gt_log_rank@1.5x_bright,gt_bright_rank@2.0x,gt_log_rank@2.0x,gt_log_rank@2.0x_faint,gt_log_rank@2.0x_bright,survival,survival_faint,survival_bright,method,bytes,ratio,bits_per_voxel,params
1858,120.0,85,83,34,49,90,87,38,49,90,88,39,49,1.0,1.0,1.0,raw,11300864,1.0,8.0,{}
583,23.975738525390625,86,85,36,49,90,88,39,49,90,88,39,49,0.98,0.98,0.98,jpeg2k,51207,220.68982756263796,0.036249971683581,"{""level_db"": 25.562286376953125, ""layout"": ""xy-slices-as-components"", ""target_bytes"": 51200, ""size_matched"": true}"
1251,23.84537124633789,87,85,37,48,89,87,39,48,89,88,40,48,0.97,0.98,0.96,jpegxl,94330,119.80137814057034,0.0667771950888002,"{""distance"": 24.9878173828125, ""target_bytes"": 51200, ""size_matched"": false}"
1011,25.14308738708496,85,83,36,47,90,88,41,47,90,88,41,47,0.99,1.0,0.98,jpeg2k,102393,110.367544656373,0.072485077247191,"{""level_db"": 26.687088012695312, ""layout"": ""xy-slices-as-components"", ""target_bytes"": 102400, ""size_matched"": true}"
1275,23.931140899658203,85,83,36,47,89,87,40,47,89,88,41,47,0.99,1.0,0.98,jpegxl,102426,110.33198601917482,0.0725084382928597,"{""distance"": 23.40445785522461, ""target_bytes"": 102400, ""size_matched"": true}"
1484,27.13433074951172,85,82,34,48,90,88,40,48,90,88,40,48,0.98,0.98,0.98,jpeg2k,204805,55.17865286492029,0.1449836047934034,"{""level_db"": 28.609867095947266, ""layout"": ""xy-slices-as-components"", ""target_bytes"": 204800, ""size_matched"": true}"
1632,25.16282844543457,86,84,35,49,91,89,40,49,91,89,40,49,0.98,0.98,0.98,jpegxl,204687,55.21046280418395,0.1449000713573758,"{""distance"": 12.11545467376709, ""target_bytes"": 204800, ""size_matched"": true}"
1777,30.37136459350586,86,83,34,49,91,88,39,49,91,89,40,49,0.99,1.0,0.98,jpeg2k,409516,27.595659266060423,0.2899006660021747,"{""level_db"": 31.675872802734375, ""layout"": ""xy-slices-as-components"", ""target_bytes"": 409600, ""size_matched"": true}"
1761,28.235292434692383,86,84,35,49,91,88,39,49,91,89,40,49,0.98,0.98,0.98,jpegxl,409273,27.612043794728702,0.2897286437567959,"{""distance"": 6.872265625000001, ""target_bytes"": 409600, ""size_matched"": true}"
1938,35.59983825683594,86,83,34,49,90,88,39,49,90,88,39,49,0.99,1.0,0.98,jpeg2k,819142,13.795976765933135,0.5798792021565785,"{""level_db"": 36.80854797363281, ""layout"": ""xy-slices-as-components"", ""target_bytes"": 819200, ""size_matched"": true}"
1863,34.22808837890625,85,83,34,49,89,86,37,49,89,87,38,49,0.99,1.0,0.98,jpegxl,819202,13.794966320883006,0.579921676785067,"{""distance"": 3.021226119995118, ""target_bytes"": 819200, ""size_matched"": true}"
641,23.177433013916016,89,88,40,48,93,91,43,48,93,92,44,48,0.96,0.96,0.96,jpeg2k,21521,525.1086845406812,0.015234941328379848,"{""level_db"": 24.755096435546875, ""layout"": ""xy-slices-as-components"", ""target_bytes"": 21549, ""size_matched"": true}"
662,23.316341400146484,89,88,40,48,94,92,44,48,94,92,44,48,0.96,0.96,0.96,jpeg2k,26046,433.8809798049605,0.018438236226893803,"{""level_db"": 24.895477294921875, ""layout"": ""xy-slices-as-components"", ""target_bytes"": 26042, ""size_matched"": true}"
665,23.410932540893555,89,88,40,48,93,91,43,48,93,91,43,48,0.96,0.96,0.96,jpeg2k,29299,385.70818116659274,0.0207410690014498,"{""level_db"": 24.993743896484375, ""layout"": ""xy-slices-as-components"", ""target_bytes"": 29297, ""size_matched"": true}"
676,23.530101776123047,86,84,36,48,91,89,41,48,91,89,41,48,0.97,0.98,0.96,jpeg2k,33477,337.57098903724943,0.023698718965204785,"{""level_db"": 25.1165771484375, ""layout"": ""xy-slices-as-components"", ""target_bytes"": 33450, ""size_matched"": true}"
582,23.921188354492188,86,85,36,49,91,89,40,49,91,89,40,49,0.99,0.98,1.0,jpeg2k,48897,231.11569216925375,0.03461469848677057,"{""level_db"": 25.513153076171875, ""layout"": ""xy-slices-as-components"", ""target_bytes"": 48860, ""size_matched"": true}"
1190,25.609037399291992,84,81,34,47,89,87,40,47,89,87,40,47,0.99,1.0,0.98,jpeg2k,123886,91.2198634228242,0.0877001970822762,"{""level_db"": 27.11700439453125, ""layout"": ""xy-slices-as-components"", ""target_bytes"": 123921, ""size_matched"": true}"
