arm,seed,N,recall,matched,n_cand,val_psnr
raw,-1,29,0.10344827586206896,3,457,
raw,-1,50,0.1724137931034483,5,457,
raw,-1,100,0.3448275862068966,10,457,
raw,-1,200,0.6206896551724138,18,457,
raw,-1,300,0.896551724137931,26,457,
raw,-1,500,0.896551724137931,26,457,
downsample_x6,-1,29,0.10344827586206896,3,164,
downsample_x6,-1,50,0.13793103448275862,4,164,
downsample_x6,-1,100,0.3103448275862069,9,164,
downsample_x6,-1,200,0.3103448275862069,9,164,
downsample_x6,-1,300,0.3103448275862069,9,164,
downsample_x6,-1,500,0.3103448275862069,9,164,
gauss_lr0.0016,0,29,0.06896551724137931,2,230,21.412471191993575
gauss_lr0.0016,0,50,0.1724137931034483,5,230,21.412471191993575
gauss_lr0.0016,0,100,0.4482758620689655,13,230,21.412471191993575
gauss_lr0.0016,0,200,0.6896551724137931,20,230,21.412471191993575
gauss_lr0.0016,0,300,0.6896551724137931,20,230,21.412471191993575
gauss_lr0.0016,0,500,0.6896551724137931,20,230,21.412471191993575
gauss_lr0.0016,1,29,0.1724137931034483,5,237,21.377103057089663
gauss_lr0.0016,1,50,0.27586206896551724,8,237,21.377103057089663
gauss_lr0.0016,1,100,0.5172413793103449,15,237,21.377103057089663
gauss_lr0.0016,1,200,0.7586206896551724,22,237,21.377103057089663
gauss_lr0.0016,1,300,0.7586206896551724,22,237,21.377103057089663
gauss_lr0.0016,1,500,0.7586206896551724,22,237,21.377103057089663
gauss_lr0.0016,2,29,0.06896551724137931,2,235,21.490046039264477
gauss_lr0.0016,2,50,0.20689655172413793,6,235,21.490046039264477
gauss_lr0.0016,2,100,0.4827586206896552,14,235,21.490046039264477
gauss_lr0.0016,2,200,0.7241379310344828,21,235,21.490046039264477
gauss_lr0.0016,2,300,0.7241379310344828,21,235,21.490046039264477
gauss_lr0.0016,2,500,0.7241379310344828,21,235,21.490046039264477
gauss_lr0.05,0,29,0.034482758620689655,1,226,21.447656663286185
gauss_lr0.05,0,50,0.034482758620689655,1,226,21.447656663286185
gauss_lr0.05,0,100,0.41379310344827586,12,226,21.447656663286185
gauss_lr0.05,0,200,0.5862068965517241,17,226,21.447656663286185
gauss_lr0.05,0,300,0.5862068965517241,17,226,21.447656663286185
gauss_lr0.05,0,500,0.5862068965517241,17,226,21.447656663286185
gauss_lr0.05,1,29,0.034482758620689655,1,224,21.509809880961555
gauss_lr0.05,1,50,0.13793103448275862,4,224,21.509809880961555
gauss_lr0.05,1,100,0.3448275862068966,10,224,21.509809880961555
gauss_lr0.05,1,200,0.6206896551724138,18,224,21.509809880961555
gauss_lr0.05,1,300,0.6206896551724138,18,224,21.509809880961555
gauss_lr0.05,1,500,0.6206896551724138,18,224,21.509809880961555
gauss_lr0.05,2,29,0.10344827586206896,3,218,21.50548847513486
gauss_lr0.05,2,50,0.13793103448275862,4,218,21.50548847513486
gauss_lr0.05,2,100,0.3793103448275862,11,218,21.50548847513486
gauss_lr0.05,2,200,0.6896551724137931,20,218,21.50548847513486
gauss_lr0.05,2,300,0.6896551724137931,20,218,21.50548847513486
gauss_lr0.05,2,500,0.6896551724137931,20,218,21.50548847513486
