arm,seed,N,recall,matched,recall_v1_matcher,matched_v1_matcher,n_cand,lr,cap,intensity_bias,frac_at_cap,median_seeded_max_scale,val_psnr,psnr_full,fit_seconds
raw,-1,29,0.13793103448275862,4,0.10344827586206896,3,457,,,,,,,,
raw,-1,50,0.1724137931034483,5,0.1724137931034483,5,457,,,,,,,,
raw,-1,100,0.3448275862068966,10,0.3448275862068966,10,457,,,,,,,,
raw,-1,200,0.6206896551724138,18,0.6206896551724138,18,457,,,,,,,,
raw,-1,300,0.896551724137931,26,0.896551724137931,26,457,,,,,,,,
raw,-1,500,0.896551724137931,26,0.896551724137931,26,457,,,,,,,,
downsample_x6,-1,29,0.10344827586206896,3,0.10344827586206896,3,164,,,,,,,,
downsample_x6,-1,50,0.1724137931034483,5,0.13793103448275862,4,164,,,,,,,,
downsample_x6,-1,100,0.3448275862068966,10,0.3103448275862069,9,164,,,,,,,,
downsample_x6,-1,200,0.3793103448275862,11,0.3103448275862069,9,164,,,,,,,,
downsample_x6,-1,300,0.3793103448275862,11,0.3103448275862069,9,164,,,,,,,,
downsample_x6,-1,500,0.3793103448275862,11,0.3103448275862069,9,164,,,,,,,,
base,0,29,0.0689655172413793,2,0.0689655172413793,2,230,0.0016,,0.7,,8.283100128173828,21.41247119199357,21.486978427652275,2931.1613874435425
base,0,50,0.1724137931034483,5,0.1724137931034483,5,230,0.0016,,0.7,,8.283100128173828,21.41247119199357,21.486978427652275,2931.1613874435425
base,0,100,0.4482758620689655,13,0.4482758620689655,13,230,0.0016,,0.7,,8.283100128173828,21.41247119199357,21.486978427652275,2931.1613874435425
base,0,200,0.6896551724137931,20,0.6896551724137931,20,230,0.0016,,0.7,,8.283100128173828,21.41247119199357,21.486978427652275,2931.1613874435425
base,0,300,0.6896551724137931,20,0.6896551724137931,20,230,0.0016,,0.7,,8.283100128173828,21.41247119199357,21.486978427652275,2931.1613874435425
base,0,500,0.6896551724137931,20,0.6896551724137931,20,230,0.0016,,0.7,,8.283100128173828,21.41247119199357,21.486978427652275,2931.1613874435425
cap,0,29,0.0689655172413793,2,0.0689655172413793,2,223,0.0016,17.0,0.7,0.0153172866520787,8.306111335754395,21.408401868430616,21.483443689532425,1324.3706104755402
cap,0,50,0.1724137931034483,5,0.1724137931034483,5,223,0.0016,17.0,0.7,0.0153172866520787,8.306111335754395,21.408401868430616,21.483443689532425,1324.3706104755402
cap,0,100,0.4482758620689655,13,0.4482758620689655,13,223,0.0016,17.0,0.7,0.0153172866520787,8.306111335754395,21.408401868430616,21.483443689532425,1324.3706104755402
cap,0,200,0.6896551724137931,20,0.6896551724137931,20,223,0.0016,17.0,0.7,0.0153172866520787,8.306111335754395,21.408401868430616,21.483443689532425,1324.3706104755402
cap,0,300,0.6896551724137931,20,0.6896551724137931,20,223,0.0016,17.0,0.7,0.0153172866520787,8.306111335754395,21.408401868430616,21.483443689532425,1324.3706104755402
cap,0,500,0.6896551724137931,20,0.6896551724137931,20,223,0.0016,17.0,0.7,0.0153172866520787,8.306111335754395,21.408401868430616,21.483443689532425,1324.3706104755402
uniform,0,29,0.0,0,0.0,0,244,0.0016,,0.0,,7.876309394836426,21.85242322840768,21.900933817096757,779.7514417171478
uniform,0,50,0.1724137931034483,5,0.1724137931034483,5,244,0.0016,,0.0,,7.876309394836426,21.85242322840768,21.900933817096757,779.7514417171478
uniform,0,100,0.3103448275862069,9,0.3103448275862069,9,244,0.0016,,0.0,,7.876309394836426,21.85242322840768,21.900933817096757,779.7514417171478
uniform,0,200,0.7931034482758621,23,0.7931034482758621,23,244,0.0016,,0.0,,7.876309394836426,21.85242322840768,21.900933817096757,779.7514417171478
uniform,0,300,0.7931034482758621,23,0.7931034482758621,23,244,0.0016,,0.0,,7.876309394836426,21.85242322840768,21.900933817096757,779.7514417171478
uniform,0,500,0.7931034482758621,23,0.7931034482758621,23,244,0.0016,,0.0,,7.876309394836426,21.85242322840768,21.900933817096757,779.7514417171478
lr05_cap,0,29,0.034482758620689655,1,0.034482758620689655,1,224,0.05,17.0,0.7,0.002188183807439825,7.094486236572266,21.443885303487875,21.518747913541098,728.6193377971649
lr05_cap,0,50,0.034482758620689655,1,0.034482758620689655,1,224,0.05,17.0,0.7,0.002188183807439825,7.094486236572266,21.443885303487875,21.518747913541098,728.6193377971649
lr05_cap,0,100,0.3793103448275862,11,0.3793103448275862,11,224,0.05,17.0,0.7,0.002188183807439825,7.094486236572266,21.443885303487875,21.518747913541098,728.6193377971649
lr05_cap,0,200,0.5862068965517241,17,0.5862068965517241,17,224,0.05,17.0,0.7,0.002188183807439825,7.094486236572266,21.443885303487875,21.518747913541098,728.6193377971649
lr05_cap,0,300,0.5862068965517241,17,0.5862068965517241,17,224,0.05,17.0,0.7,0.002188183807439825,7.094486236572266,21.443885303487875,21.518747913541098,728.6193377971649
lr05_cap,0,500,0.5862068965517241,17,0.5862068965517241,17,224,0.05,17.0,0.7,0.002188183807439825,7.094486236572266,21.443885303487875,21.518747913541098,728.6193377971649
lr05,0,29,0.034482758620689655,1,0.034482758620689655,1,226,0.05,,0.7,,7.063873767852783,21.447656663286185,21.52262794874939,747.8850367069244
lr05,0,50,0.034482758620689655,1,0.034482758620689655,1,226,0.05,,0.7,,7.063873767852783,21.447656663286185,21.52262794874939,747.8850367069244
lr05,0,100,0.41379310344827586,12,0.41379310344827586,12,226,0.05,,0.7,,7.063873767852783,21.447656663286185,21.52262794874939,747.8850367069244
lr05,0,200,0.5862068965517241,17,0.5862068965517241,17,226,0.05,,0.7,,7.063873767852783,21.447656663286185,21.52262794874939,747.8850367069244
lr05,0,300,0.5862068965517241,17,0.5862068965517241,17,226,0.05,,0.7,,7.063873767852783,21.447656663286185,21.52262794874939,747.8850367069244
lr05,0,500,0.5862068965517241,17,0.5862068965517241,17,226,0.05,,0.7,,7.063873767852783,21.447656663286185,21.52262794874939,747.8850367069244
base,1,29,0.1724137931034483,5,0.1724137931034483,5,237,0.0016,,0.7,,8.255915641784668,21.377103057089663,21.443720902920976,815.4677379131317
base,1,50,0.27586206896551724,8,0.27586206896551724,8,237,0.0016,,0.7,,8.255915641784668,21.377103057089663,21.443720902920976,815.4677379131317
base,1,100,0.5172413793103449,15,0.5172413793103449,15,237,0.0016,,0.7,,8.255915641784668,21.377103057089663,21.443720902920976,815.4677379131317
base,1,200,0.7586206896551724,22,0.7586206896551724,22,237,0.0016,,0.7,,8.255915641784668,21.377103057089663,21.443720902920976,815.4677379131317
base,1,300,0.7586206896551724,22,0.7586206896551724,22,237,0.0016,,0.7,,8.255915641784668,21.377103057089663,21.443720902920976,815.4677379131317
base,1,500,0.7586206896551724,22,0.7586206896551724,22,237,0.0016,,0.7,,8.255915641784668,21.377103057089663,21.443720902920976,815.4677379131317
cap,1,29,0.20689655172413793,6,0.10344827586206896,3,239,0.0016,17.0,0.7,0.02188183807439825,8.322647094726562,21.370230877484815,21.43840703953112,697.964700460434
cap,1,50,0.27586206896551724,8,0.27586206896551724,8,239,0.0016,17.0,0.7,0.02188183807439825,8.322647094726562,21.370230877484815,21.43840703953112,697.964700460434
cap,1,100,0.5172413793103449,15,0.5172413793103449,15,239,0.0016,17.0,0.7,0.02188183807439825,8.322647094726562,21.370230877484815,21.43840703953112,697.964700460434
cap,1,200,0.7241379310344828,21,0.7241379310344828,21,239,0.0016,17.0,0.7,0.02188183807439825,8.322647094726562,21.370230877484815,21.43840703953112,697.964700460434
cap,1,300,0.7241379310344828,21,0.7241379310344828,21,239,0.0016,17.0,0.7,0.02188183807439825,8.322647094726562,21.370230877484815,21.43840703953112,697.964700460434
cap,1,500,0.7241379310344828,21,0.7241379310344828,21,239,0.0016,17.0,0.7,0.02188183807439825,8.322647094726562,21.370230877484815,21.43840703953112,697.964700460434
uniform,1,29,0.1724137931034483,5,0.13793103448275862,4,239,0.0016,,0.0,,8.092684745788574,21.826655701717268,21.865049010380055,620.5613169670105
uniform,1,50,0.27586206896551724,8,0.27586206896551724,8,239,0.0016,,0.0,,8.092684745788574,21.826655701717268,21.865049010380055,620.5613169670105
uniform,1,100,0.4482758620689655,13,0.4482758620689655,13,239,0.0016,,0.0,,8.092684745788574,21.826655701717268,21.865049010380055,620.5613169670105
uniform,1,200,0.7586206896551724,22,0.7586206896551724,22,239,0.0016,,0.0,,8.092684745788574,21.826655701717268,21.865049010380055,620.5613169670105
uniform,1,300,0.7586206896551724,22,0.7586206896551724,22,239,0.0016,,0.0,,8.092684745788574,21.826655701717268,21.865049010380055,620.5613169670105
uniform,1,500,0.7586206896551724,22,0.7586206896551724,22,239,0.0016,,0.0,,8.092684745788574,21.826655701717268,21.865049010380055,620.5613169670105
lr05_cap,1,29,0.06896551724137931,2,0.034482758620689655,1,225,0.05,17.0,0.7,0.002188183807439825,7.069777488708496,21.502854130196045,21.559382740704763,993.5590517520905
lr05_cap,1,50,0.1724137931034483,5,0.13793103448275862,4,225,0.05,17.0,0.7,0.002188183807439825,7.069777488708496,21.502854130196045,21.559382740704763,993.5590517520905
lr05_cap,1,100,0.3448275862068966,10,0.3448275862068966,10,225,0.05,17.0,0.7,0.002188183807439825,7.069777488708496,21.502854130196045,21.559382740704763,993.5590517520905
lr05_cap,1,200,0.6551724137931034,19,0.6551724137931034,19,225,0.05,17.0,0.7,0.002188183807439825,7.069777488708496,21.502854130196045,21.559382740704763,993.5590517520905
lr05_cap,1,300,0.6551724137931034,19,0.6551724137931034,19,225,0.05,17.0,0.7,0.002188183807439825,7.069777488708496,21.502854130196045,21.559382740704763,993.5590517520905
lr05_cap,1,500,0.6551724137931034,19,0.6551724137931034,19,225,0.05,17.0,0.7,0.002188183807439825,7.069777488708496,21.502854130196045,21.559382740704763,993.5590517520905
lr05,1,29,0.06896551724137931,2,0.034482758620689655,1,224,0.05,,0.7,,6.995271682739258,21.509809880961555,21.5660914903879,766.8874042034149
lr05,1,50,0.1724137931034483,5,0.13793103448275862,4,224,0.05,,0.7,,6.995271682739258,21.509809880961555,21.5660914903879,766.8874042034149
lr05,1,100,0.3448275862068966,10,0.3448275862068966,10,224,0.05,,0.7,,6.995271682739258,21.509809880961555,21.5660914903879,766.8874042034149
lr05,1,200,0.6206896551724138,18,0.6206896551724138,18,224,0.05,,0.7,,6.995271682739258,21.509809880961555,21.5660914903879,766.8874042034149
lr05,1,300,0.6206896551724138,18,0.6206896551724138,18,224,0.05,,0.7,,6.995271682739258,21.509809880961555,21.5660914903879,766.8874042034149
lr05,1,500,0.6206896551724138,18,0.6206896551724138,18,224,0.05,,0.7,,6.995271682739258,21.509809880961555,21.5660914903879,766.8874042034149
base,2,29,0.06896551724137931,2,0.06896551724137931,2,235,0.0016,,0.7,,8.258479118347168,21.490046039264477,21.546613835050717,913.2138478755951
base,2,50,0.2413793103448276,7,0.20689655172413793,6,235,0.0016,,0.7,,8.258479118347168,21.490046039264477,21.546613835050717,913.2138478755951
base,2,100,0.4827586206896552,14,0.4827586206896552,14,235,0.0016,,0.7,,8.258479118347168,21.490046039264477,21.546613835050717,913.2138478755951
base,2,200,0.7241379310344828,21,0.7241379310344828,21,235,0.0016,,0.7,,8.258479118347168,21.490046039264477,21.546613835050717,913.2138478755951
base,2,300,0.7241379310344828,21,0.7241379310344828,21,235,0.0016,,0.7,,8.258479118347168,21.490046039264477,21.546613835050717,913.2138478755951
base,2,500,0.7241379310344828,21,0.7241379310344828,21,235,0.0016,,0.7,,8.258479118347168,21.490046039264477,21.546613835050717,913.2138478755951
