peak,contrast,size,nn_dist,depth_z,found,region,init,dist_to_init
0.9937617182731628,0.3742287755012512,4.886790687183034,37.10795211791992,55,True,0,local_maxima,1.4142135381698608
0.9935824275016785,0.4626685380935669,4.676176661674385,34.75629425048828,55,True,0,local_maxima,1.0
0.975483238697052,0.39200305938720703,5.0942367092274266,39.051246643066406,55,True,0,local_maxima,1.0
0.9114813804626465,0.48013150691986084,5.330831060459528,36.8917350769043,54,True,0,local_maxima,1.7320507764816284
0.9114114046096802,0.5011535286903381,4.375412471014798,37.0675048828125,52,True,0,local_maxima,1.0
0.8772587180137634,0.4198434352874756,4.850704138593126,39.93745040893555,51,True,0,local_maxima,0.0
0.8593359589576721,0.43757393956184387,5.348012335649213,37.2558708190918,54,True,0,local_maxima,1.7320507764816284
0.821559488773346,0.339998722076416,5.389452107297089,24.351591110229492,55,True,0,local_maxima,1.0
0.8256306052207947,0.4180850088596344,5.322865632669939,34.885528564453125,52,True,0,local_maxima,0.0
0.8240968585014343,0.4189070165157318,5.361284747161217,31.78049659729004,54,True,0,local_maxima,0.0
0.8027174472808838,0.28576886653900146,4.442333059371393,37.161808013916016,50,True,0,local_maxima,0.0
0.7772219777107239,0.2927842140197754,5.463719448240316,20.248456954956055,54,True,0,local_maxima,1.4142135381698608
0.7721469402313232,0.3118743598461151,5.460862401913182,20.248456954956055,54,False,0,local_maxima,1.4142135381698608
0.7592803835868835,0.2810152769088745,4.809274971015546,38.27531814575195,54,True,0,local_maxima,1.4142135381698608
0.7128627300262451,0.02857297658920288,5.073298477487689,29.698484420776367,11,False,0,local_maxima,1.4142135381698608
0.7067838907241821,0.02683579921722412,6.0384893808469045,29.698484420776367,14,True,0,local_maxima,1.0
0.7059344053268433,0.02881258726119995,6.040384183035822,31.28897476196289,15,False,0,local_maxima,0.0
0.6999444961547852,0.02398604154586792,5.0820898269613455,17.029386520385742,20,True,0,local_maxima,0.0
0.6988775134086609,0.027447402477264404,6.036586490255612,31.30495262145996,18,False,0,local_maxima,1.4142135381698608
0.7000306844711304,0.02767258882522583,5.849291610421983,17.029386520385742,21,False,0,local_maxima,1.0
0.6951931715011597,0.027702033519744873,6.043621221065642,22.022714614868164,19,False,0,local_maxima,29.223278045654297
0.6961435079574585,0.026366710662841797,4.878050920704573,26.305892944335938,8,False,0,local_maxima,15.81138801574707
0.6935598850250244,0.022759854793548584,6.043265105248729,39.76179122924805,17,False,0,local_maxima,24.22808265686035
0.6926920413970947,0.023677706718444824,4.784790323672159,22.56102752685547,7,False,0,local_maxima,22.56102752685547
0.6912056803703308,0.019473373889923096,6.047371975960137,22.022714614868164,13,False,0,local_maxima,33.241539001464844
0.6979509592056274,0.032206952571868896,5.079731433550125,22.56102752685547,12,False,0,local_maxima,0.0
0.688086748123169,0.01914733648300171,4.121515617724184,37.58989334106445,19,False,0,local_maxima,19.87460708618164
0.6942047476768494,0.029350996017456055,5.079083571689186,27.94637680053711,23,False,0,local_maxima,20.2237491607666
0.6937695145606995,0.028031349182128906,6.047017180224253,31.28897476196289,18,False,0,local_maxima,30.495901107788086
0.6891888380050659,0.02159106731414795,4.119622496915312,26.305892944335938,12,False,0,local_maxima,32.140316009521484
0.8283734917640686,0.38904231786727905,4.495842482131552,35.0142822265625,51,True,1,local_maxima,0.0
0.8184928297996521,0.4017127752304077,5.432134760088995,38.37968063354492,51,True,1,local_maxima,1.7320507764816284
0.8240968585014343,0.4189070165157318,5.265365362023139,29.42787742614746,54,True,1,local_maxima,0.0
0.8027174472808838,0.28865474462509155,4.631276782889823,23.216373443603516,50,False,1,local_maxima,0.0
0.7861411571502686,0.37574511766433716,5.434358533869793,24.1867733001709,53,False,1,local_maxima,1.0
0.7801901698112488,0.1061282753944397,5.942052826131305,24.1867733001709,47,True,1,local_maxima,0.0
0.7814328074455261,0.18873125314712524,4.066614869482,23.216373443603516,49,True,1,local_maxima,0.0
0.7747440934181213,0.31433746218681335,5.52189545523427,36.055511474609375,53,False,1,local_maxima,1.0
0.7642167806625366,0.3049909770488739,5.535872870807522,28.809720993041992,53,True,1,local_maxima,1.7320507764816284
0.7753303647041321,0.3904350996017456,5.418399388420352,26.019224166870117,53,True,1,local_maxima,1.0
0.7681419253349304,0.33819207549095154,4.417872345673033,29.42787742614746,55,True,1,local_maxima,1.0
0.7505934238433838,0.3563651442527771,5.460762880483252,17.492855072021484,52,False,1,local_maxima,1.4142135381698608
0.7374117970466614,0.30072614550590515,5.52332222089133,17.492855072021484,52,True,1,local_maxima,0.0
0.7396865487098694,0.29377344250679016,4.463119467048543,39.293766021728516,55,True,1,local_maxima,0.0
0.7102746963500977,0.024538636207580566,6.038224669761501,25.2586612701416,13,True,1,local_maxima,0.0
0.7106080055236816,0.02612149715423584,6.029589830657701,25.2586612701416,10,False,1,local_maxima,1.0
0.7067899107933044,0.025947630405426025,5.45968885690311,18.681541442871094,14,False,1,local_maxima,1.0
0.7085121870040894,0.03256922960281372,4.971603787857745,37.10795211791992,9,True,1,local_maxima,0.0
0.7060995101928711,0.033592164516448975,5.070359361895068,22.022714614868164,15,False,1,local_maxima,1.4142135381698608
0.7036710977554321,0.02840787172317505,5.068962938888906,22.022714614868164,16,False,1,local_maxima,21.0
0.7059344053268433,0.028766751289367676,6.040787004939763,18.41195297241211,15,False,1,local_maxima,0.0
0.7051466107368469,0.03395259380340576,4.113504452147662,18.681541442871094,17,False,1,local_maxima,18.547237396240234
0.6982462406158447,0.020888149738311768,6.049859119156285,26.495283126831055,14,False,1,local_maxima,33.361656188964844
0.6946336030960083,0.01873624324798584,6.047696693557583,18.41195297241211,14,False,1,local_maxima,18.41195297241211
0.6998451352119446,0.029178082942962646,5.08126833088476,21.954498291015625,11,False,1,local_maxima,21.954498291015625
0.6973661184310913,0.030031025409698486,5.072839801265481,36.45545196533203,11,False,1,local_maxima,37.0
0.6939264535903931,0.02278769016265869,6.045203915964752,26.495283126831055,13,False,1,local_maxima,29.171903610229492
0.6946396827697754,0.022250056266784668,6.040178167258165,22.759613037109375,11,False,1,local_maxima,37.027015686035156
0.6932881474494934,0.0281640887260437,4.206922575985298,33.0151481628418,17,False,1,local_maxima,47.61302185058594
0.694983959197998,0.02417135238647461,5.08533289563976,23.194826126098633,14,False,1,local_maxima,35.0142822265625
0.6907732486724854,0.023251593112945557,4.5891054695526385,30.4138126373291,9,False,1,local_maxima,40.112342834472656
0.6890261173248291,0.023410141468048096,5.170966305257376,35.1425666809082,6,False,1,local_maxima,39.217342376708984
0.6552913188934326,0.19714486598968506,3.743159138711963,33.0151481628418,50,False,1,local_maxima,32.63433837890625
0.9960591793060303,0.5478540658950806,4.429597510420341,43.382022857666016,48,True,2,local_maxima,0.0
0.9939220547676086,0.5210419595241547,4.687372016277566,31.95309066772461,45,True,2,local_maxima,0.0
0.9875456690788269,0.4738980531692505,4.079863850510747,28.705400466918945,45,True,2,local_maxima,0.0
0.9860117435455322,0.5046650469303131,4.698165273850513,28.460498809814453,43,True,2,local_maxima,0.0
0.9798192977905273,0.5315678119659424,4.61035243343652,28.460498809814453,38,True,2,local_maxima,0.0
0.9755952954292297,0.522828072309494,4.697669701667605,22.203603744506836,32,True,2,local_maxima,1.0
0.9760825634002686,0.46786564588546753,4.703295108877936,18.867961883544922,21,True,2,local_maxima,0.0
0.9753506183624268,0.5132457911968231,4.645526321026099,28.705400466918945,41,True,2,local_maxima,0.0
0.9706432819366455,0.5047374069690704,4.9477111163687555,21.21320343017578,23,True,2,local_maxima,1.0
0.9739430546760559,0.5417516529560089,4.897321589436057,18.867961883544922,27,False,2,local_maxima,1.0
0.940690279006958,0.3795390725135803,4.624413662173443,20.904544830322266,0,True,2,local_maxima,1.0
0.9736146330833435,0.4547170400619507,5.008763759959163,28.861740112304688,13,True,2,local_maxima,0.0
0.9742724299430847,0.5356793701648712,4.005459517589938,23.216373443603516,28,True,2,local_maxima,0.0
0.9732004404067993,0.5638426840305328,4.264077015084951,33.0756721496582,38,True,2,local_maxima,0.0
0.9666561484336853,0.43851107358932495,5.012982130259959,20.904544830322266,17,True,2,local_maxima,0.0
0.9682819843292236,0.5273852050304413,4.642524202901291,26.115129470825195,29,True,2,local_maxima,0.0
0.9645341634750366,0.5284303724765778,4.4263738922931415,23.216373443603516,35,True,2,local_maxima,1.0
0.9539134502410889,0.3678816556930542,4.522097588998605,21.21320343017578,8,True,2,local_maxima,2.0
0.9057207107543945,0.38329261541366577,4.73361643060818,30.282007217407227,34,True,2,local_maxima,1.0
0.6013213396072388,0.0448344349861145,3.730155705177119,29.529645919799805,2,True,2,local_maxima,0.0
0.5843804478645325,0.023340046405792236,4.886611099374636,37.013511657714844,8,False,2,local_maxima,1.0
0.545276939868927,0.030193984508514404,5.372213323831919,20.808652877807617,3,False,2,local_maxima,36.9052848815918
0.5457505583763123,0.027264952659606934,5.372317000613497,20.808652877807617,3,False,2,local_maxima,42.825225830078125
0.5411062836647034,0.024357497692108154,4.892258549573071,19.209373474121094,4,False,2,local_maxima,30.265491485595703
0.5469711422920227,0.029583096504211426,4.509671537175357,19.209373474121094,2,False,2,local_maxima,36.06937789916992
0.9967448711395264,0.4596205949783325,5.054632005329562,35.29872512817383,55,True,3,local_maxima,1.0
0.9937617182731628,0.3799704313278198,5.053795463279067,41.0,55,True,3,local_maxima,1.4142135381698608
0.9939573407173157,0.4644872546195984,5.212907282957991,27.221315383911133,52,True,3,local_maxima,0.0
0.9928050637245178,0.4195798635482788,5.241226174266278,31.796226501464844,51,True,3,local_maxima,1.0
0.975483238697052,0.39357447624206543,5.264371431669235,41.0,55,True,3,local_maxima,1.0
0.9581930637359619,0.39151155948638916,4.563991522064024,32.341922760009766,48,True,3,local_maxima,0.0
0.932960033416748,0.4510582685470581,5.313558220856154,32.588340759277344,52,True,3,local_maxima,1.4142135381698608
0.9370643496513367,0.35254067182540894,3.990301847278969,42.04759216308594,46,True,3,local_maxima,0.0
0.917197048664093,0.43684759736061096,5.245368309904609,39.824615478515625,55,True,3,local_maxima,1.7320507764816284
0.861760139465332,0.27726465463638306,4.749676968389976,27.221315383911133,48,False,3,local_maxima,1.0
0.762464702129364,0.31075674295425415,5.458774818944048,44.11349105834961,54,False,3,local_maxima,1.4142135381698608
0.7286019921302795,0.23969313502311707,3.6604101415876698,44.0,53,True,3,local_maxima,0.0
0.715539276599884,0.03256022930145264,4.0088808862941985,23.76972770690918,9,True,3,local_maxima,1.0
0.7140372395515442,0.03312802314758301,5.076596043238088,23.76972770690918,15,False,3,local_maxima,0.0
0.711663544178009,0.04591089487075806,6.021054619893165,31.796226501464844,22,False,3,local_maxima,1.7320507764816284
0.6995672583580017,0.032874882221221924,5.08173796790151,22.022714614868164,19,False,3,local_maxima,2.0
0.6968026757240295,0.028322339057922363,6.043605916577435,19.26136016845703,21,False,3,local_maxima,20.273134231567383
0.6999668478965759,0.02712351083755493,6.044399435574296,24.06241798400879,13,False,3,local_maxima,1.0
0.69642573595047,0.023304641246795654,6.04466427680113,28.160255432128906,13,False,3,local_maxima,28.460498809814453
0.6965827941894531,0.025141537189483643,6.042785756887619,18.11077117919922,20,False,3,local_maxima,20.44504737854004
0.6932652592658997,0.025414347648620605,6.0407139610992395,18.11077117919922,20,False,3,local_maxima,23.280893325805664
0.6912056803703308,0.019995689392089844,5.757752227127146,22.022714614868164,13,False,3,local_maxima,21.563858032226562
0.9937617182731628,0.3742287755012512,4.886790687183034,37.10795211791992,55,True,0,coverage,0.0
0.9935824275016785,0.4626685380935669,4.676176661674385,34.75629425048828,55,True,0,coverage,0.0
0.975483238697052,0.39200305938720703,5.0942367092274266,39.051246643066406,55,True,0,coverage,0.0
0.9114813804626465,0.48013150691986084,5.330831060459528,36.8917350769043,54,True,0,coverage,0.0
0.9114114046096802,0.5011535286903381,4.375412471014798,37.0675048828125,52,True,0,coverage,0.0
0.8772587180137634,0.4198434352874756,4.850704138593126,39.93745040893555,51,True,0,coverage,0.0
0.8593359589576721,0.43757393956184387,5.348012335649213,37.2558708190918,54,True,0,coverage,0.0
0.821559488773346,0.339998722076416,5.389452107297089,24.351591110229492,55,True,0,coverage,0.0
0.8256306052207947,0.4180850088596344,5.322865632669939,34.885528564453125,52,True,0,coverage,0.0
0.8240968585014343,0.4189070165157318,5.361284747161217,31.78049659729004,54,True,0,coverage,0.0
0.8027174472808838,0.28576886653900146,4.442333059371393,37.161808013916016,50,True,0,coverage,0.0
0.7772219777107239,0.2927842140197754,5.463719448240316,20.248456954956055,54,True,0,coverage,0.0
0.7721469402313232,0.3118743598461151,5.460862401913182,20.248456954956055,54,False,0,coverage,0.0
0.7592803835868835,0.2810152769088745,4.809274971015546,38.27531814575195,54,True,0,coverage,0.0
0.7128627300262451,0.02857297658920288,5.073298477487689,29.698484420776367,11,False,0,coverage,0.0
0.7067838907241821,0.02683579921722412,6.0384893808469045,29.698484420776367,14,False,0,coverage,0.0
0.7059344053268433,0.02881258726119995,6.040384183035822,31.28897476196289,15,False,0,coverage,0.0
0.6999444961547852,0.02398604154586792,5.0820898269613455,17.029386520385742,20,True,0,coverage,0.0
0.6988775134086609,0.027447402477264404,6.036586490255612,31.30495262145996,18,False,0,coverage,0.0
0.7000306844711304,0.02767258882522583,5.849291610421983,17.029386520385742,21,True,0,coverage,0.0
0.6951931715011597,0.027702033519744873,6.043621221065642,22.022714614868164,19,True,0,coverage,0.0
0.6961435079574585,0.026366710662841797,4.878050920704573,26.305892944335938,8,True,0,coverage,0.0
0.6935598850250244,0.022759854793548584,6.043265105248729,39.76179122924805,17,False,0,coverage,0.0
0.6926920413970947,0.023677706718444824,4.784790323672159,22.56102752685547,7,False,0,coverage,0.0
0.6912056803703308,0.019473373889923096,6.047371975960137,22.022714614868164,13,True,0,coverage,0.0
0.6979509592056274,0.032206952571868896,5.079731433550125,22.56102752685547,12,True,0,coverage,0.0
0.688086748123169,0.01914733648300171,4.121515617724184,37.58989334106445,19,True,0,coverage,0.0
0.6942047476768494,0.029350996017456055,5.079083571689186,27.94637680053711,23,False,0,coverage,0.0
0.6937695145606995,0.028031349182128906,6.047017180224253,31.28897476196289,18,False,0,coverage,0.0
0.6891888380050659,0.02159106731414795,4.119622496915312,26.305892944335938,12,False,0,coverage,0.0
0.8283734917640686,0.38904231786727905,4.495842482131552,35.0142822265625,51,True,1,coverage,0.0
0.8184928297996521,0.4017127752304077,5.432134760088995,38.37968063354492,51,True,1,coverage,0.0
0.8240968585014343,0.4189070165157318,5.265365362023139,29.42787742614746,54,True,1,coverage,0.0
0.8027174472808838,0.28865474462509155,4.631276782889823,23.216373443603516,50,True,1,coverage,0.0
0.7861411571502686,0.37574511766433716,5.434358533869793,24.1867733001709,53,True,1,coverage,0.0
0.7801901698112488,0.1061282753944397,5.942052826131305,24.1867733001709,47,False,1,coverage,0.0
0.7814328074455261,0.18873125314712524,4.066614869482,23.216373443603516,49,True,1,coverage,0.0
0.7747440934181213,0.31433746218681335,5.52189545523427,36.055511474609375,53,True,1,coverage,0.0
0.7642167806625366,0.3049909770488739,5.535872870807522,28.809720993041992,53,True,1,coverage,0.0
0.7753303647041321,0.3904350996017456,5.418399388420352,26.019224166870117,53,False,1,coverage,0.0
0.7681419253349304,0.33819207549095154,4.417872345673033,29.42787742614746,55,False,1,coverage,0.0
0.7505934238433838,0.3563651442527771,5.460762880483252,17.492855072021484,52,True,1,coverage,0.0
0.7374117970466614,0.30072614550590515,5.52332222089133,17.492855072021484,52,True,1,coverage,0.0
0.7396865487098694,0.29377344250679016,4.463119467048543,39.293766021728516,55,True,1,coverage,0.0
0.7102746963500977,0.024538636207580566,6.038224669761501,25.2586612701416,13,True,1,coverage,0.0
0.7106080055236816,0.02612149715423584,6.029589830657701,25.2586612701416,10,True,1,coverage,0.0
0.7067899107933044,0.025947630405426025,5.45968885690311,18.681541442871094,14,True,1,coverage,0.0
0.7085121870040894,0.03256922960281372,4.971603787857745,37.10795211791992,9,False,1,coverage,0.0
0.7060995101928711,0.033592164516448975,5.070359361895068,22.022714614868164,15,False,1,coverage,0.0
0.7036710977554321,0.02840787172317505,5.068962938888906,22.022714614868164,16,False,1,coverage,0.0
0.7059344053268433,0.028766751289367676,6.040787004939763,18.41195297241211,15,True,1,coverage,0.0
0.7051466107368469,0.03395259380340576,4.113504452147662,18.681541442871094,17,False,1,coverage,0.0
0.6982462406158447,0.020888149738311768,6.049859119156285,26.495283126831055,14,False,1,coverage,0.0
0.6946336030960083,0.01873624324798584,6.047696693557583,18.41195297241211,14,True,1,coverage,0.0
0.6998451352119446,0.029178082942962646,5.08126833088476,21.954498291015625,11,True,1,coverage,0.0
0.6973661184310913,0.030031025409698486,5.072839801265481,36.45545196533203,11,False,1,coverage,0.0
0.6939264535903931,0.02278769016265869,6.045203915964752,26.495283126831055,13,False,1,coverage,0.0
0.6946396827697754,0.022250056266784668,6.040178167258165,22.759613037109375,11,False,1,coverage,0.0
0.6932881474494934,0.0281640887260437,4.206922575985298,33.0151481628418,17,True,1,coverage,0.0
0.694983959197998,0.02417135238647461,5.08533289563976,23.194826126098633,14,True,1,coverage,0.0
0.6907732486724854,0.023251593112945557,4.5891054695526385,30.4138126373291,9,True,1,coverage,0.0
0.6890261173248291,0.023410141468048096,5.170966305257376,35.1425666809082,6,False,1,coverage,0.0
0.6552913188934326,0.19714486598968506,3.743159138711963,33.0151481628418,50,False,1,coverage,0.0
0.9960591793060303,0.5478540658950806,4.429597510420341,43.382022857666016,48,True,2,coverage,0.0
0.9939220547676086,0.5210419595241547,4.687372016277566,31.95309066772461,45,True,2,coverage,0.0
0.9875456690788269,0.4738980531692505,4.079863850510747,28.705400466918945,45,True,2,coverage,0.0
0.9860117435455322,0.5046650469303131,4.698165273850513,28.460498809814453,43,True,2,coverage,0.0
0.9798192977905273,0.5315678119659424,4.61035243343652,28.460498809814453,38,True,2,coverage,0.0
0.9755952954292297,0.522828072309494,4.697669701667605,22.203603744506836,32,True,2,coverage,0.0
0.9760825634002686,0.46786564588546753,4.703295108877936,18.867961883544922,21,True,2,coverage,0.0
0.9753506183624268,0.5132457911968231,4.645526321026099,28.705400466918945,41,True,2,coverage,0.0
0.9706432819366455,0.5047374069690704,4.9477111163687555,21.21320343017578,23,True,2,coverage,0.0
0.9739430546760559,0.5417516529560089,4.897321589436057,18.867961883544922,27,True,2,coverage,0.0
0.940690279006958,0.3795390725135803,4.624413662173443,20.904544830322266,0,True,2,coverage,0.0
0.9736146330833435,0.4547170400619507,5.008763759959163,28.861740112304688,13,True,2,coverage,0.0
0.9742724299430847,0.5356793701648712,4.005459517589938,23.216373443603516,28,True,2,coverage,0.0
0.9732004404067993,0.5638426840305328,4.264077015084951,33.0756721496582,38,True,2,coverage,0.0
0.9666561484336853,0.43851107358932495,5.012982130259959,20.904544830322266,17,True,2,coverage,0.0
0.9682819843292236,0.5273852050304413,4.642524202901291,26.115129470825195,29,True,2,coverage,0.0
0.9645341634750366,0.5284303724765778,4.4263738922931415,23.216373443603516,35,True,2,coverage,0.0
0.9539134502410889,0.3678816556930542,4.522097588998605,21.21320343017578,8,True,2,coverage,0.0
0.9057207107543945,0.38329261541366577,4.73361643060818,30.282007217407227,34,True,2,coverage,0.0
0.6013213396072388,0.0448344349861145,3.730155705177119,29.529645919799805,2,False,2,coverage,0.0
0.5843804478645325,0.023340046405792236,4.886611099374636,37.013511657714844,8,True,2,coverage,0.0
0.545276939868927,0.030193984508514404,5.372213323831919,20.808652877807617,3,True,2,coverage,0.0
0.5457505583763123,0.027264952659606934,5.372317000613497,20.808652877807617,3,True,2,coverage,0.0
0.5411062836647034,0.024357497692108154,4.892258549573071,19.209373474121094,4,False,2,coverage,0.0
0.5469711422920227,0.029583096504211426,4.509671537175357,19.209373474121094,2,False,2,coverage,0.0
0.9967448711395264,0.4596205949783325,5.054632005329562,35.29872512817383,55,True,3,coverage,0.0
0.9937617182731628,0.3799704313278198,5.053795463279067,41.0,55,True,3,coverage,0.0
0.9939573407173157,0.4644872546195984,5.212907282957991,27.221315383911133,52,True,3,coverage,0.0
0.9928050637245178,0.4195798635482788,5.241226174266278,31.796226501464844,51,True,3,coverage,0.0
0.975483238697052,0.39357447624206543,5.264371431669235,41.0,55,True,3,coverage,0.0
0.9581930637359619,0.39151155948638916,4.563991522064024,32.341922760009766,48,True,3,coverage,0.0
0.932960033416748,0.4510582685470581,5.313558220856154,32.588340759277344,52,True,3,coverage,0.0
0.9370643496513367,0.35254067182540894,3.990301847278969,42.04759216308594,46,True,3,coverage,0.0
0.917197048664093,0.43684759736061096,5.245368309904609,39.824615478515625,55,True,3,coverage,0.0
0.861760139465332,0.27726465463638306,4.749676968389976,27.221315383911133,48,True,3,coverage,0.0
0.762464702129364,0.31075674295425415,5.458774818944048,44.11349105834961,54,False,3,coverage,0.0
0.7286019921302795,0.23969313502311707,3.6604101415876698,44.0,53,True,3,coverage,0.0
0.715539276599884,0.03256022930145264,4.0088808862941985,23.76972770690918,9,True,3,coverage,0.0
0.7140372395515442,0.03312802314758301,5.076596043238088,23.76972770690918,15,False,3,coverage,0.0
0.711663544178009,0.04591089487075806,6.021054619893165,31.796226501464844,22,True,3,coverage,0.0
0.6995672583580017,0.032874882221221924,5.08173796790151,22.022714614868164,19,True,3,coverage,0.0
0.6968026757240295,0.028322339057922363,6.043605916577435,19.26136016845703,21,False,3,coverage,0.0
0.6999668478965759,0.02712351083755493,6.044399435574296,24.06241798400879,13,True,3,coverage,0.0
0.69642573595047,0.023304641246795654,6.04466427680113,28.160255432128906,13,False,3,coverage,0.0
0.6965827941894531,0.025141537189483643,6.042785756887619,18.11077117919922,20,False,3,coverage,0.0
0.6932652592658997,0.025414347648620605,6.0407139610992395,18.11077117919922,20,True,3,coverage,0.0
0.6912056803703308,0.019995689392089844,5.757752227127146,22.022714614868164,13,False,3,coverage,0.0
