init_strategy,parameterization,num_gaussians,init_scale,iterations,val_psnr,val_mse,val_mae,val_corr,full_psnr,full_ssim,full_mae,full_corr,num_params,bytes,compression,psnr_per_kparam,fit_seconds,stage,stage_axis
intensity_weighted,isotropic,50,2.0,1500,18.901344061550486,0.012878509238362312,0.09041314572095871,0.7738943170572821,18.91378531418316,0.2216547463463423,0.09028824418783188,0.7772131849735586,250,1000,4194.304,75.65514125673263,59.80121421813965,0,baseline
random,isotropic,50,2.0,1500,18.484105206926134,0.014177167788147926,0.09223364293575287,0.7563091683556112,18.470816521937735,0.2173685988186301,0.09234277904033661,0.7589972485709312,250,1000,4194.304,73.88326608775094,43.272440671920776,1,init_strategy
intensity_weighted,isotropic,50,2.0,1500,18.901344061550486,0.012878509238362312,0.09041314572095871,0.7738943170572821,18.91378531418316,0.2216547463463423,0.09028824418783188,0.7772131849735586,250,1000,4194.304,75.65514125673263,43.35696840286255,1,init_strategy
local_maxima,isotropic,50,2.0,1500,15.325041751833727,0.0293424129486084,0.12257572263479233,0.32775867879036663,15.299059622932706,0.17088985597532305,0.12291530519723892,0.3302739765905376,250,1000,4194.304,61.196238491730824,44.80155944824219,1,init_strategy
intensity_weighted,isotropic,50,2.0,1500,18.901344061550486,0.012878509238362312,0.09041314572095871,0.7738943170572821,18.91378531418316,0.2216547463463423,0.09028824418783188,0.7772131849735586,250,1000,4194.304,75.65514125673263,46.722877979278564,2,parameterization
intensity_weighted,diagonal,50,2.0,1500,22.36241972746135,0.005804409272968769,0.06073680892586708,0.9051992691578045,22.395102442679885,0.2828460681640977,0.060466229915618896,0.9068139477940299,350,1400,2995.9314285714286,63.98600697908539,49.09586477279663,2,parameterization
intensity_weighted,full,50,2.0,1500,22.745780733712873,0.005314004607498646,0.058236781507730484,0.9133483853287082,22.753938639936493,0.2915218753065235,0.05814625322818756,0.9142987631571019,500,2000,2097.152,45.507877279872986,46.93775773048401,2,parameterization
intensity_weighted,full,10,2.0,1500,21.34372467490969,0.007338841911405325,0.06813816726207733,0.8779861583709929,21.348254875154197,0.2528677827227785,0.0681481659412384,0.8793955891018006,100,400,10485.76,213.48254875154197,21.352470636367798,3,num_gaussians
intensity_weighted,full,50,2.0,1500,22.745780733712873,0.005314004607498646,0.058236781507730484,0.9133483853287082,22.753938639936493,0.2915218753065235,0.05814625322818756,0.9142987631571019,500,2000,2097.152,45.507877279872986,40.55245113372803,3,num_gaussians
intensity_weighted,full,100,2.0,1500,22.965616534728397,0.005051709245890379,0.0567702017724514,0.9178998881021941,22.992924925108746,0.2933580519512731,0.05664178729057312,0.9191278806795821,1000,4000,1048.576,22.992924925108746,95.03662204742432,3,num_gaussians
intensity_weighted,full,250,2.0,1500,22.8748034433958,0.0051584551110863686,0.057383500039577484,0.9160510619528188,22.90210003581807,0.288195525300332,0.057268138974905014,0.9173179244296394,2500,10000,419.4304,9.160840014327228,185.2394859790802,3,num_gaussians
intensity_weighted,full,100,1.0,1500,22.70078109648512,0.005369352176785469,0.05861092358827591,0.9124973746650785,22.73540324913808,0.2912016433833257,0.05833863839507103,0.9140073802813581,1000,4000,1048.576,22.73540324913808,72.55689907073975,4,init_scale
intensity_weighted,full,100,2.0,1500,22.965616534728397,0.005051709245890379,0.0567702017724514,0.9178998881021941,22.992924925108746,0.2933580519512731,0.05664178729057312,0.9191278806795821,1000,4000,1048.576,22.992924925108746,66.00931000709534,4,init_scale
intensity_weighted,full,100,4.0,1500,23.01308247308817,0.004996797535568476,0.056480567902326584,0.9187763354402133,23.046588457136707,0.2958983929867473,0.0562983900308609,0.9201186324967547,1000,4000,1048.576,23.046588457136707,64.6913685798645,4,init_scale
intensity_weighted,full,100,4.0,800,22.05325182638763,0.006232679821550846,0.06312627345323563,0.8983353779263916,22.07792500611361,0.2712793874234496,0.06301825493574142,0.8998721446136904,1000,4000,1048.576,22.07792500611361,35.22307562828064,5,iterations
intensity_weighted,full,100,4.0,1500,23.01308247308817,0.004996797535568476,0.056480567902326584,0.9187763354402133,23.046588457136707,0.2958983929867473,0.0562983900308609,0.9201186324967547,1000,4000,1048.576,23.046588457136707,66.47520065307617,5,iterations
intensity_weighted,full,100,4.0,3000,23.373602179051005,0.004598749801516533,0.0542038232088089,0.9247899986587481,23.39439574673312,0.3006732803297924,0.054101135581731796,0.9258374311948598,1000,4000,1048.576,23.39439574673312,127.94800186157227,5,iterations
